token,campanha,mensagem_id,id_cliente,contato,tipo,canal,link,preparada_em
ajtdvxg4xvfeb2mw,CAMP-NOVOS-2026-09,MSG-V1,C0000500,11997283256,telefone,sms,https://portal.exemplo.com.br/r/ajtdvxg4xvfeb2mw,2026-09-18
yrrt6az562txtstr,CAMP-NOVOS-2026-09,MSG-V1,C0000500,11997283256,telefone,whatsapp,https://portal.exemplo.com.br/r/yrrt6az562txtstr,2026-09-18
o6herpmsbov7yc3c,CAMP-NOVOS-2026-09,MSG-V1,C0000500,11997283256,telefone,rcs,https://portal.exemplo.com.br/r/o6herpmsbov7yc3c,2026-09-18
kjnqq2cpideyfaje,CAMP-NOVOS-2026-09,MSG-V1,C0000500,11969742764,telefone,sms,https://portal.exemplo.com.br/r/kjnqq2cpideyfaje,2026-09-18
7jzuadxav5da6vw5,CAMP-NOVOS-2026-09,MSG-V1,C0000500,11969742764,telefone,whatsapp,https://portal.exemplo.com.br/r/7jzuadxav5da6vw5,2026-09-18
vdjtjx73k5kvwsy6,CAMP-NOVOS-2026-09,MSG-V1,C0000500,11969742764,telefone,rcs,https://portal.exemplo.com.br/r/vdjtjx73k5kvwsy6,2026-09-18
htjwxbobaqzccc45,CAMP-NOVOS-2026-09,MSG-V1,C0000500,11921091349,telefone,sms,https://portal.exemplo.com.br/r/htjwxbobaqzccc45,2026-09-18
jnc273lijp3bobt6,CAMP-NOVOS-2026-09,MSG-V1,C0000500,11921091349,telefone,whatsapp,https://portal.exemplo.com.br/r/jnc273lijp3bobt6,2026-09-18
tv42d2o7if77i7iv,CAMP-NOVOS-2026-09,MSG-V1,C0000500,11921091349,telefone,rcs,https://portal.exemplo.com.br/r/tv42d2o7if77i7iv,2026-09-18
7fh3eam2hvoe52j5,CAMP-NOVOS-2026-09,MSG-V1,C0000500,11978417285,telefone,sms,https://portal.exemplo.com.br/r/7fh3eam2hvoe52j5,2026-09-18
sazyhomwzumxy6l7,CAMP-NOVOS-2026-09,MSG-V1,C0000500,11978417285,telefone,whatsapp,https://portal.exemplo.com.br/r/sazyhomwzumxy6l7,2026-09-18
4s4rykj4kdpeflat,CAMP-NOVOS-2026-09,MSG-V1,C0000500,11978417285,telefone,rcs,https://portal.exemplo.com.br/r/4s4rykj4kdpeflat,2026-09-18
sxes54tugk5bzlrd,CAMP-NOVOS-2026-09,MSG-V1,C0000500,cliente500_0@exemplo.com,email,email,https://portal.exemplo.com.br/r/sxes54tugk5bzlrd,2026-09-18
fr4ylfg42zrk2t7j,CAMP-NOVOS-2026-09,MSG-V1,C0000500,cliente500_1@exemplo.com,email,email,https://portal.exemplo.com.br/r/fr4ylfg42zrk2t7j,2026-09-18
wsvxjl2uz4v5zrou,CAMP-NOVOS-2026-09,MSG-V1,C0000501,11982143514,telefone,sms,https://portal.exemplo.com.br/r/wsvxjl2uz4v5zrou,2026-09-18
lr7o4pffm3tnazus,CAMP-NOVOS-2026-09,MSG-V1,C0000501,11982143514,telefone,whatsapp,https://portal.exemplo.com.br/r/lr7o4pffm3tnazus,2026-09-18
nqxmkohofu4ifmil,CAMP-NOVOS-2026-09,MSG-V1,C0000501,11982143514,telefone,rcs,https://portal.exemplo.com.br/r/nqxmkohofu4ifmil,2026-09-18
lhkk52m6h33igtad,CAMP-NOVOS-2026-09,MSG-V1,C0000501,11912650315,telefone,sms,https://portal.exemplo.com.br/r/lhkk52m6h33igtad,2026-09-18
e3curcfhv4durzfy,CAMP-NOVOS-2026-09,MSG-V1,C0000501,11912650315,telefone,whatsapp,https://portal.exemplo.com.br/r/e3curcfhv4durzfy,2026-09-18
ppmvbsgfwrkmm7xh,CAMP-NOVOS-2026-09,MSG-V1,C0000501,11912650315,telefone,rcs,https://portal.exemplo.com.br/r/ppmvbsgfwrkmm7xh,2026-09-18
phlokku7us3zbo7p,CAMP-NOVOS-2026-09,MSG-V1,C0000501,cliente501_0@exemplo.com,email,email,https://portal.exemplo.com.br/r/phlokku7us3zbo7p,2026-09-18
6igvlcp2xkql72dy,CAMP-NOVOS-2026-09,MSG-V1,C0000501,cliente501_1@exemplo.com,email,email,https://portal.exemplo.com.br/r/6igvlcp2xkql72dy,2026-09-18
ns4ayvdb4yefdr46,CAMP-NOVOS-2026-09,MSG-V1,C0000502,11910714575,telefone,sms,https://portal.exemplo.com.br/r/ns4ayvdb4yefdr46,2026-09-18
xvt3jntq6nznd2ck,CAMP-NOVOS-2026-09,MSG-V1,C0000502,11910714575,telefone,whatsapp,https://portal.exemplo.com.br/r/xvt3jntq6nznd2ck,2026-09-18
5eazp4seg63peh4z,CAMP-NOVOS-2026-09,MSG-V1,C0000502,11910714575,telefone,rcs,https://portal.exemplo.com.br/r/5eazp4seg63peh4z,2026-09-18
rk5cr3o5hcbkqx7q,CAMP-NOVOS-2026-09,MSG-V1,C0000502,cliente502_0@exemplo.com,email,email,https://portal.exemplo.com.br/r/rk5cr3o5hcbkqx7q,2026-09-18
by4fmmelxji4fi63,CAMP-NOVOS-2026-09,MSG-V1,C0000503,11983071775,telefone,sms,https://portal.exemplo.com.br/r/by4fmmelxji4fi63,2026-09-18
jsgxounlfxq5qgdq,CAMP-NOVOS-2026-09,MSG-V1,C0000503,11983071775,telefone,whatsapp,https://portal.exemplo.com.br/r/jsgxounlfxq5qgdq,2026-09-18
u53qzg46exw3lnjl,CAMP-NOVOS-2026-09,MSG-V1,C0000503,11983071775,telefone,rcs,https://portal.exemplo.com.br/r/u53qzg46exw3lnjl,2026-09-18
t6jzjsybzuht3paz,CAMP-NOVOS-2026-09,MSG-V1,C0000503,cliente503_0@exemplo.com,email,email,https://portal.exemplo.com.br/r/t6jzjsybzuht3paz,2026-09-18
736ydlcrayzinbve,CAMP-NOVOS-2026-09,MSG-V1,C0000503,cliente503_1@exemplo.com,email,email,https://portal.exemplo.com.br/r/736ydlcrayzinbve,2026-09-18
fmbbfuziq5uoelj5,CAMP-NOVOS-2026-09,MSG-V1,C0000504,11991359046,telefone,sms,https://portal.exemplo.com.br/r/fmbbfuziq5uoelj5,2026-09-18
hi3uag72xcwszja4,CAMP-NOVOS-2026-09,MSG-V1,C0000504,11991359046,telefone,whatsapp,https://portal.exemplo.com.br/r/hi3uag72xcwszja4,2026-09-18
uevckzg5x3egdapz,CAMP-NOVOS-2026-09,MSG-V1,C0000504,11991359046,telefone,rcs,https://portal.exemplo.com.br/r/uevckzg5x3egdapz,2026-09-18
lzbs6lkcuu2pbfdi,CAMP-NOVOS-2026-09,MSG-V1,C0000504,11923288780,telefone,sms,https://portal.exemplo.com.br/r/lzbs6lkcuu2pbfdi,2026-09-18
6qgbkripaize4coq,CAMP-NOVOS-2026-09,MSG-V1,C0000504,11923288780,telefone,whatsapp,https://portal.exemplo.com.br/r/6qgbkripaize4coq,2026-09-18
gsj5stx7beddgguw,CAMP-NOVOS-2026-09,MSG-V1,C0000504,11923288780,telefone,rcs,https://portal.exemplo.com.br/r/gsj5stx7beddgguw,2026-09-18
3vpcl6oyjkflobox,CAMP-NOVOS-2026-09,MSG-V1,C0000504,11916004304,telefone,sms,https://portal.exemplo.com.br/r/3vpcl6oyjkflobox,2026-09-18
j6bgm6uyweknbwrc,CAMP-NOVOS-2026-09,MSG-V1,C0000504,11916004304,telefone,whatsapp,https://portal.exemplo.com.br/r/j6bgm6uyweknbwrc,2026-09-18
6l4og2v5ll2kfkfl,CAMP-NOVOS-2026-09,MSG-V1,C0000504,11916004304,telefone,rcs,https://portal.exemplo.com.br/r/6l4og2v5ll2kfkfl,2026-09-18
p4ha5xhsnozrexqg,CAMP-NOVOS-2026-09,MSG-V1,C0000504,cliente504_0@exemplo.com,email,email,https://portal.exemplo.com.br/r/p4ha5xhsnozrexqg,2026-09-18
j54fj27mnm747ctp,CAMP-NOVOS-2026-09,MSG-V1,C0000505,11944987131,telefone,sms,https://portal.exemplo.com.br/r/j54fj27mnm747ctp,2026-09-18
b5imr62ucyectg52,CAMP-NOVOS-2026-09,MSG-V1,C0000505,11944987131,telefone,whatsapp,https://portal.exemplo.com.br/r/b5imr62ucyectg52,2026-09-18
5jkdzvksylymibw3,CAMP-NOVOS-2026-09,MSG-V1,C0000505,11944987131,telefone,rcs,https://portal.exemplo.com.br/r/5jkdzvksylymibw3,2026-09-18
xamyyzpepse25uxg,CAMP-NOVOS-2026-09,MSG-V1,C0000505,11963695060,telefone,sms,https://portal.exemplo.com.br/r/xamyyzpepse25uxg,2026-09-18
muqywwexnp3aufvq,CAMP-NOVOS-2026-09,MSG-V1,C0000505,11963695060,telefone,whatsapp,https://portal.exemplo.com.br/r/muqywwexnp3aufvq,2026-09-18
ho3t5xh4zi2gcjox,CAMP-NOVOS-2026-09,MSG-V1,C0000505,11963695060,telefone,rcs,https://portal.exemplo.com.br/r/ho3t5xh4zi2gcjox,2026-09-18
mvv7bztzfauay5b6,CAMP-NOVOS-2026-09,MSG-V1,C0000505,11967088619,telefone,sms,https://portal.exemplo.com.br/r/mvv7bztzfauay5b6,2026-09-18
obvrh5zeuv2hzvya,CAMP-NOVOS-2026-09,MSG-V1,C0000505,11967088619,telefone,whatsapp,https://portal.exemplo.com.br/r/obvrh5zeuv2hzvya,2026-09-18
qkpueqnmods6g4iw,CAMP-NOVOS-2026-09,MSG-V1,C0000505,11967088619,telefone,rcs,https://portal.exemplo.com.br/r/qkpueqnmods6g4iw,2026-09-18
ail5fifa3c7u4nwr,CAMP-NOVOS-2026-09,MSG-V1,C0000505,11929225877,telefone,sms,https://portal.exemplo.com.br/r/ail5fifa3c7u4nwr,2026-09-18
q2u73ljwwwnbuzng,CAMP-NOVOS-2026-09,MSG-V1,C0000505,11929225877,telefone,whatsapp,https://portal.exemplo.com.br/r/q2u73ljwwwnbuzng,2026-09-18
iododrxwyidn2c4c,CAMP-NOVOS-2026-09,MSG-V1,C0000505,11929225877,telefone,rcs,https://portal.exemplo.com.br/r/iododrxwyidn2c4c,2026-09-18
dhto4mkv4d6a7n3w,CAMP-NOVOS-2026-09,MSG-V1,C0000505,cliente505_0@exemplo.com,email,email,https://portal.exemplo.com.br/r/dhto4mkv4d6a7n3w,2026-09-18
3nkttxceuridtu7x,CAMP-NOVOS-2026-09,MSG-V1,C0000505,cliente505_1@exemplo.com,email,email,https://portal.exemplo.com.br/r/3nkttxceuridtu7x,2026-09-18
fcxax7i2d5dysln3,CAMP-NOVOS-2026-09,MSG-V1,C0000506,11960860721,telefone,sms,https://portal.exemplo.com.br/r/fcxax7i2d5dysln3,2026-09-18
cafk2pc46ctihmnu,CAMP-NOVOS-2026-09,MSG-V1,C0000506,11960860721,telefone,whatsapp,https://portal.exemplo.com.br/r/cafk2pc46ctihmnu,2026-09-18
wd6a6jvtgynka5er,CAMP-NOVOS-2026-09,MSG-V1,C0000506,11960860721,telefone,rcs,https://portal.exemplo.com.br/r/wd6a6jvtgynka5er,2026-09-18
5nx7hqrnkdaoq753,CAMP-NOVOS-2026-09,MSG-V1,C0000506,11920405175,telefone,sms,https://portal.exemplo.com.br/r/5nx7hqrnkdaoq753,2026-09-18
hjhv4gjzfb37bjj6,CAMP-NOVOS-2026-09,MSG-V1,C0000506,11920405175,telefone,whatsapp,https://portal.exemplo.com.br/r/hjhv4gjzfb37bjj6,2026-09-18
wwyczernntjisrqi,CAMP-NOVOS-2026-09,MSG-V1,C0000506,11920405175,telefone,rcs,https://portal.exemplo.com.br/r/wwyczernntjisrqi,2026-09-18
b6rfzfbiseo7ovbt,CAMP-NOVOS-2026-09,MSG-V1,C0000506,cliente506_0@exemplo.com,email,email,https://portal.exemplo.com.br/r/b6rfzfbiseo7ovbt,2026-09-18
v5jd4akp7igc2nez,CAMP-NOVOS-2026-09,MSG-V1,C0000506,cliente506_1@exemplo.com,email,email,https://portal.exemplo.com.br/r/v5jd4akp7igc2nez,2026-09-18
4yls3f6omtw3dews,CAMP-NOVOS-2026-09,MSG-V1,C0000507,11960621018,telefone,sms,https://portal.exemplo.com.br/r/4yls3f6omtw3dews,2026-09-18
xxenst5tacskz2fx,CAMP-NOVOS-2026-09,MSG-V1,C0000507,11960621018,telefone,whatsapp,https://portal.exemplo.com.br/r/xxenst5tacskz2fx,2026-09-18
siuu3777pw3thp2f,CAMP-NOVOS-2026-09,MSG-V1,C0000507,11960621018,telefone,rcs,https://portal.exemplo.com.br/r/siuu3777pw3thp2f,2026-09-18
6ont554evu2yklds,CAMP-NOVOS-2026-09,MSG-V1,C0000507,11939826611,telefone,sms,https://portal.exemplo.com.br/r/6ont554evu2yklds,2026-09-18
huqy7dr63u7c375w,CAMP-NOVOS-2026-09,MSG-V1,C0000507,11939826611,telefone,whatsapp,https://portal.exemplo.com.br/r/huqy7dr63u7c375w,2026-09-18
ndnwwtrmaknsltb2,CAMP-NOVOS-2026-09,MSG-V1,C0000507,11939826611,telefone,rcs,https://portal.exemplo.com.br/r/ndnwwtrmaknsltb2,2026-09-18
zs2oq3dx46iz2uqw,CAMP-NOVOS-2026-09,MSG-V1,C0000508,11923296433,telefone,sms,https://portal.exemplo.com.br/r/zs2oq3dx46iz2uqw,2026-09-18
wbubcltyatnigrs7,CAMP-NOVOS-2026-09,MSG-V1,C0000508,11923296433,telefone,whatsapp,https://portal.exemplo.com.br/r/wbubcltyatnigrs7,2026-09-18
drwwqbkvzk2isl6w,CAMP-NOVOS-2026-09,MSG-V1,C0000508,11923296433,telefone,rcs,https://portal.exemplo.com.br/r/drwwqbkvzk2isl6w,2026-09-18
6bl42mm545cxpcfk,CAMP-NOVOS-2026-09,MSG-V1,C0000508,11962286305,telefone,sms,https://portal.exemplo.com.br/r/6bl42mm545cxpcfk,2026-09-18
l5xu6n6qh64pjf4l,CAMP-NOVOS-2026-09,MSG-V1,C0000508,11962286305,telefone,whatsapp,https://portal.exemplo.com.br/r/l5xu6n6qh64pjf4l,2026-09-18
gmudlcf46qhdpsor,CAMP-NOVOS-2026-09,MSG-V1,C0000508,11962286305,telefone,rcs,https://portal.exemplo.com.br/r/gmudlcf46qhdpsor,2026-09-18
b75tdvdu4fdoeyx3,CAMP-NOVOS-2026-09,MSG-V1,C0000508,11981361168,telefone,sms,https://portal.exemplo.com.br/r/b75tdvdu4fdoeyx3,2026-09-18
thkijqqzx7mgugge,CAMP-NOVOS-2026-09,MSG-V1,C0000508,11981361168,telefone,whatsapp,https://portal.exemplo.com.br/r/thkijqqzx7mgugge,2026-09-18
xf2fwtpq4ejiz2gi,CAMP-NOVOS-2026-09,MSG-V1,C0000508,11981361168,telefone,rcs,https://portal.exemplo.com.br/r/xf2fwtpq4ejiz2gi,2026-09-18
x2vz6zbq2u4gmi7p,CAMP-NOVOS-2026-09,MSG-V1,C0000508,cliente508_0@exemplo.com,email,email,https://portal.exemplo.com.br/r/x2vz6zbq2u4gmi7p,2026-09-18
xwy6tb3a4ohqctxe,CAMP-NOVOS-2026-09,MSG-V1,C0000509,11995791097,telefone,sms,https://portal.exemplo.com.br/r/xwy6tb3a4ohqctxe,2026-09-18
d3fbe5gkqrvn5hjn,CAMP-NOVOS-2026-09,MSG-V1,C0000509,11995791097,telefone,whatsapp,https://portal.exemplo.com.br/r/d3fbe5gkqrvn5hjn,2026-09-18
mxw73tl6hc6np6fv,CAMP-NOVOS-2026-09,MSG-V1,C0000509,11995791097,telefone,rcs,https://portal.exemplo.com.br/r/mxw73tl6hc6np6fv,2026-09-18
7tugzcolyzjmhs3g,CAMP-NOVOS-2026-09,MSG-V1,C0000509,11943435196,telefone,sms,https://portal.exemplo.com.br/r/7tugzcolyzjmhs3g,2026-09-18
nqtmvwmn65dnohv5,CAMP-NOVOS-2026-09,MSG-V1,C0000509,11943435196,telefone,whatsapp,https://portal.exemplo.com.br/r/nqtmvwmn65dnohv5,2026-09-18
d7ndipvhclhm422w,CAMP-NOVOS-2026-09,MSG-V1,C0000509,11943435196,telefone,rcs,https://portal.exemplo.com.br/r/d7ndipvhclhm422w,2026-09-18
py2hhjc62y5h7vzu,CAMP-NOVOS-2026-09,MSG-V1,C0000509,11971443076,telefone,sms,https://portal.exemplo.com.br/r/py2hhjc62y5h7vzu,2026-09-18
d3z7nbouwdk24sgt,CAMP-NOVOS-2026-09,MSG-V1,C0000509,11971443076,telefone,whatsapp,https://portal.exemplo.com.br/r/d3z7nbouwdk24sgt,2026-09-18
3ndxdwlighdtqlem,CAMP-NOVOS-2026-09,MSG-V1,C0000509,11971443076,telefone,rcs,https://portal.exemplo.com.br/r/3ndxdwlighdtqlem,2026-09-18
24vqaqgridaurdsr,CAMP-NOVOS-2026-09,MSG-V1,C0000509,cliente509_0@exemplo.com,email,email,https://portal.exemplo.com.br/r/24vqaqgridaurdsr,2026-09-18
s36uynbsq3aerviw,CAMP-NOVOS-2026-09,MSG-V1,C0000510,11951025192,telefone,sms,https://portal.exemplo.com.br/r/s36uynbsq3aerviw,2026-09-18
p5jjckibj3yekivp,CAMP-NOVOS-2026-09,MSG-V1,C0000510,11951025192,telefone,whatsapp,https://portal.exemplo.com.br/r/p5jjckibj3yekivp,2026-09-18
3mdlb577jnfohwxb,CAMP-NOVOS-2026-09,MSG-V1,C0000510,11951025192,telefone,rcs,https://portal.exemplo.com.br/r/3mdlb577jnfohwxb,2026-09-18
zozy56i3pbhoklwk,CAMP-NOVOS-2026-09,MSG-V1,C0000510,11951974837,telefone,sms,https://portal.exemplo.com.br/r/zozy56i3pbhoklwk,2026-09-18
ainuonbdljhpbgna,CAMP-NOVOS-2026-09,MSG-V1,C0000510,11951974837,telefone,whatsapp,https://portal.exemplo.com.br/r/ainuonbdljhpbgna,2026-09-18
scmmrdbplhuclxgi,CAMP-NOVOS-2026-09,MSG-V1,C0000510,11951974837,telefone,rcs,https://portal.exemplo.com.br/r/scmmrdbplhuclxgi,2026-09-18
3mht5p2hrdefruzw,CAMP-NOVOS-2026-09,MSG-V1,C0000510,11920293588,telefone,sms,https://portal.exemplo.com.br/r/3mht5p2hrdefruzw,2026-09-18
ipndkv6x2vfac7fp,CAMP-NOVOS-2026-09,MSG-V1,C0000510,11920293588,telefone,whatsapp,https://portal.exemplo.com.br/r/ipndkv6x2vfac7fp,2026-09-18
q4revdaf3nfb4yna,CAMP-NOVOS-2026-09,MSG-V1,C0000510,11920293588,telefone,rcs,https://portal.exemplo.com.br/r/q4revdaf3nfb4yna,2026-09-18
i3d3xhbhr25luwwn,CAMP-NOVOS-2026-09,MSG-V1,C0000511,11974378331,telefone,sms,https://portal.exemplo.com.br/r/i3d3xhbhr25luwwn,2026-09-18
vdsdoe2jun6m2jdy,CAMP-NOVOS-2026-09,MSG-V1,C0000511,11974378331,telefone,whatsapp,https://portal.exemplo.com.br/r/vdsdoe2jun6m2jdy,2026-09-18
psaarrfbbq4akvdp,CAMP-NOVOS-2026-09,MSG-V1,C0000511,11974378331,telefone,rcs,https://portal.exemplo.com.br/r/psaarrfbbq4akvdp,2026-09-18
duuczzvu3cku33qx,CAMP-NOVOS-2026-09,MSG-V1,C0000511,11981458772,telefone,sms,https://portal.exemplo.com.br/r/duuczzvu3cku33qx,2026-09-18
mv5s2qwcsclelnjb,CAMP-NOVOS-2026-09,MSG-V1,C0000511,11981458772,telefone,whatsapp,https://portal.exemplo.com.br/r/mv5s2qwcsclelnjb,2026-09-18
55fw4zniz7f4divi,CAMP-NOVOS-2026-09,MSG-V1,C0000511,11981458772,telefone,rcs,https://portal.exemplo.com.br/r/55fw4zniz7f4divi,2026-09-18
2dxjwtim442ljyqi,CAMP-NOVOS-2026-09,MSG-V1,C0000511,11964421457,telefone,sms,https://portal.exemplo.com.br/r/2dxjwtim442ljyqi,2026-09-18
p6bssd2pi2fmprgg,CAMP-NOVOS-2026-09,MSG-V1,C0000511,11964421457,telefone,whatsapp,https://portal.exemplo.com.br/r/p6bssd2pi2fmprgg,2026-09-18
mddnm3cgtfmi44be,CAMP-NOVOS-2026-09,MSG-V1,C0000511,11964421457,telefone,rcs,https://portal.exemplo.com.br/r/mddnm3cgtfmi44be,2026-09-18
h5oxvvy3wcv3bf4g,CAMP-NOVOS-2026-09,MSG-V1,C0000511,11910978481,telefone,sms,https://portal.exemplo.com.br/r/h5oxvvy3wcv3bf4g,2026-09-18
itaabb5e4kq2y5os,CAMP-NOVOS-2026-09,MSG-V1,C0000511,11910978481,telefone,whatsapp,https://portal.exemplo.com.br/r/itaabb5e4kq2y5os,2026-09-18
tmdoyxjholhz6fv3,CAMP-NOVOS-2026-09,MSG-V1,C0000511,11910978481,telefone,rcs,https://portal.exemplo.com.br/r/tmdoyxjholhz6fv3,2026-09-18
dup7ilzv3du6k6ao,CAMP-NOVOS-2026-09,MSG-V1,C0000511,cliente511_0@exemplo.com,email,email,https://portal.exemplo.com.br/r/dup7ilzv3du6k6ao,2026-09-18
cmwdf4wtkblbpp4d,CAMP-NOVOS-2026-09,MSG-V1,C0000511,cliente511_1@exemplo.com,email,email,https://portal.exemplo.com.br/r/cmwdf4wtkblbpp4d,2026-09-18
oybwcifluf4yao7c,CAMP-NOVOS-2026-09,MSG-V1,C0000512,11980265183,telefone,sms,https://portal.exemplo.com.br/r/oybwcifluf4yao7c,2026-09-18
6g5txg2shmizlimb,CAMP-NOVOS-2026-09,MSG-V1,C0000512,11980265183,telefone,whatsapp,https://portal.exemplo.com.br/r/6g5txg2shmizlimb,2026-09-18
rwigazvcwyxfsxlq,CAMP-NOVOS-2026-09,MSG-V1,C0000512,11980265183,telefone,rcs,https://portal.exemplo.com.br/r/rwigazvcwyxfsxlq,2026-09-18
6n5f2wviv37lzkpv,CAMP-NOVOS-2026-09,MSG-V1,C0000512,11959264742,telefone,sms,https://portal.exemplo.com.br/r/6n5f2wviv37lzkpv,2026-09-18
2e7goy57jee3af32,CAMP-NOVOS-2026-09,MSG-V1,C0000512,11959264742,telefone,whatsapp,https://portal.exemplo.com.br/r/2e7goy57jee3af32,2026-09-18
lwrarpd6kciee5zz,CAMP-NOVOS-2026-09,MSG-V1,C0000512,11959264742,telefone,rcs,https://portal.exemplo.com.br/r/lwrarpd6kciee5zz,2026-09-18
mgbmxbpjnk46qg7k,CAMP-NOVOS-2026-09,MSG-V1,C0000512,11916832563,telefone,sms,https://portal.exemplo.com.br/r/mgbmxbpjnk46qg7k,2026-09-18
xg6ami6sdtm3ujjg,CAMP-NOVOS-2026-09,MSG-V1,C0000512,11916832563,telefone,whatsapp,https://portal.exemplo.com.br/r/xg6ami6sdtm3ujjg,2026-09-18
gspflim6kx2j7b4f,CAMP-NOVOS-2026-09,MSG-V1,C0000512,11916832563,telefone,rcs,https://portal.exemplo.com.br/r/gspflim6kx2j7b4f,2026-09-18
wizkqmzvniougttj,CAMP-NOVOS-2026-09,MSG-V1,C0000512,11960101289,telefone,sms,https://portal.exemplo.com.br/r/wizkqmzvniougttj,2026-09-18
mwvduvfshuqj2pek,CAMP-NOVOS-2026-09,MSG-V1,C0000512,11960101289,telefone,whatsapp,https://portal.exemplo.com.br/r/mwvduvfshuqj2pek,2026-09-18
ee4w72ea2hj3mnzj,CAMP-NOVOS-2026-09,MSG-V1,C0000512,11960101289,telefone,rcs,https://portal.exemplo.com.br/r/ee4w72ea2hj3mnzj,2026-09-18
nkblwkvld35hqn57,CAMP-NOVOS-2026-09,MSG-V1,C0000512,cliente512_0@exemplo.com,email,email,https://portal.exemplo.com.br/r/nkblwkvld35hqn57,2026-09-18
y766sdoegi7peyj2,CAMP-NOVOS-2026-09,MSG-V1,C0000512,cliente512_1@exemplo.com,email,email,https://portal.exemplo.com.br/r/y766sdoegi7peyj2,2026-09-18
yxctsbzm5qhvnosf,CAMP-NOVOS-2026-09,MSG-V1,C0000513,11996298460,telefone,sms,https://portal.exemplo.com.br/r/yxctsbzm5qhvnosf,2026-09-18
7j4eqhpd632msnec,CAMP-NOVOS-2026-09,MSG-V1,C0000513,11996298460,telefone,whatsapp,https://portal.exemplo.com.br/r/7j4eqhpd632msnec,2026-09-18
fxcmohhi3ey2ih3d,CAMP-NOVOS-2026-09,MSG-V1,C0000513,11996298460,telefone,rcs,https://portal.exemplo.com.br/r/fxcmohhi3ey2ih3d,2026-09-18
ljduisssmhcx3arj,CAMP-NOVOS-2026-09,MSG-V1,C0000513,11972150455,telefone,sms,https://portal.exemplo.com.br/r/ljduisssmhcx3arj,2026-09-18
zn4ksvrn5dremnva,CAMP-NOVOS-2026-09,MSG-V1,C0000513,11972150455,telefone,whatsapp,https://portal.exemplo.com.br/r/zn4ksvrn5dremnva,2026-09-18
i2cnofdscltrtp4g,CAMP-NOVOS-2026-09,MSG-V1,C0000513,11972150455,telefone,rcs,https://portal.exemplo.com.br/r/i2cnofdscltrtp4g,2026-09-18
im32ptmnfnqeat3q,CAMP-NOVOS-2026-09,MSG-V1,C0000513,11917717080,telefone,sms,https://portal.exemplo.com.br/r/im32ptmnfnqeat3q,2026-09-18
2vfat6fez527dogi,CAMP-NOVOS-2026-09,MSG-V1,C0000513,11917717080,telefone,whatsapp,https://portal.exemplo.com.br/r/2vfat6fez527dogi,2026-09-18
e7uvzccahg33hogb,CAMP-NOVOS-2026-09,MSG-V1,C0000513,11917717080,telefone,rcs,https://portal.exemplo.com.br/r/e7uvzccahg33hogb,2026-09-18
nkmzbhsk4kswluwi,CAMP-NOVOS-2026-09,MSG-V1,C0000513,11992615071,telefone,sms,https://portal.exemplo.com.br/r/nkmzbhsk4kswluwi,2026-09-18
caxfezt4srhdc5xg,CAMP-NOVOS-2026-09,MSG-V1,C0000513,11992615071,telefone,whatsapp,https://portal.exemplo.com.br/r/caxfezt4srhdc5xg,2026-09-18
ciuo4e2zi6v6idp2,CAMP-NOVOS-2026-09,MSG-V1,C0000513,11992615071,telefone,rcs,https://portal.exemplo.com.br/r/ciuo4e2zi6v6idp2,2026-09-18
qf7pat6apifzfiof,CAMP-NOVOS-2026-09,MSG-V1,C0000514,11965125778,telefone,sms,https://portal.exemplo.com.br/r/qf7pat6apifzfiof,2026-09-18
zrvyxlf4ly4tauqk,CAMP-NOVOS-2026-09,MSG-V1,C0000514,11965125778,telefone,whatsapp,https://portal.exemplo.com.br/r/zrvyxlf4ly4tauqk,2026-09-18
kezfn3caecwl6ut3,CAMP-NOVOS-2026-09,MSG-V1,C0000514,11965125778,telefone,rcs,https://portal.exemplo.com.br/r/kezfn3caecwl6ut3,2026-09-18
zom7npzsasgpnfjt,CAMP-NOVOS-2026-09,MSG-V1,C0000514,cliente514_0@exemplo.com,email,email,https://portal.exemplo.com.br/r/zom7npzsasgpnfjt,2026-09-18
rb4bozrngzwns5na,CAMP-NOVOS-2026-09,MSG-V1,C0000515,11998084362,telefone,sms,https://portal.exemplo.com.br/r/rb4bozrngzwns5na,2026-09-18
nk6r6fizatvwyk7w,CAMP-NOVOS-2026-09,MSG-V1,C0000515,11998084362,telefone,whatsapp,https://portal.exemplo.com.br/r/nk6r6fizatvwyk7w,2026-09-18
7bkmnwb2pppdjctt,CAMP-NOVOS-2026-09,MSG-V1,C0000515,11998084362,telefone,rcs,https://portal.exemplo.com.br/r/7bkmnwb2pppdjctt,2026-09-18
h57wkdkzfiy56csd,CAMP-NOVOS-2026-09,MSG-V1,C0000515,11957477880,telefone,sms,https://portal.exemplo.com.br/r/h57wkdkzfiy56csd,2026-09-18
rap57efcpisprns3,CAMP-NOVOS-2026-09,MSG-V1,C0000515,11957477880,telefone,whatsapp,https://portal.exemplo.com.br/r/rap57efcpisprns3,2026-09-18
u6m3xclr7brwcvmi,CAMP-NOVOS-2026-09,MSG-V1,C0000515,11957477880,telefone,rcs,https://portal.exemplo.com.br/r/u6m3xclr7brwcvmi,2026-09-18
l2lqglj6n4zbsazg,CAMP-NOVOS-2026-09,MSG-V1,C0000515,11910779834,telefone,sms,https://portal.exemplo.com.br/r/l2lqglj6n4zbsazg,2026-09-18
r4p2b635d7r3flnf,CAMP-NOVOS-2026-09,MSG-V1,C0000515,11910779834,telefone,whatsapp,https://portal.exemplo.com.br/r/r4p2b635d7r3flnf,2026-09-18
pwcwrpvxjicsi4vt,CAMP-NOVOS-2026-09,MSG-V1,C0000515,11910779834,telefone,rcs,https://portal.exemplo.com.br/r/pwcwrpvxjicsi4vt,2026-09-18
dx3ewy472fe7e4kb,CAMP-NOVOS-2026-09,MSG-V1,C0000516,11999287389,telefone,sms,https://portal.exemplo.com.br/r/dx3ewy472fe7e4kb,2026-09-18
wv77udi5imqll46w,CAMP-NOVOS-2026-09,MSG-V1,C0000516,11999287389,telefone,whatsapp,https://portal.exemplo.com.br/r/wv77udi5imqll46w,2026-09-18
odxqfvxjya2z7cat,CAMP-NOVOS-2026-09,MSG-V1,C0000516,11999287389,telefone,rcs,https://portal.exemplo.com.br/r/odxqfvxjya2z7cat,2026-09-18
yoqrwo3pk4krlyed,CAMP-NOVOS-2026-09,MSG-V1,C0000516,11975641573,telefone,sms,https://portal.exemplo.com.br/r/yoqrwo3pk4krlyed,2026-09-18
vwdg6kqavi4ldess,CAMP-NOVOS-2026-09,MSG-V1,C0000516,11975641573,telefone,whatsapp,https://portal.exemplo.com.br/r/vwdg6kqavi4ldess,2026-09-18
4dvu5dn34ihuno5g,CAMP-NOVOS-2026-09,MSG-V1,C0000516,11975641573,telefone,rcs,https://portal.exemplo.com.br/r/4dvu5dn34ihuno5g,2026-09-18
v2oah4nk5g35bl7i,CAMP-NOVOS-2026-09,MSG-V1,C0000516,cliente516_0@exemplo.com,email,email,https://portal.exemplo.com.br/r/v2oah4nk5g35bl7i,2026-09-18
arqk2tpxgofbk52j,CAMP-NOVOS-2026-09,MSG-V1,C0000516,cliente516_1@exemplo.com,email,email,https://portal.exemplo.com.br/r/arqk2tpxgofbk52j,2026-09-18
qrkaxbdmnahhbtk2,CAMP-NOVOS-2026-09,MSG-V1,C0000517,11930876492,telefone,sms,https://portal.exemplo.com.br/r/qrkaxbdmnahhbtk2,2026-09-18
zr5utbvffrjzizeh,CAMP-NOVOS-2026-09,MSG-V1,C0000517,11930876492,telefone,whatsapp,https://portal.exemplo.com.br/r/zr5utbvffrjzizeh,2026-09-18
k5r2fckzongfvdrw,CAMP-NOVOS-2026-09,MSG-V1,C0000517,11930876492,telefone,rcs,https://portal.exemplo.com.br/r/k5r2fckzongfvdrw,2026-09-18
4pzfaazhy4zakzzh,CAMP-NOVOS-2026-09,MSG-V1,C0000518,11975220319,telefone,sms,https://portal.exemplo.com.br/r/4pzfaazhy4zakzzh,2026-09-18
woz7hxakl3yswdgp,CAMP-NOVOS-2026-09,MSG-V1,C0000518,11975220319,telefone,whatsapp,https://portal.exemplo.com.br/r/woz7hxakl3yswdgp,2026-09-18
wxe5xgv3r74jjfuc,CAMP-NOVOS-2026-09,MSG-V1,C0000518,11975220319,telefone,rcs,https://portal.exemplo.com.br/r/wxe5xgv3r74jjfuc,2026-09-18
cx7hxzlhbestegir,CAMP-NOVOS-2026-09,MSG-V1,C0000518,11992894635,telefone,sms,https://portal.exemplo.com.br/r/cx7hxzlhbestegir,2026-09-18
nh7lwcuo3sjpklfm,CAMP-NOVOS-2026-09,MSG-V1,C0000518,11992894635,telefone,whatsapp,https://portal.exemplo.com.br/r/nh7lwcuo3sjpklfm,2026-09-18
tldfzg3l4rhlubg5,CAMP-NOVOS-2026-09,MSG-V1,C0000518,11992894635,telefone,rcs,https://portal.exemplo.com.br/r/tldfzg3l4rhlubg5,2026-09-18
ihbss66cka6q5dya,CAMP-NOVOS-2026-09,MSG-V1,C0000518,11943482865,telefone,sms,https://portal.exemplo.com.br/r/ihbss66cka6q5dya,2026-09-18
s6brdnelbt4peb2e,CAMP-NOVOS-2026-09,MSG-V1,C0000518,11943482865,telefone,whatsapp,https://portal.exemplo.com.br/r/s6brdnelbt4peb2e,2026-09-18
dmkt32dcvctaft2h,CAMP-NOVOS-2026-09,MSG-V1,C0000518,11943482865,telefone,rcs,https://portal.exemplo.com.br/r/dmkt32dcvctaft2h,2026-09-18
7nvx2r6hpcxeqv4a,CAMP-NOVOS-2026-09,MSG-V1,C0000518,11925437721,telefone,sms,https://portal.exemplo.com.br/r/7nvx2r6hpcxeqv4a,2026-09-18
rho62lqzbx5zewja,CAMP-NOVOS-2026-09,MSG-V1,C0000518,11925437721,telefone,whatsapp,https://portal.exemplo.com.br/r/rho62lqzbx5zewja,2026-09-18
i7g6t37z4smjeis3,CAMP-NOVOS-2026-09,MSG-V1,C0000518,11925437721,telefone,rcs,https://portal.exemplo.com.br/r/i7g6t37z4smjeis3,2026-09-18
hccy3k6jvx2bw6id,CAMP-NOVOS-2026-09,MSG-V1,C0000519,11940787425,telefone,sms,https://portal.exemplo.com.br/r/hccy3k6jvx2bw6id,2026-09-18
gtzx6eovcvsdfhu5,CAMP-NOVOS-2026-09,MSG-V1,C0000519,11940787425,telefone,whatsapp,https://portal.exemplo.com.br/r/gtzx6eovcvsdfhu5,2026-09-18
hipeaucjomj2q6sa,CAMP-NOVOS-2026-09,MSG-V1,C0000519,11940787425,telefone,rcs,https://portal.exemplo.com.br/r/hipeaucjomj2q6sa,2026-09-18
wrnbx3dc2euczodb,CAMP-NOVOS-2026-09,MSG-V1,C0000519,11963859314,telefone,sms,https://portal.exemplo.com.br/r/wrnbx3dc2euczodb,2026-09-18
ddk3igncsnvdmsv4,CAMP-NOVOS-2026-09,MSG-V1,C0000519,11963859314,telefone,whatsapp,https://portal.exemplo.com.br/r/ddk3igncsnvdmsv4,2026-09-18
lsmbtjgipdljgxek,CAMP-NOVOS-2026-09,MSG-V1,C0000519,11963859314,telefone,rcs,https://portal.exemplo.com.br/r/lsmbtjgipdljgxek,2026-09-18
xa3oow5mv4b74ssw,CAMP-NOVOS-2026-09,MSG-V1,C0000520,11974316496,telefone,sms,https://portal.exemplo.com.br/r/xa3oow5mv4b74ssw,2026-09-18
swrbb6idktjymsxb,CAMP-NOVOS-2026-09,MSG-V1,C0000520,11974316496,telefone,whatsapp,https://portal.exemplo.com.br/r/swrbb6idktjymsxb,2026-09-18
jxe2cevdbutjmnxd,CAMP-NOVOS-2026-09,MSG-V1,C0000520,11974316496,telefone,rcs,https://portal.exemplo.com.br/r/jxe2cevdbutjmnxd,2026-09-18
nr4zigeswxb4iy47,CAMP-NOVOS-2026-09,MSG-V1,C0000520,11916933082,telefone,sms,https://portal.exemplo.com.br/r/nr4zigeswxb4iy47,2026-09-18
ekpocamn22qgiz7z,CAMP-NOVOS-2026-09,MSG-V1,C0000520,11916933082,telefone,whatsapp,https://portal.exemplo.com.br/r/ekpocamn22qgiz7z,2026-09-18
imdmugo5kuwpyiwy,CAMP-NOVOS-2026-09,MSG-V1,C0000520,11916933082,telefone,rcs,https://portal.exemplo.com.br/r/imdmugo5kuwpyiwy,2026-09-18
hxof4x64hmn4tidf,CAMP-NOVOS-2026-09,MSG-V1,C0000520,cliente520_0@exemplo.com,email,email,https://portal.exemplo.com.br/r/hxof4x64hmn4tidf,2026-09-18
3gtpe2pbmkj5l5kz,CAMP-NOVOS-2026-09,MSG-V1,C0000521,11947602351,telefone,sms,https://portal.exemplo.com.br/r/3gtpe2pbmkj5l5kz,2026-09-18
ogefsqxhwf66nhzt,CAMP-NOVOS-2026-09,MSG-V1,C0000521,11947602351,telefone,whatsapp,https://portal.exemplo.com.br/r/ogefsqxhwf66nhzt,2026-09-18
yfn6igmmx6q3ofm6,CAMP-NOVOS-2026-09,MSG-V1,C0000521,11947602351,telefone,rcs,https://portal.exemplo.com.br/r/yfn6igmmx6q3ofm6,2026-09-18
ftukshkqcpt4qmfl,CAMP-NOVOS-2026-09,MSG-V1,C0000521,11934808805,telefone,sms,https://portal.exemplo.com.br/r/ftukshkqcpt4qmfl,2026-09-18
75h5gtdfdsnz7fyi,CAMP-NOVOS-2026-09,MSG-V1,C0000521,11934808805,telefone,whatsapp,https://portal.exemplo.com.br/r/75h5gtdfdsnz7fyi,2026-09-18
kgyfsr5xrezotwey,CAMP-NOVOS-2026-09,MSG-V1,C0000521,11934808805,telefone,rcs,https://portal.exemplo.com.br/r/kgyfsr5xrezotwey,2026-09-18
lsy2fwhakm5wso2l,CAMP-NOVOS-2026-09,MSG-V1,C0000521,11975939337,telefone,sms,https://portal.exemplo.com.br/r/lsy2fwhakm5wso2l,2026-09-18
qw7cp5keqlznl7lh,CAMP-NOVOS-2026-09,MSG-V1,C0000521,11975939337,telefone,whatsapp,https://portal.exemplo.com.br/r/qw7cp5keqlznl7lh,2026-09-18
o26zlbpbs4ew5ncl,CAMP-NOVOS-2026-09,MSG-V1,C0000521,11975939337,telefone,rcs,https://portal.exemplo.com.br/r/o26zlbpbs4ew5ncl,2026-09-18
i47t6dtyj3nmqz5c,CAMP-NOVOS-2026-09,MSG-V1,C0000522,11938190192,telefone,sms,https://portal.exemplo.com.br/r/i47t6dtyj3nmqz5c,2026-09-18
sa7uvljqwx23hvzo,CAMP-NOVOS-2026-09,MSG-V1,C0000522,11938190192,telefone,whatsapp,https://portal.exemplo.com.br/r/sa7uvljqwx23hvzo,2026-09-18
4cymifgatasrl3rp,CAMP-NOVOS-2026-09,MSG-V1,C0000522,11938190192,telefone,rcs,https://portal.exemplo.com.br/r/4cymifgatasrl3rp,2026-09-18
rqy7qgvm3i7kwxun,CAMP-NOVOS-2026-09,MSG-V1,C0000522,11924276138,telefone,sms,https://portal.exemplo.com.br/r/rqy7qgvm3i7kwxun,2026-09-18
zdlncs662o5rs3qb,CAMP-NOVOS-2026-09,MSG-V1,C0000522,11924276138,telefone,whatsapp,https://portal.exemplo.com.br/r/zdlncs662o5rs3qb,2026-09-18
egssxrpagc7buv7s,CAMP-NOVOS-2026-09,MSG-V1,C0000522,11924276138,telefone,rcs,https://portal.exemplo.com.br/r/egssxrpagc7buv7s,2026-09-18
yjqahnfczgwsreay,CAMP-NOVOS-2026-09,MSG-V1,C0000522,11990776943,telefone,sms,https://portal.exemplo.com.br/r/yjqahnfczgwsreay,2026-09-18
li5dep4gtb5kqmyo,CAMP-NOVOS-2026-09,MSG-V1,C0000522,11990776943,telefone,whatsapp,https://portal.exemplo.com.br/r/li5dep4gtb5kqmyo,2026-09-18
v5hulbp3iax4hag7,CAMP-NOVOS-2026-09,MSG-V1,C0000522,11990776943,telefone,rcs,https://portal.exemplo.com.br/r/v5hulbp3iax4hag7,2026-09-18
654zwqhmkrk6e35f,CAMP-NOVOS-2026-09,MSG-V1,C0000522,cliente522_0@exemplo.com,email,email,https://portal.exemplo.com.br/r/654zwqhmkrk6e35f,2026-09-18
a4paabieywroratn,CAMP-NOVOS-2026-09,MSG-V1,C0000522,cliente522_1@exemplo.com,email,email,https://portal.exemplo.com.br/r/a4paabieywroratn,2026-09-18
phewvcudqpe2kllz,CAMP-NOVOS-2026-09,MSG-V1,C0000523,11915880227,telefone,sms,https://portal.exemplo.com.br/r/phewvcudqpe2kllz,2026-09-18
ewbh4pdbxkjx7i72,CAMP-NOVOS-2026-09,MSG-V1,C0000523,11915880227,telefone,whatsapp,https://portal.exemplo.com.br/r/ewbh4pdbxkjx7i72,2026-09-18
pk2t6tbk55cxvhe5,CAMP-NOVOS-2026-09,MSG-V1,C0000523,11915880227,telefone,rcs,https://portal.exemplo.com.br/r/pk2t6tbk55cxvhe5,2026-09-18
rkvrqsq64izvdkbv,CAMP-NOVOS-2026-09,MSG-V1,C0000523,11966131539,telefone,sms,https://portal.exemplo.com.br/r/rkvrqsq64izvdkbv,2026-09-18
xz57ifme3eehyknx,CAMP-NOVOS-2026-09,MSG-V1,C0000523,11966131539,telefone,whatsapp,https://portal.exemplo.com.br/r/xz57ifme3eehyknx,2026-09-18
ny77ufunbnaodyqc,CAMP-NOVOS-2026-09,MSG-V1,C0000523,11966131539,telefone,rcs,https://portal.exemplo.com.br/r/ny77ufunbnaodyqc,2026-09-18
hzd74ua67zgviecp,CAMP-NOVOS-2026-09,MSG-V1,C0000523,cliente523_0@exemplo.com,email,email,https://portal.exemplo.com.br/r/hzd74ua67zgviecp,2026-09-18
23tdgwp23ay2evip,CAMP-NOVOS-2026-09,MSG-V1,C0000523,cliente523_1@exemplo.com,email,email,https://portal.exemplo.com.br/r/23tdgwp23ay2evip,2026-09-18
7tuhrkyvjx5oebqq,CAMP-NOVOS-2026-09,MSG-V1,C0000524,11927305260,telefone,sms,https://portal.exemplo.com.br/r/7tuhrkyvjx5oebqq,2026-09-18
ekzv2vpkh3ab5inw,CAMP-NOVOS-2026-09,MSG-V1,C0000524,11927305260,telefone,whatsapp,https://portal.exemplo.com.br/r/ekzv2vpkh3ab5inw,2026-09-18
jvdxwqvulb3w4bvx,CAMP-NOVOS-2026-09,MSG-V1,C0000524,11927305260,telefone,rcs,https://portal.exemplo.com.br/r/jvdxwqvulb3w4bvx,2026-09-18
nxxdqckjnholcmxf,CAMP-NOVOS-2026-09,MSG-V1,C0000524,cliente524_0@exemplo.com,email,email,https://portal.exemplo.com.br/r/nxxdqckjnholcmxf,2026-09-18
oxvhinwcpj3n5oa3,CAMP-NOVOS-2026-09,MSG-V1,C0000524,cliente524_1@exemplo.com,email,email,https://portal.exemplo.com.br/r/oxvhinwcpj3n5oa3,2026-09-18
qhzay3ecrciskyoa,CAMP-NOVOS-2026-09,MSG-V1,C0000525,11985497282,telefone,sms,https://portal.exemplo.com.br/r/qhzay3ecrciskyoa,2026-09-18
mlbubllxtej5rufz,CAMP-NOVOS-2026-09,MSG-V1,C0000525,11985497282,telefone,whatsapp,https://portal.exemplo.com.br/r/mlbubllxtej5rufz,2026-09-18
55uoyjaurxa43tqj,CAMP-NOVOS-2026-09,MSG-V1,C0000525,11985497282,telefone,rcs,https://portal.exemplo.com.br/r/55uoyjaurxa43tqj,2026-09-18
fme75wfi6wobf6pp,CAMP-NOVOS-2026-09,MSG-V1,C0000525,11946439333,telefone,sms,https://portal.exemplo.com.br/r/fme75wfi6wobf6pp,2026-09-18
ekbumcgv3jegm2wv,CAMP-NOVOS-2026-09,MSG-V1,C0000525,11946439333,telefone,whatsapp,https://portal.exemplo.com.br/r/ekbumcgv3jegm2wv,2026-09-18
sqznwajzljsdg6p2,CAMP-NOVOS-2026-09,MSG-V1,C0000525,11946439333,telefone,rcs,https://portal.exemplo.com.br/r/sqznwajzljsdg6p2,2026-09-18
cg4s4ckbkypk75ry,CAMP-NOVOS-2026-09,MSG-V1,C0000525,11986758847,telefone,sms,https://portal.exemplo.com.br/r/cg4s4ckbkypk75ry,2026-09-18
o5pjvfqb5op3hgas,CAMP-NOVOS-2026-09,MSG-V1,C0000525,11986758847,telefone,whatsapp,https://portal.exemplo.com.br/r/o5pjvfqb5op3hgas,2026-09-18
xyw4ryqz2zieh5oo,CAMP-NOVOS-2026-09,MSG-V1,C0000525,11986758847,telefone,rcs,https://portal.exemplo.com.br/r/xyw4ryqz2zieh5oo,2026-09-18
v6lkutzszcgfzaty,CAMP-NOVOS-2026-09,MSG-V1,C0000525,11978826270,telefone,sms,https://portal.exemplo.com.br/r/v6lkutzszcgfzaty,2026-09-18
bkt5hw4kj5dqyyaf,CAMP-NOVOS-2026-09,MSG-V1,C0000525,11978826270,telefone,whatsapp,https://portal.exemplo.com.br/r/bkt5hw4kj5dqyyaf,2026-09-18
hlpxu57kmk4mybsx,CAMP-NOVOS-2026-09,MSG-V1,C0000525,11978826270,telefone,rcs,https://portal.exemplo.com.br/r/hlpxu57kmk4mybsx,2026-09-18
zvkpm5ug6xclwtpg,CAMP-NOVOS-2026-09,MSG-V1,C0000525,cliente525_0@exemplo.com,email,email,https://portal.exemplo.com.br/r/zvkpm5ug6xclwtpg,2026-09-18
svgt2rfsyidw6kne,CAMP-NOVOS-2026-09,MSG-V1,C0000525,cliente525_1@exemplo.com,email,email,https://portal.exemplo.com.br/r/svgt2rfsyidw6kne,2026-09-18
sop7wsg4fod23kdi,CAMP-NOVOS-2026-09,MSG-V1,C0000526,11947279846,telefone,sms,https://portal.exemplo.com.br/r/sop7wsg4fod23kdi,2026-09-18
yw5ccy6qymakmrli,CAMP-NOVOS-2026-09,MSG-V1,C0000526,11947279846,telefone,whatsapp,https://portal.exemplo.com.br/r/yw5ccy6qymakmrli,2026-09-18
dq5nozx4gjinvrls,CAMP-NOVOS-2026-09,MSG-V1,C0000526,11947279846,telefone,rcs,https://portal.exemplo.com.br/r/dq5nozx4gjinvrls,2026-09-18
sxd7fyuxxp5ozvkq,CAMP-NOVOS-2026-09,MSG-V1,C0000526,11946297151,telefone,sms,https://portal.exemplo.com.br/r/sxd7fyuxxp5ozvkq,2026-09-18
jwa5cqq5m6bm66qn,CAMP-NOVOS-2026-09,MSG-V1,C0000526,11946297151,telefone,whatsapp,https://portal.exemplo.com.br/r/jwa5cqq5m6bm66qn,2026-09-18
3y3zn255orpah5mi,CAMP-NOVOS-2026-09,MSG-V1,C0000526,11946297151,telefone,rcs,https://portal.exemplo.com.br/r/3y3zn255orpah5mi,2026-09-18
p447cb2gca6yej3e,CAMP-NOVOS-2026-09,MSG-V1,C0000526,11943421297,telefone,sms,https://portal.exemplo.com.br/r/p447cb2gca6yej3e,2026-09-18
sm6yjoly7mr7ngf2,CAMP-NOVOS-2026-09,MSG-V1,C0000526,11943421297,telefone,whatsapp,https://portal.exemplo.com.br/r/sm6yjoly7mr7ngf2,2026-09-18
shwiizdosghhe6hh,CAMP-NOVOS-2026-09,MSG-V1,C0000526,11943421297,telefone,rcs,https://portal.exemplo.com.br/r/shwiizdosghhe6hh,2026-09-18
dv67qf6qdszbg7sy,CAMP-NOVOS-2026-09,MSG-V1,C0000527,11992071729,telefone,sms,https://portal.exemplo.com.br/r/dv67qf6qdszbg7sy,2026-09-18
qgdkprvasuw2reki,CAMP-NOVOS-2026-09,MSG-V1,C0000527,11992071729,telefone,whatsapp,https://portal.exemplo.com.br/r/qgdkprvasuw2reki,2026-09-18
gan3kinnagklgbbp,CAMP-NOVOS-2026-09,MSG-V1,C0000527,11992071729,telefone,rcs,https://portal.exemplo.com.br/r/gan3kinnagklgbbp,2026-09-18
e5b6gjgl74iyz5zd,CAMP-NOVOS-2026-09,MSG-V1,C0000527,11994014298,telefone,sms,https://portal.exemplo.com.br/r/e5b6gjgl74iyz5zd,2026-09-18
ibtk34dg5m5leclg,CAMP-NOVOS-2026-09,MSG-V1,C0000527,11994014298,telefone,whatsapp,https://portal.exemplo.com.br/r/ibtk34dg5m5leclg,2026-09-18
5iquz6sheagbgq55,CAMP-NOVOS-2026-09,MSG-V1,C0000527,11994014298,telefone,rcs,https://portal.exemplo.com.br/r/5iquz6sheagbgq55,2026-09-18
35ycb64v42bur3jf,CAMP-NOVOS-2026-09,MSG-V1,C0000527,11957712141,telefone,sms,https://portal.exemplo.com.br/r/35ycb64v42bur3jf,2026-09-18
ztldt2f5obiawqcb,CAMP-NOVOS-2026-09,MSG-V1,C0000527,11957712141,telefone,whatsapp,https://portal.exemplo.com.br/r/ztldt2f5obiawqcb,2026-09-18
hifh2xsytoxd2chw,CAMP-NOVOS-2026-09,MSG-V1,C0000527,11957712141,telefone,rcs,https://portal.exemplo.com.br/r/hifh2xsytoxd2chw,2026-09-18
667nus7xl33vqone,CAMP-NOVOS-2026-09,MSG-V1,C0000528,11944540283,telefone,sms,https://portal.exemplo.com.br/r/667nus7xl33vqone,2026-09-18
6cunn523sejsdval,CAMP-NOVOS-2026-09,MSG-V1,C0000528,11944540283,telefone,whatsapp,https://portal.exemplo.com.br/r/6cunn523sejsdval,2026-09-18
6gaov5pcftncjass,CAMP-NOVOS-2026-09,MSG-V1,C0000528,11944540283,telefone,rcs,https://portal.exemplo.com.br/r/6gaov5pcftncjass,2026-09-18
6h6hazauisp5hkux,CAMP-NOVOS-2026-09,MSG-V1,C0000528,11983937567,telefone,sms,https://portal.exemplo.com.br/r/6h6hazauisp5hkux,2026-09-18
fcxturjttvdtmd6y,CAMP-NOVOS-2026-09,MSG-V1,C0000528,11983937567,telefone,whatsapp,https://portal.exemplo.com.br/r/fcxturjttvdtmd6y,2026-09-18
mhuoonkojovhbefn,CAMP-NOVOS-2026-09,MSG-V1,C0000528,11983937567,telefone,rcs,https://portal.exemplo.com.br/r/mhuoonkojovhbefn,2026-09-18
utjdjdvyglsl76hx,CAMP-NOVOS-2026-09,MSG-V1,C0000528,11953521847,telefone,sms,https://portal.exemplo.com.br/r/utjdjdvyglsl76hx,2026-09-18
y7o5ztpf4wzepxwl,CAMP-NOVOS-2026-09,MSG-V1,C0000528,11953521847,telefone,whatsapp,https://portal.exemplo.com.br/r/y7o5ztpf4wzepxwl,2026-09-18
iebthrcga3zu4hyx,CAMP-NOVOS-2026-09,MSG-V1,C0000528,11953521847,telefone,rcs,https://portal.exemplo.com.br/r/iebthrcga3zu4hyx,2026-09-18
hp6pngi3bbs7zfpl,CAMP-NOVOS-2026-09,MSG-V1,C0000528,11963078200,telefone,sms,https://portal.exemplo.com.br/r/hp6pngi3bbs7zfpl,2026-09-18
7bj6lsln2quwrywy,CAMP-NOVOS-2026-09,MSG-V1,C0000528,11963078200,telefone,whatsapp,https://portal.exemplo.com.br/r/7bj6lsln2quwrywy,2026-09-18
4sdyharttmhyot3c,CAMP-NOVOS-2026-09,MSG-V1,C0000528,11963078200,telefone,rcs,https://portal.exemplo.com.br/r/4sdyharttmhyot3c,2026-09-18
p2c4cijwhqjvzxsk,CAMP-NOVOS-2026-09,MSG-V1,C0000528,cliente528_0@exemplo.com,email,email,https://portal.exemplo.com.br/r/p2c4cijwhqjvzxsk,2026-09-18
ucrf4hd4c4nxn3xl,CAMP-NOVOS-2026-09,MSG-V1,C0000528,cliente528_1@exemplo.com,email,email,https://portal.exemplo.com.br/r/ucrf4hd4c4nxn3xl,2026-09-18
7svbtor5zbaxrklj,CAMP-NOVOS-2026-09,MSG-V1,C0000529,11951629000,telefone,sms,https://portal.exemplo.com.br/r/7svbtor5zbaxrklj,2026-09-18
rwhbipjbff3i3f3x,CAMP-NOVOS-2026-09,MSG-V1,C0000529,11951629000,telefone,whatsapp,https://portal.exemplo.com.br/r/rwhbipjbff3i3f3x,2026-09-18
hit3ntvo23gc2cwp,CAMP-NOVOS-2026-09,MSG-V1,C0000529,11951629000,telefone,rcs,https://portal.exemplo.com.br/r/hit3ntvo23gc2cwp,2026-09-18
4kfgyj4gaxab4imw,CAMP-NOVOS-2026-09,MSG-V1,C0000529,11933855089,telefone,sms,https://portal.exemplo.com.br/r/4kfgyj4gaxab4imw,2026-09-18
3gssv7gotrilomib,CAMP-NOVOS-2026-09,MSG-V1,C0000529,11933855089,telefone,whatsapp,https://portal.exemplo.com.br/r/3gssv7gotrilomib,2026-09-18
hqhhnr7ufol4x2sw,CAMP-NOVOS-2026-09,MSG-V1,C0000529,11933855089,telefone,rcs,https://portal.exemplo.com.br/r/hqhhnr7ufol4x2sw,2026-09-18
5bfgnllks7ocq7bf,CAMP-NOVOS-2026-09,MSG-V1,C0000530,11990972685,telefone,sms,https://portal.exemplo.com.br/r/5bfgnllks7ocq7bf,2026-09-18
c3jxhx7zztdxoux3,CAMP-NOVOS-2026-09,MSG-V1,C0000530,11990972685,telefone,whatsapp,https://portal.exemplo.com.br/r/c3jxhx7zztdxoux3,2026-09-18
xqh7lypevyavekcf,CAMP-NOVOS-2026-09,MSG-V1,C0000530,11990972685,telefone,rcs,https://portal.exemplo.com.br/r/xqh7lypevyavekcf,2026-09-18
zi6gkjkxcpdslrdb,CAMP-NOVOS-2026-09,MSG-V1,C0000530,11961538339,telefone,sms,https://portal.exemplo.com.br/r/zi6gkjkxcpdslrdb,2026-09-18
4rq5nsl3tfxy7wg2,CAMP-NOVOS-2026-09,MSG-V1,C0000530,11961538339,telefone,whatsapp,https://portal.exemplo.com.br/r/4rq5nsl3tfxy7wg2,2026-09-18
cjlzer5luye4mhhl,CAMP-NOVOS-2026-09,MSG-V1,C0000530,11961538339,telefone,rcs,https://portal.exemplo.com.br/r/cjlzer5luye4mhhl,2026-09-18
nk4r3hjtfwalmkk7,CAMP-NOVOS-2026-09,MSG-V1,C0000530,cliente530_0@exemplo.com,email,email,https://portal.exemplo.com.br/r/nk4r3hjtfwalmkk7,2026-09-18
lwf5xoqqxjgzar7b,CAMP-NOVOS-2026-09,MSG-V1,C0000530,cliente530_1@exemplo.com,email,email,https://portal.exemplo.com.br/r/lwf5xoqqxjgzar7b,2026-09-18
if4jq7ku5ldmffi7,CAMP-NOVOS-2026-09,MSG-V1,C0000531,11921403835,telefone,sms,https://portal.exemplo.com.br/r/if4jq7ku5ldmffi7,2026-09-18
d7vuisgj66kosq2c,CAMP-NOVOS-2026-09,MSG-V1,C0000531,11921403835,telefone,whatsapp,https://portal.exemplo.com.br/r/d7vuisgj66kosq2c,2026-09-18
kbi2p4xghgkrfmoj,CAMP-NOVOS-2026-09,MSG-V1,C0000531,11921403835,telefone,rcs,https://portal.exemplo.com.br/r/kbi2p4xghgkrfmoj,2026-09-18
cj3kyduwwhg2nw3z,CAMP-NOVOS-2026-09,MSG-V1,C0000531,cliente531_0@exemplo.com,email,email,https://portal.exemplo.com.br/r/cj3kyduwwhg2nw3z,2026-09-18
uicrugh6ih55ffpn,CAMP-NOVOS-2026-09,MSG-V1,C0000532,11912846476,telefone,sms,https://portal.exemplo.com.br/r/uicrugh6ih55ffpn,2026-09-18
je3t43cizxjeovar,CAMP-NOVOS-2026-09,MSG-V1,C0000532,11912846476,telefone,whatsapp,https://portal.exemplo.com.br/r/je3t43cizxjeovar,2026-09-18
a2syzekx64diplj4,CAMP-NOVOS-2026-09,MSG-V1,C0000532,11912846476,telefone,rcs,https://portal.exemplo.com.br/r/a2syzekx64diplj4,2026-09-18
2xsfx2hpo6ouxw7c,CAMP-NOVOS-2026-09,MSG-V1,C0000532,11923799637,telefone,sms,https://portal.exemplo.com.br/r/2xsfx2hpo6ouxw7c,2026-09-18
4wkdcc2asjy4e64s,CAMP-NOVOS-2026-09,MSG-V1,C0000532,11923799637,telefone,whatsapp,https://portal.exemplo.com.br/r/4wkdcc2asjy4e64s,2026-09-18
jn2ix2papl34sdvm,CAMP-NOVOS-2026-09,MSG-V1,C0000532,11923799637,telefone,rcs,https://portal.exemplo.com.br/r/jn2ix2papl34sdvm,2026-09-18
gbrseyk3jyvmjhx7,CAMP-NOVOS-2026-09,MSG-V1,C0000532,11965738565,telefone,sms,https://portal.exemplo.com.br/r/gbrseyk3jyvmjhx7,2026-09-18
m5diioq7fxyll2pb,CAMP-NOVOS-2026-09,MSG-V1,C0000532,11965738565,telefone,whatsapp,https://portal.exemplo.com.br/r/m5diioq7fxyll2pb,2026-09-18
gmg3e6y64zv2bs4w,CAMP-NOVOS-2026-09,MSG-V1,C0000532,11965738565,telefone,rcs,https://portal.exemplo.com.br/r/gmg3e6y64zv2bs4w,2026-09-18
jjp2ypkpgy64vrap,CAMP-NOVOS-2026-09,MSG-V1,C0000533,11940134894,telefone,sms,https://portal.exemplo.com.br/r/jjp2ypkpgy64vrap,2026-09-18
oluccgfnetizpo3s,CAMP-NOVOS-2026-09,MSG-V1,C0000533,11940134894,telefone,whatsapp,https://portal.exemplo.com.br/r/oluccgfnetizpo3s,2026-09-18
23ori4wihgut3n6k,CAMP-NOVOS-2026-09,MSG-V1,C0000533,11940134894,telefone,rcs,https://portal.exemplo.com.br/r/23ori4wihgut3n6k,2026-09-18
qrg3nv3oddhjz2lt,CAMP-NOVOS-2026-09,MSG-V1,C0000533,cliente533_0@exemplo.com,email,email,https://portal.exemplo.com.br/r/qrg3nv3oddhjz2lt,2026-09-18
lxp5wa2nmr3kawc5,CAMP-NOVOS-2026-09,MSG-V1,C0000534,11990478491,telefone,sms,https://portal.exemplo.com.br/r/lxp5wa2nmr3kawc5,2026-09-18
cskldw6eimqul6k7,CAMP-NOVOS-2026-09,MSG-V1,C0000534,11990478491,telefone,whatsapp,https://portal.exemplo.com.br/r/cskldw6eimqul6k7,2026-09-18
kxmzd2pzflwmfnp5,CAMP-NOVOS-2026-09,MSG-V1,C0000534,11990478491,telefone,rcs,https://portal.exemplo.com.br/r/kxmzd2pzflwmfnp5,2026-09-18
n3cpqw2vtwuubo3i,CAMP-NOVOS-2026-09,MSG-V1,C0000534,11999559917,telefone,sms,https://portal.exemplo.com.br/r/n3cpqw2vtwuubo3i,2026-09-18
dygqalb4o7tmyqpc,CAMP-NOVOS-2026-09,MSG-V1,C0000534,11999559917,telefone,whatsapp,https://portal.exemplo.com.br/r/dygqalb4o7tmyqpc,2026-09-18
5zquqatbhgs4quaw,CAMP-NOVOS-2026-09,MSG-V1,C0000534,11999559917,telefone,rcs,https://portal.exemplo.com.br/r/5zquqatbhgs4quaw,2026-09-18
zcncfopieghwbgwo,CAMP-NOVOS-2026-09,MSG-V1,C0000534,cliente534_0@exemplo.com,email,email,https://portal.exemplo.com.br/r/zcncfopieghwbgwo,2026-09-18
7wtr6j2hr6emay6p,CAMP-NOVOS-2026-09,MSG-V1,C0000534,cliente534_1@exemplo.com,email,email,https://portal.exemplo.com.br/r/7wtr6j2hr6emay6p,2026-09-18
55jch5bbel6742dt,CAMP-NOVOS-2026-09,MSG-V1,C0000535,11998027250,telefone,sms,https://portal.exemplo.com.br/r/55jch5bbel6742dt,2026-09-18
abknrfnyqlbpg5ag,CAMP-NOVOS-2026-09,MSG-V1,C0000535,11998027250,telefone,whatsapp,https://portal.exemplo.com.br/r/abknrfnyqlbpg5ag,2026-09-18
wxr3ztxo7tlwgcou,CAMP-NOVOS-2026-09,MSG-V1,C0000535,11998027250,telefone,rcs,https://portal.exemplo.com.br/r/wxr3ztxo7tlwgcou,2026-09-18
cvf6po7xagccou67,CAMP-NOVOS-2026-09,MSG-V1,C0000536,11927117558,telefone,sms,https://portal.exemplo.com.br/r/cvf6po7xagccou67,2026-09-18
swulwu5427zkleex,CAMP-NOVOS-2026-09,MSG-V1,C0000536,11927117558,telefone,whatsapp,https://portal.exemplo.com.br/r/swulwu5427zkleex,2026-09-18
mj3xfejihkejdpqg,CAMP-NOVOS-2026-09,MSG-V1,C0000536,11927117558,telefone,rcs,https://portal.exemplo.com.br/r/mj3xfejihkejdpqg,2026-09-18
z3in6chg7rcq7fp7,CAMP-NOVOS-2026-09,MSG-V1,C0000536,11952857838,telefone,sms,https://portal.exemplo.com.br/r/z3in6chg7rcq7fp7,2026-09-18
x4a2eszws3ylhcpf,CAMP-NOVOS-2026-09,MSG-V1,C0000536,11952857838,telefone,whatsapp,https://portal.exemplo.com.br/r/x4a2eszws3ylhcpf,2026-09-18
ls3nns2g4ijcxwtb,CAMP-NOVOS-2026-09,MSG-V1,C0000536,11952857838,telefone,rcs,https://portal.exemplo.com.br/r/ls3nns2g4ijcxwtb,2026-09-18
2dbbi4x33hfovflx,CAMP-NOVOS-2026-09,MSG-V1,C0000536,11974597455,telefone,sms,https://portal.exemplo.com.br/r/2dbbi4x33hfovflx,2026-09-18
4zuef5xsqbg7ljpr,CAMP-NOVOS-2026-09,MSG-V1,C0000536,11974597455,telefone,whatsapp,https://portal.exemplo.com.br/r/4zuef5xsqbg7ljpr,2026-09-18
rutj7a6ucidbbnud,CAMP-NOVOS-2026-09,MSG-V1,C0000536,11974597455,telefone,rcs,https://portal.exemplo.com.br/r/rutj7a6ucidbbnud,2026-09-18
dbenkn2okcr6mo5g,CAMP-NOVOS-2026-09,MSG-V1,C0000536,cliente536_0@exemplo.com,email,email,https://portal.exemplo.com.br/r/dbenkn2okcr6mo5g,2026-09-18
4dwyb5svhnk2r2ze,CAMP-NOVOS-2026-09,MSG-V1,C0000536,cliente536_1@exemplo.com,email,email,https://portal.exemplo.com.br/r/4dwyb5svhnk2r2ze,2026-09-18
qyp5db6qgyw3gm3m,CAMP-NOVOS-2026-09,MSG-V1,C0000537,11980725487,telefone,sms,https://portal.exemplo.com.br/r/qyp5db6qgyw3gm3m,2026-09-18
jjgnxpea6yxajpyw,CAMP-NOVOS-2026-09,MSG-V1,C0000537,11980725487,telefone,whatsapp,https://portal.exemplo.com.br/r/jjgnxpea6yxajpyw,2026-09-18
jtahwjqsrbwkk63c,CAMP-NOVOS-2026-09,MSG-V1,C0000537,11980725487,telefone,rcs,https://portal.exemplo.com.br/r/jtahwjqsrbwkk63c,2026-09-18
pceruvkulvsy6dq5,CAMP-NOVOS-2026-09,MSG-V1,C0000537,11939438509,telefone,sms,https://portal.exemplo.com.br/r/pceruvkulvsy6dq5,2026-09-18
kcsjl53mrfid64rh,CAMP-NOVOS-2026-09,MSG-V1,C0000537,11939438509,telefone,whatsapp,https://portal.exemplo.com.br/r/kcsjl53mrfid64rh,2026-09-18
sstqfxnkhab2pm43,CAMP-NOVOS-2026-09,MSG-V1,C0000537,11939438509,telefone,rcs,https://portal.exemplo.com.br/r/sstqfxnkhab2pm43,2026-09-18
zptlzej4jvhal534,CAMP-NOVOS-2026-09,MSG-V1,C0000538,11958433612,telefone,sms,https://portal.exemplo.com.br/r/zptlzej4jvhal534,2026-09-18
g35fgdztawltmxzu,CAMP-NOVOS-2026-09,MSG-V1,C0000538,11958433612,telefone,whatsapp,https://portal.exemplo.com.br/r/g35fgdztawltmxzu,2026-09-18
uuaxpcljcpgz7z5m,CAMP-NOVOS-2026-09,MSG-V1,C0000538,11958433612,telefone,rcs,https://portal.exemplo.com.br/r/uuaxpcljcpgz7z5m,2026-09-18
7jgrxcmucmiueymv,CAMP-NOVOS-2026-09,MSG-V1,C0000539,11925735123,telefone,sms,https://portal.exemplo.com.br/r/7jgrxcmucmiueymv,2026-09-18
hwifztsrfgx76zwb,CAMP-NOVOS-2026-09,MSG-V1,C0000539,11925735123,telefone,whatsapp,https://portal.exemplo.com.br/r/hwifztsrfgx76zwb,2026-09-18
54xlhwo4m6gebdvd,CAMP-NOVOS-2026-09,MSG-V1,C0000539,11925735123,telefone,rcs,https://portal.exemplo.com.br/r/54xlhwo4m6gebdvd,2026-09-18
iykgkn3czygsks4x,CAMP-NOVOS-2026-09,MSG-V1,C0000539,11929203413,telefone,sms,https://portal.exemplo.com.br/r/iykgkn3czygsks4x,2026-09-18
o7pvs5rzwi4x3i6q,CAMP-NOVOS-2026-09,MSG-V1,C0000539,11929203413,telefone,whatsapp,https://portal.exemplo.com.br/r/o7pvs5rzwi4x3i6q,2026-09-18
m4ty6cfffxd6umtz,CAMP-NOVOS-2026-09,MSG-V1,C0000539,11929203413,telefone,rcs,https://portal.exemplo.com.br/r/m4ty6cfffxd6umtz,2026-09-18
mwrq7vntlpsrn23y,CAMP-NOVOS-2026-09,MSG-V1,C0000539,cliente539_0@exemplo.com,email,email,https://portal.exemplo.com.br/r/mwrq7vntlpsrn23y,2026-09-18
4z6xcwyhwg25jlwg,CAMP-NOVOS-2026-09,MSG-V1,C0000540,11920343529,telefone,sms,https://portal.exemplo.com.br/r/4z6xcwyhwg25jlwg,2026-09-18
iruw7kd5q5wac4wm,CAMP-NOVOS-2026-09,MSG-V1,C0000540,11920343529,telefone,whatsapp,https://portal.exemplo.com.br/r/iruw7kd5q5wac4wm,2026-09-18
wgtoevdx6vda7i3x,CAMP-NOVOS-2026-09,MSG-V1,C0000540,11920343529,telefone,rcs,https://portal.exemplo.com.br/r/wgtoevdx6vda7i3x,2026-09-18
b7qg7doiompfdq65,CAMP-NOVOS-2026-09,MSG-V1,C0000540,11965900995,telefone,sms,https://portal.exemplo.com.br/r/b7qg7doiompfdq65,2026-09-18
uxjlrp55ja2oewgg,CAMP-NOVOS-2026-09,MSG-V1,C0000540,11965900995,telefone,whatsapp,https://portal.exemplo.com.br/r/uxjlrp55ja2oewgg,2026-09-18
665lgzbm5wddoboa,CAMP-NOVOS-2026-09,MSG-V1,C0000540,11965900995,telefone,rcs,https://portal.exemplo.com.br/r/665lgzbm5wddoboa,2026-09-18
qvsjmqzjmy5kfdy3,CAMP-NOVOS-2026-09,MSG-V1,C0000540,11928805567,telefone,sms,https://portal.exemplo.com.br/r/qvsjmqzjmy5kfdy3,2026-09-18
e4wfjudrv6mtjs6f,CAMP-NOVOS-2026-09,MSG-V1,C0000540,11928805567,telefone,whatsapp,https://portal.exemplo.com.br/r/e4wfjudrv6mtjs6f,2026-09-18
4afkhvqatkvjrnht,CAMP-NOVOS-2026-09,MSG-V1,C0000540,11928805567,telefone,rcs,https://portal.exemplo.com.br/r/4afkhvqatkvjrnht,2026-09-18
36bss5fssez7vtkf,CAMP-NOVOS-2026-09,MSG-V1,C0000540,cliente540_0@exemplo.com,email,email,https://portal.exemplo.com.br/r/36bss5fssez7vtkf,2026-09-18
3msd7afumtuvtkgs,CAMP-NOVOS-2026-09,MSG-V1,C0000541,11977551168,telefone,sms,https://portal.exemplo.com.br/r/3msd7afumtuvtkgs,2026-09-18
bxa4o6x2xqi4rktx,CAMP-NOVOS-2026-09,MSG-V1,C0000541,11977551168,telefone,whatsapp,https://portal.exemplo.com.br/r/bxa4o6x2xqi4rktx,2026-09-18
ky5krobynwazyvhz,CAMP-NOVOS-2026-09,MSG-V1,C0000541,11977551168,telefone,rcs,https://portal.exemplo.com.br/r/ky5krobynwazyvhz,2026-09-18
7qskeu3a5zrqse5m,CAMP-NOVOS-2026-09,MSG-V1,C0000541,cliente541_0@exemplo.com,email,email,https://portal.exemplo.com.br/r/7qskeu3a5zrqse5m,2026-09-18
7fo234ubmqmbbvky,CAMP-NOVOS-2026-09,MSG-V1,C0000542,11946484083,telefone,sms,https://portal.exemplo.com.br/r/7fo234ubmqmbbvky,2026-09-18
nln7bs5xm7mt3sfm,CAMP-NOVOS-2026-09,MSG-V1,C0000542,11946484083,telefone,whatsapp,https://portal.exemplo.com.br/r/nln7bs5xm7mt3sfm,2026-09-18
yyyz6b7ee6ednnt3,CAMP-NOVOS-2026-09,MSG-V1,C0000542,11946484083,telefone,rcs,https://portal.exemplo.com.br/r/yyyz6b7ee6ednnt3,2026-09-18
72vfzhjq4tzcy7r4,CAMP-NOVOS-2026-09,MSG-V1,C0000542,11979994685,telefone,sms,https://portal.exemplo.com.br/r/72vfzhjq4tzcy7r4,2026-09-18
tplff7pdrgm2do7b,CAMP-NOVOS-2026-09,MSG-V1,C0000542,11979994685,telefone,whatsapp,https://portal.exemplo.com.br/r/tplff7pdrgm2do7b,2026-09-18
dzbrcctbmte6jmzo,CAMP-NOVOS-2026-09,MSG-V1,C0000542,11979994685,telefone,rcs,https://portal.exemplo.com.br/r/dzbrcctbmte6jmzo,2026-09-18
bcznf3eokxzxroad,CAMP-NOVOS-2026-09,MSG-V1,C0000542,cliente542_0@exemplo.com,email,email,https://portal.exemplo.com.br/r/bcznf3eokxzxroad,2026-09-18
vbivcvfc5pfiygmn,CAMP-NOVOS-2026-09,MSG-V1,C0000542,cliente542_1@exemplo.com,email,email,https://portal.exemplo.com.br/r/vbivcvfc5pfiygmn,2026-09-18
y3dyqpsp4iovch6m,CAMP-NOVOS-2026-09,MSG-V1,C0000543,11961065827,telefone,sms,https://portal.exemplo.com.br/r/y3dyqpsp4iovch6m,2026-09-18
7tt4byq37vto5gwd,CAMP-NOVOS-2026-09,MSG-V1,C0000543,11961065827,telefone,whatsapp,https://portal.exemplo.com.br/r/7tt4byq37vto5gwd,2026-09-18
oyqvbqri7zfkc4gi,CAMP-NOVOS-2026-09,MSG-V1,C0000543,11961065827,telefone,rcs,https://portal.exemplo.com.br/r/oyqvbqri7zfkc4gi,2026-09-18
tnuv5zxbys6lmqhu,CAMP-NOVOS-2026-09,MSG-V1,C0000543,11996791517,telefone,sms,https://portal.exemplo.com.br/r/tnuv5zxbys6lmqhu,2026-09-18
onzzhhcd555wx2si,CAMP-NOVOS-2026-09,MSG-V1,C0000543,11996791517,telefone,whatsapp,https://portal.exemplo.com.br/r/onzzhhcd555wx2si,2026-09-18
sar7n3mpnqq2mfsy,CAMP-NOVOS-2026-09,MSG-V1,C0000543,11996791517,telefone,rcs,https://portal.exemplo.com.br/r/sar7n3mpnqq2mfsy,2026-09-18
rmml5fax6p6cybvs,CAMP-NOVOS-2026-09,MSG-V1,C0000543,11924012339,telefone,sms,https://portal.exemplo.com.br/r/rmml5fax6p6cybvs,2026-09-18
ee6lobbi6gztf3hc,CAMP-NOVOS-2026-09,MSG-V1,C0000543,11924012339,telefone,whatsapp,https://portal.exemplo.com.br/r/ee6lobbi6gztf3hc,2026-09-18
xe3fetqx5h3ewfnv,CAMP-NOVOS-2026-09,MSG-V1,C0000543,11924012339,telefone,rcs,https://portal.exemplo.com.br/r/xe3fetqx5h3ewfnv,2026-09-18
xr5hbnyexlx3eg3o,CAMP-NOVOS-2026-09,MSG-V1,C0000543,11955026244,telefone,sms,https://portal.exemplo.com.br/r/xr5hbnyexlx3eg3o,2026-09-18
tpzoc223zl7w547e,CAMP-NOVOS-2026-09,MSG-V1,C0000543,11955026244,telefone,whatsapp,https://portal.exemplo.com.br/r/tpzoc223zl7w547e,2026-09-18
gdebogsaubaj6uqo,CAMP-NOVOS-2026-09,MSG-V1,C0000543,11955026244,telefone,rcs,https://portal.exemplo.com.br/r/gdebogsaubaj6uqo,2026-09-18
2am3le4ooys4p44h,CAMP-NOVOS-2026-09,MSG-V1,C0000543,cliente543_0@exemplo.com,email,email,https://portal.exemplo.com.br/r/2am3le4ooys4p44h,2026-09-18
lflpfkwayvpnsyww,CAMP-NOVOS-2026-09,MSG-V1,C0000544,11986520583,telefone,sms,https://portal.exemplo.com.br/r/lflpfkwayvpnsyww,2026-09-18
p2nwfimjrx76tocv,CAMP-NOVOS-2026-09,MSG-V1,C0000544,11986520583,telefone,whatsapp,https://portal.exemplo.com.br/r/p2nwfimjrx76tocv,2026-09-18
epayxdx76nhrlc3d,CAMP-NOVOS-2026-09,MSG-V1,C0000544,11986520583,telefone,rcs,https://portal.exemplo.com.br/r/epayxdx76nhrlc3d,2026-09-18
xsnewkjqvbd5bgs4,CAMP-NOVOS-2026-09,MSG-V1,C0000544,cliente544_0@exemplo.com,email,email,https://portal.exemplo.com.br/r/xsnewkjqvbd5bgs4,2026-09-18
x4l2dgrj644d4b6v,CAMP-NOVOS-2026-09,MSG-V1,C0000544,cliente544_1@exemplo.com,email,email,https://portal.exemplo.com.br/r/x4l2dgrj644d4b6v,2026-09-18
6jtlqtwelsty6ob2,CAMP-NOVOS-2026-09,MSG-V1,C0000545,11957759672,telefone,sms,https://portal.exemplo.com.br/r/6jtlqtwelsty6ob2,2026-09-18
rfsefljxm74vizvs,CAMP-NOVOS-2026-09,MSG-V1,C0000545,11957759672,telefone,whatsapp,https://portal.exemplo.com.br/r/rfsefljxm74vizvs,2026-09-18
bsvpgmu7pmtwjfcs,CAMP-NOVOS-2026-09,MSG-V1,C0000545,11957759672,telefone,rcs,https://portal.exemplo.com.br/r/bsvpgmu7pmtwjfcs,2026-09-18
77rvaega4yero255,CAMP-NOVOS-2026-09,MSG-V1,C0000545,11923070100,telefone,sms,https://portal.exemplo.com.br/r/77rvaega4yero255,2026-09-18
umc6vehtlqsk6imf,CAMP-NOVOS-2026-09,MSG-V1,C0000545,11923070100,telefone,whatsapp,https://portal.exemplo.com.br/r/umc6vehtlqsk6imf,2026-09-18
yfsprdqvmrt37jwk,CAMP-NOVOS-2026-09,MSG-V1,C0000545,11923070100,telefone,rcs,https://portal.exemplo.com.br/r/yfsprdqvmrt37jwk,2026-09-18
blptnmmakvldz7iw,CAMP-NOVOS-2026-09,MSG-V1,C0000545,cliente545_0@exemplo.com,email,email,https://portal.exemplo.com.br/r/blptnmmakvldz7iw,2026-09-18
i77w47azcuqvglis,CAMP-NOVOS-2026-09,MSG-V1,C0000545,cliente545_1@exemplo.com,email,email,https://portal.exemplo.com.br/r/i77w47azcuqvglis,2026-09-18
fbpwpkwla3rmtp3u,CAMP-NOVOS-2026-09,MSG-V1,C0000546,11920570029,telefone,sms,https://portal.exemplo.com.br/r/fbpwpkwla3rmtp3u,2026-09-18
5scwp7azp7dozgvr,CAMP-NOVOS-2026-09,MSG-V1,C0000546,11920570029,telefone,whatsapp,https://portal.exemplo.com.br/r/5scwp7azp7dozgvr,2026-09-18
yucqiipxzc2qiv5y,CAMP-NOVOS-2026-09,MSG-V1,C0000546,11920570029,telefone,rcs,https://portal.exemplo.com.br/r/yucqiipxzc2qiv5y,2026-09-18
jaylhfjiq6msmmz3,CAMP-NOVOS-2026-09,MSG-V1,C0000546,11941080809,telefone,sms,https://portal.exemplo.com.br/r/jaylhfjiq6msmmz3,2026-09-18
6ushxo4t46n5cvcv,CAMP-NOVOS-2026-09,MSG-V1,C0000546,11941080809,telefone,whatsapp,https://portal.exemplo.com.br/r/6ushxo4t46n5cvcv,2026-09-18
zxm36jw4yvbgqi72,CAMP-NOVOS-2026-09,MSG-V1,C0000546,11941080809,telefone,rcs,https://portal.exemplo.com.br/r/zxm36jw4yvbgqi72,2026-09-18
wmfy6bz54sglviiw,CAMP-NOVOS-2026-09,MSG-V1,C0000546,cliente546_0@exemplo.com,email,email,https://portal.exemplo.com.br/r/wmfy6bz54sglviiw,2026-09-18
el3cgwk6yw2znb4q,CAMP-NOVOS-2026-09,MSG-V1,C0000546,cliente546_1@exemplo.com,email,email,https://portal.exemplo.com.br/r/el3cgwk6yw2znb4q,2026-09-18
umn4eldbs3ynil5w,CAMP-NOVOS-2026-09,MSG-V1,C0000547,11955502589,telefone,sms,https://portal.exemplo.com.br/r/umn4eldbs3ynil5w,2026-09-18
iauqugez2piovhgm,CAMP-NOVOS-2026-09,MSG-V1,C0000547,11955502589,telefone,whatsapp,https://portal.exemplo.com.br/r/iauqugez2piovhgm,2026-09-18
arhdlq6tokjpvx7r,CAMP-NOVOS-2026-09,MSG-V1,C0000547,11955502589,telefone,rcs,https://portal.exemplo.com.br/r/arhdlq6tokjpvx7r,2026-09-18
5nfjrgsrq73wt3px,CAMP-NOVOS-2026-09,MSG-V1,C0000547,11993680829,telefone,sms,https://portal.exemplo.com.br/r/5nfjrgsrq73wt3px,2026-09-18
axz7jvdk5mdyalka,CAMP-NOVOS-2026-09,MSG-V1,C0000547,11993680829,telefone,whatsapp,https://portal.exemplo.com.br/r/axz7jvdk5mdyalka,2026-09-18
v2kv6dlmtzcpw5kh,CAMP-NOVOS-2026-09,MSG-V1,C0000547,11993680829,telefone,rcs,https://portal.exemplo.com.br/r/v2kv6dlmtzcpw5kh,2026-09-18
mvt7k374xuarp43y,CAMP-NOVOS-2026-09,MSG-V1,C0000547,11962027391,telefone,sms,https://portal.exemplo.com.br/r/mvt7k374xuarp43y,2026-09-18
hpe3fcyzmu6yp2bq,CAMP-NOVOS-2026-09,MSG-V1,C0000547,11962027391,telefone,whatsapp,https://portal.exemplo.com.br/r/hpe3fcyzmu6yp2bq,2026-09-18
rvali7r5cjfdnjtw,CAMP-NOVOS-2026-09,MSG-V1,C0000547,11962027391,telefone,rcs,https://portal.exemplo.com.br/r/rvali7r5cjfdnjtw,2026-09-18
aydbdkv7wt65eiy3,CAMP-NOVOS-2026-09,MSG-V1,C0000547,cliente547_0@exemplo.com,email,email,https://portal.exemplo.com.br/r/aydbdkv7wt65eiy3,2026-09-18
tjlf7u2g5zmhpgiv,CAMP-NOVOS-2026-09,MSG-V1,C0000547,cliente547_1@exemplo.com,email,email,https://portal.exemplo.com.br/r/tjlf7u2g5zmhpgiv,2026-09-18
2ue5e4azmrecj3cn,CAMP-NOVOS-2026-09,MSG-V1,C0000548,11952106611,telefone,sms,https://portal.exemplo.com.br/r/2ue5e4azmrecj3cn,2026-09-18
xcomfcb4g5fwgwzt,CAMP-NOVOS-2026-09,MSG-V1,C0000548,11952106611,telefone,whatsapp,https://portal.exemplo.com.br/r/xcomfcb4g5fwgwzt,2026-09-18
3zhgdnwylgthjfkh,CAMP-NOVOS-2026-09,MSG-V1,C0000548,11952106611,telefone,rcs,https://portal.exemplo.com.br/r/3zhgdnwylgthjfkh,2026-09-18
oxntut2ktm5mkma7,CAMP-NOVOS-2026-09,MSG-V1,C0000548,cliente548_0@exemplo.com,email,email,https://portal.exemplo.com.br/r/oxntut2ktm5mkma7,2026-09-18
dei5v4ncvru6nvlf,CAMP-NOVOS-2026-09,MSG-V1,C0000549,11969330327,telefone,sms,https://portal.exemplo.com.br/r/dei5v4ncvru6nvlf,2026-09-18
aoletwwlytmvezbx,CAMP-NOVOS-2026-09,MSG-V1,C0000549,11969330327,telefone,whatsapp,https://portal.exemplo.com.br/r/aoletwwlytmvezbx,2026-09-18
oi23ejmyodtpvqe5,CAMP-NOVOS-2026-09,MSG-V1,C0000549,11969330327,telefone,rcs,https://portal.exemplo.com.br/r/oi23ejmyodtpvqe5,2026-09-18
gqrvzqbkl5jo5fu2,CAMP-NOVOS-2026-09,MSG-V1,C0000549,11926638464,telefone,sms,https://portal.exemplo.com.br/r/gqrvzqbkl5jo5fu2,2026-09-18
6cf75f3k6k6cmpg3,CAMP-NOVOS-2026-09,MSG-V1,C0000549,11926638464,telefone,whatsapp,https://portal.exemplo.com.br/r/6cf75f3k6k6cmpg3,2026-09-18
tvvwaxhty6otyaq2,CAMP-NOVOS-2026-09,MSG-V1,C0000549,11926638464,telefone,rcs,https://portal.exemplo.com.br/r/tvvwaxhty6otyaq2,2026-09-18
kvk67ycnnxcbmszb,CAMP-NOVOS-2026-09,MSG-V1,C0000549,11958784400,telefone,sms,https://portal.exemplo.com.br/r/kvk67ycnnxcbmszb,2026-09-18
2qdanomfzw7bielh,CAMP-NOVOS-2026-09,MSG-V1,C0000549,11958784400,telefone,whatsapp,https://portal.exemplo.com.br/r/2qdanomfzw7bielh,2026-09-18
3castoy5oiuyh626,CAMP-NOVOS-2026-09,MSG-V1,C0000549,11958784400,telefone,rcs,https://portal.exemplo.com.br/r/3castoy5oiuyh626,2026-09-18
qsualffxcywtv6tq,CAMP-NOVOS-2026-09,MSG-V1,C0000549,11993172511,telefone,sms,https://portal.exemplo.com.br/r/qsualffxcywtv6tq,2026-09-18
i2p4wpty73u27wsa,CAMP-NOVOS-2026-09,MSG-V1,C0000549,11993172511,telefone,whatsapp,https://portal.exemplo.com.br/r/i2p4wpty73u27wsa,2026-09-18
hb33lixdp4q66paf,CAMP-NOVOS-2026-09,MSG-V1,C0000549,11993172511,telefone,rcs,https://portal.exemplo.com.br/r/hb33lixdp4q66paf,2026-09-18
s55inzed4goe3cka,CAMP-NOVOS-2026-09,MSG-V1,C0000549,cliente549_0@exemplo.com,email,email,https://portal.exemplo.com.br/r/s55inzed4goe3cka,2026-09-18
gnzljgvmx3mx7aag,CAMP-NOVOS-2026-09,MSG-V1,C0000550,11942858752,telefone,sms,https://portal.exemplo.com.br/r/gnzljgvmx3mx7aag,2026-09-18
jkh4cgt4glvsqvxc,CAMP-NOVOS-2026-09,MSG-V1,C0000550,11942858752,telefone,whatsapp,https://portal.exemplo.com.br/r/jkh4cgt4glvsqvxc,2026-09-18
dgr2wwhns7xzndzc,CAMP-NOVOS-2026-09,MSG-V1,C0000550,11942858752,telefone,rcs,https://portal.exemplo.com.br/r/dgr2wwhns7xzndzc,2026-09-18
dvvx7custsovysya,CAMP-NOVOS-2026-09,MSG-V1,C0000550,cliente550_0@exemplo.com,email,email,https://portal.exemplo.com.br/r/dvvx7custsovysya,2026-09-18
wxbu7nqiucgbszfy,CAMP-NOVOS-2026-09,MSG-V1,C0000550,cliente550_1@exemplo.com,email,email,https://portal.exemplo.com.br/r/wxbu7nqiucgbszfy,2026-09-18
g66bhkows7r3jn73,CAMP-NOVOS-2026-09,MSG-V1,C0000551,11996232807,telefone,sms,https://portal.exemplo.com.br/r/g66bhkows7r3jn73,2026-09-18
3yjzqv6jgimtspvy,CAMP-NOVOS-2026-09,MSG-V1,C0000551,11996232807,telefone,whatsapp,https://portal.exemplo.com.br/r/3yjzqv6jgimtspvy,2026-09-18
5qogytmtfd2lrnzc,CAMP-NOVOS-2026-09,MSG-V1,C0000551,11996232807,telefone,rcs,https://portal.exemplo.com.br/r/5qogytmtfd2lrnzc,2026-09-18
uqtq4clc3hdfprcs,CAMP-NOVOS-2026-09,MSG-V1,C0000551,cliente551_0@exemplo.com,email,email,https://portal.exemplo.com.br/r/uqtq4clc3hdfprcs,2026-09-18
nlq4tnyf5tpbpk6r,CAMP-NOVOS-2026-09,MSG-V1,C0000552,11938539411,telefone,sms,https://portal.exemplo.com.br/r/nlq4tnyf5tpbpk6r,2026-09-18
bb3zzc5fggw4jxvw,CAMP-NOVOS-2026-09,MSG-V1,C0000552,11938539411,telefone,whatsapp,https://portal.exemplo.com.br/r/bb3zzc5fggw4jxvw,2026-09-18
rwcraakryg7qfzjz,CAMP-NOVOS-2026-09,MSG-V1,C0000552,11938539411,telefone,rcs,https://portal.exemplo.com.br/r/rwcraakryg7qfzjz,2026-09-18
sb6bkugogqpoxuby,CAMP-NOVOS-2026-09,MSG-V1,C0000552,cliente552_0@exemplo.com,email,email,https://portal.exemplo.com.br/r/sb6bkugogqpoxuby,2026-09-18
d44t5vw6ffrcjvr2,CAMP-NOVOS-2026-09,MSG-V1,C0000553,11967728351,telefone,sms,https://portal.exemplo.com.br/r/d44t5vw6ffrcjvr2,2026-09-18
5aglu7ti3blxczyj,CAMP-NOVOS-2026-09,MSG-V1,C0000553,11967728351,telefone,whatsapp,https://portal.exemplo.com.br/r/5aglu7ti3blxczyj,2026-09-18
7wxa7j74kkghzwa6,CAMP-NOVOS-2026-09,MSG-V1,C0000553,11967728351,telefone,rcs,https://portal.exemplo.com.br/r/7wxa7j74kkghzwa6,2026-09-18
nhtdavo3ztcuius2,CAMP-NOVOS-2026-09,MSG-V1,C0000553,11938386094,telefone,sms,https://portal.exemplo.com.br/r/nhtdavo3ztcuius2,2026-09-18
25szkftp7ufbs6tc,CAMP-NOVOS-2026-09,MSG-V1,C0000553,11938386094,telefone,whatsapp,https://portal.exemplo.com.br/r/25szkftp7ufbs6tc,2026-09-18
lxnoomygwixhpqi5,CAMP-NOVOS-2026-09,MSG-V1,C0000553,11938386094,telefone,rcs,https://portal.exemplo.com.br/r/lxnoomygwixhpqi5,2026-09-18
db2r5zzbdegv6k3h,CAMP-NOVOS-2026-09,MSG-V1,C0000553,11966763408,telefone,sms,https://portal.exemplo.com.br/r/db2r5zzbdegv6k3h,2026-09-18
pgvuwfkkwahvdovo,CAMP-NOVOS-2026-09,MSG-V1,C0000553,11966763408,telefone,whatsapp,https://portal.exemplo.com.br/r/pgvuwfkkwahvdovo,2026-09-18
z7q7ym42ohvx4us2,CAMP-NOVOS-2026-09,MSG-V1,C0000553,11966763408,telefone,rcs,https://portal.exemplo.com.br/r/z7q7ym42ohvx4us2,2026-09-18
phsiu5wdvyccam4r,CAMP-NOVOS-2026-09,MSG-V1,C0000553,11995320504,telefone,sms,https://portal.exemplo.com.br/r/phsiu5wdvyccam4r,2026-09-18
zaqwud4z4kl6jdlw,CAMP-NOVOS-2026-09,MSG-V1,C0000553,11995320504,telefone,whatsapp,https://portal.exemplo.com.br/r/zaqwud4z4kl6jdlw,2026-09-18
xtt2oeg5j4jdvgju,CAMP-NOVOS-2026-09,MSG-V1,C0000553,11995320504,telefone,rcs,https://portal.exemplo.com.br/r/xtt2oeg5j4jdvgju,2026-09-18
u3j7hiwc7dxlzcvm,CAMP-NOVOS-2026-09,MSG-V1,C0000553,cliente553_0@exemplo.com,email,email,https://portal.exemplo.com.br/r/u3j7hiwc7dxlzcvm,2026-09-18
zys2tqc6ployvh47,CAMP-NOVOS-2026-09,MSG-V1,C0000554,11955905032,telefone,sms,https://portal.exemplo.com.br/r/zys2tqc6ployvh47,2026-09-18
qpeknq2efbiatdgq,CAMP-NOVOS-2026-09,MSG-V1,C0000554,11955905032,telefone,whatsapp,https://portal.exemplo.com.br/r/qpeknq2efbiatdgq,2026-09-18
dfree6bbnckbxzpt,CAMP-NOVOS-2026-09,MSG-V1,C0000554,11955905032,telefone,rcs,https://portal.exemplo.com.br/r/dfree6bbnckbxzpt,2026-09-18
bjsqfpvaettwywd7,CAMP-NOVOS-2026-09,MSG-V1,C0000554,cliente554_0@exemplo.com,email,email,https://portal.exemplo.com.br/r/bjsqfpvaettwywd7,2026-09-18
allspspexqof234c,CAMP-NOVOS-2026-09,MSG-V1,C0000555,11986546634,telefone,sms,https://portal.exemplo.com.br/r/allspspexqof234c,2026-09-18
qlkepgfmm23c5hwu,CAMP-NOVOS-2026-09,MSG-V1,C0000555,11986546634,telefone,whatsapp,https://portal.exemplo.com.br/r/qlkepgfmm23c5hwu,2026-09-18
lzncrjnoiw22idyz,CAMP-NOVOS-2026-09,MSG-V1,C0000555,11986546634,telefone,rcs,https://portal.exemplo.com.br/r/lzncrjnoiw22idyz,2026-09-18
sifqgo73qfogwhli,CAMP-NOVOS-2026-09,MSG-V1,C0000555,11990145249,telefone,sms,https://portal.exemplo.com.br/r/sifqgo73qfogwhli,2026-09-18
rhbjun3cenexsg7m,CAMP-NOVOS-2026-09,MSG-V1,C0000555,11990145249,telefone,whatsapp,https://portal.exemplo.com.br/r/rhbjun3cenexsg7m,2026-09-18
snk3in6cdeevsgjg,CAMP-NOVOS-2026-09,MSG-V1,C0000555,11990145249,telefone,rcs,https://portal.exemplo.com.br/r/snk3in6cdeevsgjg,2026-09-18
b26ezb6jwkyku47g,CAMP-NOVOS-2026-09,MSG-V1,C0000555,11987643527,telefone,sms,https://portal.exemplo.com.br/r/b26ezb6jwkyku47g,2026-09-18
xjzzt3cvo34bc2eu,CAMP-NOVOS-2026-09,MSG-V1,C0000555,11987643527,telefone,whatsapp,https://portal.exemplo.com.br/r/xjzzt3cvo34bc2eu,2026-09-18
p26recbnn4wbqmu7,CAMP-NOVOS-2026-09,MSG-V1,C0000555,11987643527,telefone,rcs,https://portal.exemplo.com.br/r/p26recbnn4wbqmu7,2026-09-18
m7tqmf2fap67bslp,CAMP-NOVOS-2026-09,MSG-V1,C0000555,cliente555_0@exemplo.com,email,email,https://portal.exemplo.com.br/r/m7tqmf2fap67bslp,2026-09-18
imfqqhxilancn4j6,CAMP-NOVOS-2026-09,MSG-V1,C0000555,cliente555_1@exemplo.com,email,email,https://portal.exemplo.com.br/r/imfqqhxilancn4j6,2026-09-18
vc5h35n775oj7ccb,CAMP-NOVOS-2026-09,MSG-V1,C0000556,11970473000,telefone,sms,https://portal.exemplo.com.br/r/vc5h35n775oj7ccb,2026-09-18
qgtlokknfnktjsux,CAMP-NOVOS-2026-09,MSG-V1,C0000556,11970473000,telefone,whatsapp,https://portal.exemplo.com.br/r/qgtlokknfnktjsux,2026-09-18
hvo65e2qmncoc3sa,CAMP-NOVOS-2026-09,MSG-V1,C0000556,11970473000,telefone,rcs,https://portal.exemplo.com.br/r/hvo65e2qmncoc3sa,2026-09-18
sgmoqd3hodpiev6n,CAMP-NOVOS-2026-09,MSG-V1,C0000556,11926873477,telefone,sms,https://portal.exemplo.com.br/r/sgmoqd3hodpiev6n,2026-09-18
wg4f57q4hjdmzt54,CAMP-NOVOS-2026-09,MSG-V1,C0000556,11926873477,telefone,whatsapp,https://portal.exemplo.com.br/r/wg4f57q4hjdmzt54,2026-09-18
c7yej6cj7rlmq5gw,CAMP-NOVOS-2026-09,MSG-V1,C0000556,11926873477,telefone,rcs,https://portal.exemplo.com.br/r/c7yej6cj7rlmq5gw,2026-09-18
xd3m4we2ufnrj3h7,CAMP-NOVOS-2026-09,MSG-V1,C0000556,11987628449,telefone,sms,https://portal.exemplo.com.br/r/xd3m4we2ufnrj3h7,2026-09-18
icozlnlprhk3cscs,CAMP-NOVOS-2026-09,MSG-V1,C0000556,11987628449,telefone,whatsapp,https://portal.exemplo.com.br/r/icozlnlprhk3cscs,2026-09-18
vxzf7vqai3pmp6ol,CAMP-NOVOS-2026-09,MSG-V1,C0000556,11987628449,telefone,rcs,https://portal.exemplo.com.br/r/vxzf7vqai3pmp6ol,2026-09-18
duvxpaq2ne6t2242,CAMP-NOVOS-2026-09,MSG-V1,C0000556,11935186888,telefone,sms,https://portal.exemplo.com.br/r/duvxpaq2ne6t2242,2026-09-18
s65s7po5gu7myavd,CAMP-NOVOS-2026-09,MSG-V1,C0000556,11935186888,telefone,whatsapp,https://portal.exemplo.com.br/r/s65s7po5gu7myavd,2026-09-18
kjzeclmoydw63ej6,CAMP-NOVOS-2026-09,MSG-V1,C0000556,11935186888,telefone,rcs,https://portal.exemplo.com.br/r/kjzeclmoydw63ej6,2026-09-18
2sh4npf6fryhgux4,CAMP-NOVOS-2026-09,MSG-V1,C0000557,11912173155,telefone,sms,https://portal.exemplo.com.br/r/2sh4npf6fryhgux4,2026-09-18
yrlz5tzufjb2wpnl,CAMP-NOVOS-2026-09,MSG-V1,C0000557,11912173155,telefone,whatsapp,https://portal.exemplo.com.br/r/yrlz5tzufjb2wpnl,2026-09-18
cr7pd6gj6lo65w2a,CAMP-NOVOS-2026-09,MSG-V1,C0000557,11912173155,telefone,rcs,https://portal.exemplo.com.br/r/cr7pd6gj6lo65w2a,2026-09-18
2vwd7ldqaert2bnh,CAMP-NOVOS-2026-09,MSG-V1,C0000557,11926743037,telefone,sms,https://portal.exemplo.com.br/r/2vwd7ldqaert2bnh,2026-09-18
3ki2g6r3y737qgog,CAMP-NOVOS-2026-09,MSG-V1,C0000557,11926743037,telefone,whatsapp,https://portal.exemplo.com.br/r/3ki2g6r3y737qgog,2026-09-18
scrxbdkajz64xvjq,CAMP-NOVOS-2026-09,MSG-V1,C0000557,11926743037,telefone,rcs,https://portal.exemplo.com.br/r/scrxbdkajz64xvjq,2026-09-18
c3o2up5p6tknt2il,CAMP-NOVOS-2026-09,MSG-V1,C0000557,11971202946,telefone,sms,https://portal.exemplo.com.br/r/c3o2up5p6tknt2il,2026-09-18
tqtprf7jx2vmecmg,CAMP-NOVOS-2026-09,MSG-V1,C0000557,11971202946,telefone,whatsapp,https://portal.exemplo.com.br/r/tqtprf7jx2vmecmg,2026-09-18
ffqxwevq77jaj6ak,CAMP-NOVOS-2026-09,MSG-V1,C0000557,11971202946,telefone,rcs,https://portal.exemplo.com.br/r/ffqxwevq77jaj6ak,2026-09-18
lnq3wjgouijk6llk,CAMP-NOVOS-2026-09,MSG-V1,C0000557,cliente557_0@exemplo.com,email,email,https://portal.exemplo.com.br/r/lnq3wjgouijk6llk,2026-09-18
2jphiosigzrumsex,CAMP-NOVOS-2026-09,MSG-V1,C0000557,cliente557_1@exemplo.com,email,email,https://portal.exemplo.com.br/r/2jphiosigzrumsex,2026-09-18
7ktteusdn6j2vpia,CAMP-NOVOS-2026-09,MSG-V1,C0000558,11995108432,telefone,sms,https://portal.exemplo.com.br/r/7ktteusdn6j2vpia,2026-09-18
zfadf46tpqhasjr5,CAMP-NOVOS-2026-09,MSG-V1,C0000558,11995108432,telefone,whatsapp,https://portal.exemplo.com.br/r/zfadf46tpqhasjr5,2026-09-18
r3oo4rppcghvylc3,CAMP-NOVOS-2026-09,MSG-V1,C0000558,11995108432,telefone,rcs,https://portal.exemplo.com.br/r/r3oo4rppcghvylc3,2026-09-18
v3fn3rk6csbk6lew,CAMP-NOVOS-2026-09,MSG-V1,C0000558,11923317762,telefone,sms,https://portal.exemplo.com.br/r/v3fn3rk6csbk6lew,2026-09-18
accipblf2byjqhi3,CAMP-NOVOS-2026-09,MSG-V1,C0000558,11923317762,telefone,whatsapp,https://portal.exemplo.com.br/r/accipblf2byjqhi3,2026-09-18
b6h5a2b66o2dtwcu,CAMP-NOVOS-2026-09,MSG-V1,C0000558,11923317762,telefone,rcs,https://portal.exemplo.com.br/r/b6h5a2b66o2dtwcu,2026-09-18
dvzw5wstdy4m3nky,CAMP-NOVOS-2026-09,MSG-V1,C0000558,11923933416,telefone,sms,https://portal.exemplo.com.br/r/dvzw5wstdy4m3nky,2026-09-18
qmotxwmnb3wrz6hq,CAMP-NOVOS-2026-09,MSG-V1,C0000558,11923933416,telefone,whatsapp,https://portal.exemplo.com.br/r/qmotxwmnb3wrz6hq,2026-09-18
va5o72k7jenf727p,CAMP-NOVOS-2026-09,MSG-V1,C0000558,11923933416,telefone,rcs,https://portal.exemplo.com.br/r/va5o72k7jenf727p,2026-09-18
ibx2vh5w5blpb2nf,CAMP-NOVOS-2026-09,MSG-V1,C0000558,11965201022,telefone,sms,https://portal.exemplo.com.br/r/ibx2vh5w5blpb2nf,2026-09-18
u4wng7et2d4dghg4,CAMP-NOVOS-2026-09,MSG-V1,C0000558,11965201022,telefone,whatsapp,https://portal.exemplo.com.br/r/u4wng7et2d4dghg4,2026-09-18
ee2itghj4wka7p3g,CAMP-NOVOS-2026-09,MSG-V1,C0000558,11965201022,telefone,rcs,https://portal.exemplo.com.br/r/ee2itghj4wka7p3g,2026-09-18
mug2wbrc3r3sxsrf,CAMP-NOVOS-2026-09,MSG-V1,C0000558,cliente558_0@exemplo.com,email,email,https://portal.exemplo.com.br/r/mug2wbrc3r3sxsrf,2026-09-18
c7j226tzc6pvpknx,CAMP-NOVOS-2026-09,MSG-V1,C0000558,cliente558_1@exemplo.com,email,email,https://portal.exemplo.com.br/r/c7j226tzc6pvpknx,2026-09-18
dvpqpumqsxkkcstw,CAMP-NOVOS-2026-09,MSG-V1,C0000559,11925368078,telefone,sms,https://portal.exemplo.com.br/r/dvpqpumqsxkkcstw,2026-09-18
45d33ybvjdd4k4t6,CAMP-NOVOS-2026-09,MSG-V1,C0000559,11925368078,telefone,whatsapp,https://portal.exemplo.com.br/r/45d33ybvjdd4k4t6,2026-09-18
6m6ltrs2auw2hbf3,CAMP-NOVOS-2026-09,MSG-V1,C0000559,11925368078,telefone,rcs,https://portal.exemplo.com.br/r/6m6ltrs2auw2hbf3,2026-09-18
zpjvfr4djed5wwgk,CAMP-NOVOS-2026-09,MSG-V1,C0000559,11926702129,telefone,sms,https://portal.exemplo.com.br/r/zpjvfr4djed5wwgk,2026-09-18
iwalcly6eh7jo5cg,CAMP-NOVOS-2026-09,MSG-V1,C0000559,11926702129,telefone,whatsapp,https://portal.exemplo.com.br/r/iwalcly6eh7jo5cg,2026-09-18
efqo33v5edgipbog,CAMP-NOVOS-2026-09,MSG-V1,C0000559,11926702129,telefone,rcs,https://portal.exemplo.com.br/r/efqo33v5edgipbog,2026-09-18
qzle5cibjauxognp,CAMP-NOVOS-2026-09,MSG-V1,C0000559,cliente559_0@exemplo.com,email,email,https://portal.exemplo.com.br/r/qzle5cibjauxognp,2026-09-18
picrq3foya7g6a2v,CAMP-NOVOS-2026-09,MSG-V1,C0000560,11945500464,telefone,sms,https://portal.exemplo.com.br/r/picrq3foya7g6a2v,2026-09-18
uec2ff5f6pcxo4u5,CAMP-NOVOS-2026-09,MSG-V1,C0000560,11945500464,telefone,whatsapp,https://portal.exemplo.com.br/r/uec2ff5f6pcxo4u5,2026-09-18
o3j2mrpmbojejdwo,CAMP-NOVOS-2026-09,MSG-V1,C0000560,11945500464,telefone,rcs,https://portal.exemplo.com.br/r/o3j2mrpmbojejdwo,2026-09-18
xd2dljakv24xmnyw,CAMP-NOVOS-2026-09,MSG-V1,C0000560,11965662309,telefone,sms,https://portal.exemplo.com.br/r/xd2dljakv24xmnyw,2026-09-18
wkth7tt6pd7riat6,CAMP-NOVOS-2026-09,MSG-V1,C0000560,11965662309,telefone,whatsapp,https://portal.exemplo.com.br/r/wkth7tt6pd7riat6,2026-09-18
s74eh7ilnj4qddzp,CAMP-NOVOS-2026-09,MSG-V1,C0000560,11965662309,telefone,rcs,https://portal.exemplo.com.br/r/s74eh7ilnj4qddzp,2026-09-18
27d62f5fygwnfgsc,CAMP-NOVOS-2026-09,MSG-V1,C0000560,11965640853,telefone,sms,https://portal.exemplo.com.br/r/27d62f5fygwnfgsc,2026-09-18
mzpzlyvty2ognxsb,CAMP-NOVOS-2026-09,MSG-V1,C0000560,11965640853,telefone,whatsapp,https://portal.exemplo.com.br/r/mzpzlyvty2ognxsb,2026-09-18
mjidu4ujondww37z,CAMP-NOVOS-2026-09,MSG-V1,C0000560,11965640853,telefone,rcs,https://portal.exemplo.com.br/r/mjidu4ujondww37z,2026-09-18
awokuuu74cvdd3sf,CAMP-NOVOS-2026-09,MSG-V1,C0000561,11935858441,telefone,sms,https://portal.exemplo.com.br/r/awokuuu74cvdd3sf,2026-09-18
tqsshsjt5ayucxln,CAMP-NOVOS-2026-09,MSG-V1,C0000561,11935858441,telefone,whatsapp,https://portal.exemplo.com.br/r/tqsshsjt5ayucxln,2026-09-18
qd2uhhr223hqskck,CAMP-NOVOS-2026-09,MSG-V1,C0000561,11935858441,telefone,rcs,https://portal.exemplo.com.br/r/qd2uhhr223hqskck,2026-09-18
enj3ejjgddm2pylm,CAMP-NOVOS-2026-09,MSG-V1,C0000561,11916923083,telefone,sms,https://portal.exemplo.com.br/r/enj3ejjgddm2pylm,2026-09-18
4ei72fs64o34m2xf,CAMP-NOVOS-2026-09,MSG-V1,C0000561,11916923083,telefone,whatsapp,https://portal.exemplo.com.br/r/4ei72fs64o34m2xf,2026-09-18
4xjpcbh4h3zwmrcl,CAMP-NOVOS-2026-09,MSG-V1,C0000561,11916923083,telefone,rcs,https://portal.exemplo.com.br/r/4xjpcbh4h3zwmrcl,2026-09-18
o4qlxxphdepnjahx,CAMP-NOVOS-2026-09,MSG-V1,C0000561,11927296700,telefone,sms,https://portal.exemplo.com.br/r/o4qlxxphdepnjahx,2026-09-18
lwfvg5ul2yij47n4,CAMP-NOVOS-2026-09,MSG-V1,C0000561,11927296700,telefone,whatsapp,https://portal.exemplo.com.br/r/lwfvg5ul2yij47n4,2026-09-18
lewcyl3bytavtk3v,CAMP-NOVOS-2026-09,MSG-V1,C0000561,11927296700,telefone,rcs,https://portal.exemplo.com.br/r/lewcyl3bytavtk3v,2026-09-18
hrvisgvgxdq3mvsg,CAMP-NOVOS-2026-09,MSG-V1,C0000561,11933315937,telefone,sms,https://portal.exemplo.com.br/r/hrvisgvgxdq3mvsg,2026-09-18
lpbomjv44p4iviz2,CAMP-NOVOS-2026-09,MSG-V1,C0000561,11933315937,telefone,whatsapp,https://portal.exemplo.com.br/r/lpbomjv44p4iviz2,2026-09-18
fsn6bpvgwu4m6yow,CAMP-NOVOS-2026-09,MSG-V1,C0000561,11933315937,telefone,rcs,https://portal.exemplo.com.br/r/fsn6bpvgwu4m6yow,2026-09-18
okcxow6niqgrq63p,CAMP-NOVOS-2026-09,MSG-V1,C0000561,cliente561_0@exemplo.com,email,email,https://portal.exemplo.com.br/r/okcxow6niqgrq63p,2026-09-18
wnabpgqybvkg664x,CAMP-NOVOS-2026-09,MSG-V1,C0000562,11931347754,telefone,sms,https://portal.exemplo.com.br/r/wnabpgqybvkg664x,2026-09-18
gzxmm2eu2i4vkjf5,CAMP-NOVOS-2026-09,MSG-V1,C0000562,11931347754,telefone,whatsapp,https://portal.exemplo.com.br/r/gzxmm2eu2i4vkjf5,2026-09-18
w4qumrdm7qnbjzei,CAMP-NOVOS-2026-09,MSG-V1,C0000562,11931347754,telefone,rcs,https://portal.exemplo.com.br/r/w4qumrdm7qnbjzei,2026-09-18
prteiz5dywgbqe4i,CAMP-NOVOS-2026-09,MSG-V1,C0000562,11922517871,telefone,sms,https://portal.exemplo.com.br/r/prteiz5dywgbqe4i,2026-09-18
hbljyxzycvcjw376,CAMP-NOVOS-2026-09,MSG-V1,C0000562,11922517871,telefone,whatsapp,https://portal.exemplo.com.br/r/hbljyxzycvcjw376,2026-09-18
l6gbrd757rmcs7ax,CAMP-NOVOS-2026-09,MSG-V1,C0000562,11922517871,telefone,rcs,https://portal.exemplo.com.br/r/l6gbrd757rmcs7ax,2026-09-18
dktatuale66vkq3v,CAMP-NOVOS-2026-09,MSG-V1,C0000562,11989629793,telefone,sms,https://portal.exemplo.com.br/r/dktatuale66vkq3v,2026-09-18
d7tmlbe7przjdmvn,CAMP-NOVOS-2026-09,MSG-V1,C0000562,11989629793,telefone,whatsapp,https://portal.exemplo.com.br/r/d7tmlbe7przjdmvn,2026-09-18
p47gzpnte3atnz5n,CAMP-NOVOS-2026-09,MSG-V1,C0000562,11989629793,telefone,rcs,https://portal.exemplo.com.br/r/p47gzpnte3atnz5n,2026-09-18
t5ydfxejeylvsjzz,CAMP-NOVOS-2026-09,MSG-V1,C0000562,cliente562_0@exemplo.com,email,email,https://portal.exemplo.com.br/r/t5ydfxejeylvsjzz,2026-09-18
hmhz257pvtsqgrcz,CAMP-NOVOS-2026-09,MSG-V1,C0000562,cliente562_1@exemplo.com,email,email,https://portal.exemplo.com.br/r/hmhz257pvtsqgrcz,2026-09-18
pn2ehvqbc3u3obzd,CAMP-NOVOS-2026-09,MSG-V1,C0000563,11949852264,telefone,sms,https://portal.exemplo.com.br/r/pn2ehvqbc3u3obzd,2026-09-18
efhvw6ezrillbe5p,CAMP-NOVOS-2026-09,MSG-V1,C0000563,11949852264,telefone,whatsapp,https://portal.exemplo.com.br/r/efhvw6ezrillbe5p,2026-09-18
a3gg7kbyawj5cuyu,CAMP-NOVOS-2026-09,MSG-V1,C0000563,11949852264,telefone,rcs,https://portal.exemplo.com.br/r/a3gg7kbyawj5cuyu,2026-09-18
udd4o4libolnussy,CAMP-NOVOS-2026-09,MSG-V1,C0000563,11942917490,telefone,sms,https://portal.exemplo.com.br/r/udd4o4libolnussy,2026-09-18
kldztdjzm6vk5lix,CAMP-NOVOS-2026-09,MSG-V1,C0000563,11942917490,telefone,whatsapp,https://portal.exemplo.com.br/r/kldztdjzm6vk5lix,2026-09-18
45ugw5ecwilnh5ta,CAMP-NOVOS-2026-09,MSG-V1,C0000563,11942917490,telefone,rcs,https://portal.exemplo.com.br/r/45ugw5ecwilnh5ta,2026-09-18
z5bzp7jp5giviq6e,CAMP-NOVOS-2026-09,MSG-V1,C0000563,cliente563_0@exemplo.com,email,email,https://portal.exemplo.com.br/r/z5bzp7jp5giviq6e,2026-09-18
tusdd2ibra6zfv7y,CAMP-NOVOS-2026-09,MSG-V1,C0000564,11924371585,telefone,sms,https://portal.exemplo.com.br/r/tusdd2ibra6zfv7y,2026-09-18
ji4msjfqgqepyliz,CAMP-NOVOS-2026-09,MSG-V1,C0000564,11924371585,telefone,whatsapp,https://portal.exemplo.com.br/r/ji4msjfqgqepyliz,2026-09-18
pwqx7ifovl7f4ju4,CAMP-NOVOS-2026-09,MSG-V1,C0000564,11924371585,telefone,rcs,https://portal.exemplo.com.br/r/pwqx7ifovl7f4ju4,2026-09-18
6vng7hk46ekxvdjk,CAMP-NOVOS-2026-09,MSG-V1,C0000564,cliente564_0@exemplo.com,email,email,https://portal.exemplo.com.br/r/6vng7hk46ekxvdjk,2026-09-18
3ydgahcwmucof7qb,CAMP-NOVOS-2026-09,MSG-V1,C0000565,11993977718,telefone,sms,https://portal.exemplo.com.br/r/3ydgahcwmucof7qb,2026-09-18
co5tuiaemnrygjtj,CAMP-NOVOS-2026-09,MSG-V1,C0000565,11993977718,telefone,whatsapp,https://portal.exemplo.com.br/r/co5tuiaemnrygjtj,2026-09-18
h2efs4evhc3mapli,CAMP-NOVOS-2026-09,MSG-V1,C0000565,11993977718,telefone,rcs,https://portal.exemplo.com.br/r/h2efs4evhc3mapli,2026-09-18
wfhy2zm7riauzgnr,CAMP-NOVOS-2026-09,MSG-V1,C0000565,cliente565_0@exemplo.com,email,email,https://portal.exemplo.com.br/r/wfhy2zm7riauzgnr,2026-09-18
u4tzkjdcpkju64mv,CAMP-NOVOS-2026-09,MSG-V1,C0000565,cliente565_1@exemplo.com,email,email,https://portal.exemplo.com.br/r/u4tzkjdcpkju64mv,2026-09-18
elu5wvibtbind6ay,CAMP-NOVOS-2026-09,MSG-V1,C0000566,11956544523,telefone,sms,https://portal.exemplo.com.br/r/elu5wvibtbind6ay,2026-09-18
yg2yxrtajyy47dnm,CAMP-NOVOS-2026-09,MSG-V1,C0000566,11956544523,telefone,whatsapp,https://portal.exemplo.com.br/r/yg2yxrtajyy47dnm,2026-09-18
knzoi5k42nwdbpp7,CAMP-NOVOS-2026-09,MSG-V1,C0000566,11956544523,telefone,rcs,https://portal.exemplo.com.br/r/knzoi5k42nwdbpp7,2026-09-18
vrty4denlpdjnpbn,CAMP-NOVOS-2026-09,MSG-V1,C0000566,cliente566_0@exemplo.com,email,email,https://portal.exemplo.com.br/r/vrty4denlpdjnpbn,2026-09-18
i7fjitc234ccmuno,CAMP-NOVOS-2026-09,MSG-V1,C0000566,cliente566_1@exemplo.com,email,email,https://portal.exemplo.com.br/r/i7fjitc234ccmuno,2026-09-18
x3o5ghqebnuccv5e,CAMP-NOVOS-2026-09,MSG-V1,C0000567,11925406645,telefone,sms,https://portal.exemplo.com.br/r/x3o5ghqebnuccv5e,2026-09-18
xjgwdie5y7psiwju,CAMP-NOVOS-2026-09,MSG-V1,C0000567,11925406645,telefone,whatsapp,https://portal.exemplo.com.br/r/xjgwdie5y7psiwju,2026-09-18
3m5wuo45ivisdqmf,CAMP-NOVOS-2026-09,MSG-V1,C0000567,11925406645,telefone,rcs,https://portal.exemplo.com.br/r/3m5wuo45ivisdqmf,2026-09-18
7i5wlw6cidjij275,CAMP-NOVOS-2026-09,MSG-V1,C0000567,11928597882,telefone,sms,https://portal.exemplo.com.br/r/7i5wlw6cidjij275,2026-09-18
bfx7usuexvic43fl,CAMP-NOVOS-2026-09,MSG-V1,C0000567,11928597882,telefone,whatsapp,https://portal.exemplo.com.br/r/bfx7usuexvic43fl,2026-09-18
io2te6hme4kiizbn,CAMP-NOVOS-2026-09,MSG-V1,C0000567,11928597882,telefone,rcs,https://portal.exemplo.com.br/r/io2te6hme4kiizbn,2026-09-18
64xbspvj4e4ppei4,CAMP-NOVOS-2026-09,MSG-V1,C0000567,cliente567_0@exemplo.com,email,email,https://portal.exemplo.com.br/r/64xbspvj4e4ppei4,2026-09-18
uhf26tvy77mjrrgo,CAMP-NOVOS-2026-09,MSG-V1,C0000567,cliente567_1@exemplo.com,email,email,https://portal.exemplo.com.br/r/uhf26tvy77mjrrgo,2026-09-18
tenfmpa2nrstrtsj,CAMP-NOVOS-2026-09,MSG-V1,C0000568,11935911301,telefone,sms,https://portal.exemplo.com.br/r/tenfmpa2nrstrtsj,2026-09-18
uyc42gzvudndsoj5,CAMP-NOVOS-2026-09,MSG-V1,C0000568,11935911301,telefone,whatsapp,https://portal.exemplo.com.br/r/uyc42gzvudndsoj5,2026-09-18
of7hww3w4ualmqrg,CAMP-NOVOS-2026-09,MSG-V1,C0000568,11935911301,telefone,rcs,https://portal.exemplo.com.br/r/of7hww3w4ualmqrg,2026-09-18
37yzjpeyeesh4gzh,CAMP-NOVOS-2026-09,MSG-V1,C0000568,11947726289,telefone,sms,https://portal.exemplo.com.br/r/37yzjpeyeesh4gzh,2026-09-18
6wtiubxl3vv2jxz3,CAMP-NOVOS-2026-09,MSG-V1,C0000568,11947726289,telefone,whatsapp,https://portal.exemplo.com.br/r/6wtiubxl3vv2jxz3,2026-09-18
5luu7sw54tnftvah,CAMP-NOVOS-2026-09,MSG-V1,C0000568,11947726289,telefone,rcs,https://portal.exemplo.com.br/r/5luu7sw54tnftvah,2026-09-18
qvlzruh7v5jw5miz,CAMP-NOVOS-2026-09,MSG-V1,C0000568,11988863503,telefone,sms,https://portal.exemplo.com.br/r/qvlzruh7v5jw5miz,2026-09-18
etiwwcucinbkeg4c,CAMP-NOVOS-2026-09,MSG-V1,C0000568,11988863503,telefone,whatsapp,https://portal.exemplo.com.br/r/etiwwcucinbkeg4c,2026-09-18
ctymfcdvh7wawjue,CAMP-NOVOS-2026-09,MSG-V1,C0000568,11988863503,telefone,rcs,https://portal.exemplo.com.br/r/ctymfcdvh7wawjue,2026-09-18
lvjqvpdgbkqpemdc,CAMP-NOVOS-2026-09,MSG-V1,C0000568,11975475674,telefone,sms,https://portal.exemplo.com.br/r/lvjqvpdgbkqpemdc,2026-09-18
s6bu2yhe2yo42fek,CAMP-NOVOS-2026-09,MSG-V1,C0000568,11975475674,telefone,whatsapp,https://portal.exemplo.com.br/r/s6bu2yhe2yo42fek,2026-09-18
7ixrm73fsi427jdc,CAMP-NOVOS-2026-09,MSG-V1,C0000568,11975475674,telefone,rcs,https://portal.exemplo.com.br/r/7ixrm73fsi427jdc,2026-09-18
wjt57zqsych7iex7,CAMP-NOVOS-2026-09,MSG-V1,C0000568,cliente568_0@exemplo.com,email,email,https://portal.exemplo.com.br/r/wjt57zqsych7iex7,2026-09-18
tkkkei3wtrqwhtj3,CAMP-NOVOS-2026-09,MSG-V1,C0000569,11918625670,telefone,sms,https://portal.exemplo.com.br/r/tkkkei3wtrqwhtj3,2026-09-18
vam3kunnha6m5j5k,CAMP-NOVOS-2026-09,MSG-V1,C0000569,11918625670,telefone,whatsapp,https://portal.exemplo.com.br/r/vam3kunnha6m5j5k,2026-09-18
p5ktyxhmu44fijql,CAMP-NOVOS-2026-09,MSG-V1,C0000569,11918625670,telefone,rcs,https://portal.exemplo.com.br/r/p5ktyxhmu44fijql,2026-09-18
pat4ie3w5dzpg56f,CAMP-NOVOS-2026-09,MSG-V1,C0000569,11978633149,telefone,sms,https://portal.exemplo.com.br/r/pat4ie3w5dzpg56f,2026-09-18
r24w5vekqvxad7h4,CAMP-NOVOS-2026-09,MSG-V1,C0000569,11978633149,telefone,whatsapp,https://portal.exemplo.com.br/r/r24w5vekqvxad7h4,2026-09-18
ufjxvbqsav6crrhi,CAMP-NOVOS-2026-09,MSG-V1,C0000569,11978633149,telefone,rcs,https://portal.exemplo.com.br/r/ufjxvbqsav6crrhi,2026-09-18
7fql4tafqmgt25ic,CAMP-NOVOS-2026-09,MSG-V1,C0000569,11991051682,telefone,sms,https://portal.exemplo.com.br/r/7fql4tafqmgt25ic,2026-09-18
jpbuj5snhxhircbc,CAMP-NOVOS-2026-09,MSG-V1,C0000569,11991051682,telefone,whatsapp,https://portal.exemplo.com.br/r/jpbuj5snhxhircbc,2026-09-18
rcv26zauka26l2pz,CAMP-NOVOS-2026-09,MSG-V1,C0000569,11991051682,telefone,rcs,https://portal.exemplo.com.br/r/rcv26zauka26l2pz,2026-09-18
kkdskgfwlsjwpaqd,CAMP-NOVOS-2026-09,MSG-V1,C0000569,cliente569_0@exemplo.com,email,email,https://portal.exemplo.com.br/r/kkdskgfwlsjwpaqd,2026-09-18
m65mpmm27f44ruh6,CAMP-NOVOS-2026-09,MSG-V1,C0000569,cliente569_1@exemplo.com,email,email,https://portal.exemplo.com.br/r/m65mpmm27f44ruh6,2026-09-18
ftljveagre6j7m3m,CAMP-NOVOS-2026-09,MSG-V1,C0000570,11926415312,telefone,sms,https://portal.exemplo.com.br/r/ftljveagre6j7m3m,2026-09-18
zygr643ft6wmao7u,CAMP-NOVOS-2026-09,MSG-V1,C0000570,11926415312,telefone,whatsapp,https://portal.exemplo.com.br/r/zygr643ft6wmao7u,2026-09-18
lc2texj7b7gd2np7,CAMP-NOVOS-2026-09,MSG-V1,C0000570,11926415312,telefone,rcs,https://portal.exemplo.com.br/r/lc2texj7b7gd2np7,2026-09-18
nzistph2scr3shzl,CAMP-NOVOS-2026-09,MSG-V1,C0000570,11954140102,telefone,sms,https://portal.exemplo.com.br/r/nzistph2scr3shzl,2026-09-18
tipcvpl6vikd66wy,CAMP-NOVOS-2026-09,MSG-V1,C0000570,11954140102,telefone,whatsapp,https://portal.exemplo.com.br/r/tipcvpl6vikd66wy,2026-09-18
e6t2p7lldg2iaf56,CAMP-NOVOS-2026-09,MSG-V1,C0000570,11954140102,telefone,rcs,https://portal.exemplo.com.br/r/e6t2p7lldg2iaf56,2026-09-18
7jydltyfmsn2ogte,CAMP-NOVOS-2026-09,MSG-V1,C0000570,11986164433,telefone,sms,https://portal.exemplo.com.br/r/7jydltyfmsn2ogte,2026-09-18
ldlpjipvj4wvioaz,CAMP-NOVOS-2026-09,MSG-V1,C0000570,11986164433,telefone,whatsapp,https://portal.exemplo.com.br/r/ldlpjipvj4wvioaz,2026-09-18
g6dmvu7rrdkqkjze,CAMP-NOVOS-2026-09,MSG-V1,C0000570,11986164433,telefone,rcs,https://portal.exemplo.com.br/r/g6dmvu7rrdkqkjze,2026-09-18
wioivh5yhhqsq6xa,CAMP-NOVOS-2026-09,MSG-V1,C0000570,cliente570_0@exemplo.com,email,email,https://portal.exemplo.com.br/r/wioivh5yhhqsq6xa,2026-09-18
df6ga7cbyffdbxdb,CAMP-NOVOS-2026-09,MSG-V1,C0000570,cliente570_1@exemplo.com,email,email,https://portal.exemplo.com.br/r/df6ga7cbyffdbxdb,2026-09-18
jq5ntrk2yzgm2ank,CAMP-NOVOS-2026-09,MSG-V1,C0000571,11968412302,telefone,sms,https://portal.exemplo.com.br/r/jq5ntrk2yzgm2ank,2026-09-18
gzb4i3ilrvuikbfz,CAMP-NOVOS-2026-09,MSG-V1,C0000571,11968412302,telefone,whatsapp,https://portal.exemplo.com.br/r/gzb4i3ilrvuikbfz,2026-09-18
7lgnsxx63gphkax3,CAMP-NOVOS-2026-09,MSG-V1,C0000571,11968412302,telefone,rcs,https://portal.exemplo.com.br/r/7lgnsxx63gphkax3,2026-09-18
aw5x4qzcnyc4sc2r,CAMP-NOVOS-2026-09,MSG-V1,C0000571,cliente571_0@exemplo.com,email,email,https://portal.exemplo.com.br/r/aw5x4qzcnyc4sc2r,2026-09-18
r5fmmcteydpvsj5l,CAMP-NOVOS-2026-09,MSG-V1,C0000572,11987364953,telefone,sms,https://portal.exemplo.com.br/r/r5fmmcteydpvsj5l,2026-09-18
hukg2eyhewyv4tf6,CAMP-NOVOS-2026-09,MSG-V1,C0000572,11987364953,telefone,whatsapp,https://portal.exemplo.com.br/r/hukg2eyhewyv4tf6,2026-09-18
xlacwh5a5aynz66b,CAMP-NOVOS-2026-09,MSG-V1,C0000572,11987364953,telefone,rcs,https://portal.exemplo.com.br/r/xlacwh5a5aynz66b,2026-09-18
xqbfgevqpshsbzdf,CAMP-NOVOS-2026-09,MSG-V1,C0000572,11912393947,telefone,sms,https://portal.exemplo.com.br/r/xqbfgevqpshsbzdf,2026-09-18
7t3wzugitjwqckog,CAMP-NOVOS-2026-09,MSG-V1,C0000572,11912393947,telefone,whatsapp,https://portal.exemplo.com.br/r/7t3wzugitjwqckog,2026-09-18
sf7eoriumgqizslv,CAMP-NOVOS-2026-09,MSG-V1,C0000572,11912393947,telefone,rcs,https://portal.exemplo.com.br/r/sf7eoriumgqizslv,2026-09-18
xglab6kgisit52oy,CAMP-NOVOS-2026-09,MSG-V1,C0000572,11910623711,telefone,sms,https://portal.exemplo.com.br/r/xglab6kgisit52oy,2026-09-18
zicobf5j25oqyul6,CAMP-NOVOS-2026-09,MSG-V1,C0000572,11910623711,telefone,whatsapp,https://portal.exemplo.com.br/r/zicobf5j25oqyul6,2026-09-18
juj2ydt5ced3tmai,CAMP-NOVOS-2026-09,MSG-V1,C0000572,11910623711,telefone,rcs,https://portal.exemplo.com.br/r/juj2ydt5ced3tmai,2026-09-18
meor2yqgttj2psyc,CAMP-NOVOS-2026-09,MSG-V1,C0000572,cliente572_0@exemplo.com,email,email,https://portal.exemplo.com.br/r/meor2yqgttj2psyc,2026-09-18
wllxqc63xiohiqvl,CAMP-NOVOS-2026-09,MSG-V1,C0000573,11952572475,telefone,sms,https://portal.exemplo.com.br/r/wllxqc63xiohiqvl,2026-09-18
lcuamvyxperyv6jq,CAMP-NOVOS-2026-09,MSG-V1,C0000573,11952572475,telefone,whatsapp,https://portal.exemplo.com.br/r/lcuamvyxperyv6jq,2026-09-18
g5bxk2x6nymn26bj,CAMP-NOVOS-2026-09,MSG-V1,C0000573,11952572475,telefone,rcs,https://portal.exemplo.com.br/r/g5bxk2x6nymn26bj,2026-09-18
4amrn6xts6vb4u2w,CAMP-NOVOS-2026-09,MSG-V1,C0000573,11984685481,telefone,sms,https://portal.exemplo.com.br/r/4amrn6xts6vb4u2w,2026-09-18
swjowtx5rmpmfene,CAMP-NOVOS-2026-09,MSG-V1,C0000573,11984685481,telefone,whatsapp,https://portal.exemplo.com.br/r/swjowtx5rmpmfene,2026-09-18
3oujnioxl2vw55pl,CAMP-NOVOS-2026-09,MSG-V1,C0000573,11984685481,telefone,rcs,https://portal.exemplo.com.br/r/3oujnioxl2vw55pl,2026-09-18
yml7sfnj4bb4gwnh,CAMP-NOVOS-2026-09,MSG-V1,C0000573,11916318000,telefone,sms,https://portal.exemplo.com.br/r/yml7sfnj4bb4gwnh,2026-09-18
jljzc3nf46oyyqdy,CAMP-NOVOS-2026-09,MSG-V1,C0000573,11916318000,telefone,whatsapp,https://portal.exemplo.com.br/r/jljzc3nf46oyyqdy,2026-09-18
duphvlnmgdvqwrz3,CAMP-NOVOS-2026-09,MSG-V1,C0000573,11916318000,telefone,rcs,https://portal.exemplo.com.br/r/duphvlnmgdvqwrz3,2026-09-18
e5azzfvajvzdfrc7,CAMP-NOVOS-2026-09,MSG-V1,C0000573,11971012928,telefone,sms,https://portal.exemplo.com.br/r/e5azzfvajvzdfrc7,2026-09-18
igft4wxchj2hy5vc,CAMP-NOVOS-2026-09,MSG-V1,C0000573,11971012928,telefone,whatsapp,https://portal.exemplo.com.br/r/igft4wxchj2hy5vc,2026-09-18
3dfmksvuezbhgctk,CAMP-NOVOS-2026-09,MSG-V1,C0000573,11971012928,telefone,rcs,https://portal.exemplo.com.br/r/3dfmksvuezbhgctk,2026-09-18
b77rl3iu7foxh7s3,CAMP-NOVOS-2026-09,MSG-V1,C0000574,11968476310,telefone,sms,https://portal.exemplo.com.br/r/b77rl3iu7foxh7s3,2026-09-18
wgzt567noq6ukvke,CAMP-NOVOS-2026-09,MSG-V1,C0000574,11968476310,telefone,whatsapp,https://portal.exemplo.com.br/r/wgzt567noq6ukvke,2026-09-18
5yr4l54ktihl2gli,CAMP-NOVOS-2026-09,MSG-V1,C0000574,11968476310,telefone,rcs,https://portal.exemplo.com.br/r/5yr4l54ktihl2gli,2026-09-18
qlrooayt2o757hzd,CAMP-NOVOS-2026-09,MSG-V1,C0000574,11959510172,telefone,sms,https://portal.exemplo.com.br/r/qlrooayt2o757hzd,2026-09-18
kigfgw6ubnzcuisl,CAMP-NOVOS-2026-09,MSG-V1,C0000574,11959510172,telefone,whatsapp,https://portal.exemplo.com.br/r/kigfgw6ubnzcuisl,2026-09-18
c3dso5xhmv53m2cy,CAMP-NOVOS-2026-09,MSG-V1,C0000574,11959510172,telefone,rcs,https://portal.exemplo.com.br/r/c3dso5xhmv53m2cy,2026-09-18
pq4ppnxof7or3pwz,CAMP-NOVOS-2026-09,MSG-V1,C0000574,11910663217,telefone,sms,https://portal.exemplo.com.br/r/pq4ppnxof7or3pwz,2026-09-18
jpvqaebb5gslzdwz,CAMP-NOVOS-2026-09,MSG-V1,C0000574,11910663217,telefone,whatsapp,https://portal.exemplo.com.br/r/jpvqaebb5gslzdwz,2026-09-18
rrz7mzfqz3iovgms,CAMP-NOVOS-2026-09,MSG-V1,C0000574,11910663217,telefone,rcs,https://portal.exemplo.com.br/r/rrz7mzfqz3iovgms,2026-09-18
tr6pkvmrek5kaumz,CAMP-NOVOS-2026-09,MSG-V1,C0000574,cliente574_0@exemplo.com,email,email,https://portal.exemplo.com.br/r/tr6pkvmrek5kaumz,2026-09-18
5skphvwknjj6lrdz,CAMP-NOVOS-2026-09,MSG-V1,C0000575,11928490280,telefone,sms,https://portal.exemplo.com.br/r/5skphvwknjj6lrdz,2026-09-18
5a5abri3ryprfrmr,CAMP-NOVOS-2026-09,MSG-V1,C0000575,11928490280,telefone,whatsapp,https://portal.exemplo.com.br/r/5a5abri3ryprfrmr,2026-09-18
jzmsftadqlxedbgm,CAMP-NOVOS-2026-09,MSG-V1,C0000575,11928490280,telefone,rcs,https://portal.exemplo.com.br/r/jzmsftadqlxedbgm,2026-09-18
vci276uqu2vieqqc,CAMP-NOVOS-2026-09,MSG-V1,C0000575,11952860106,telefone,sms,https://portal.exemplo.com.br/r/vci276uqu2vieqqc,2026-09-18
qdzxonhi7sumwouk,CAMP-NOVOS-2026-09,MSG-V1,C0000575,11952860106,telefone,whatsapp,https://portal.exemplo.com.br/r/qdzxonhi7sumwouk,2026-09-18
6r2zmeclfwyoi2rb,CAMP-NOVOS-2026-09,MSG-V1,C0000575,11952860106,telefone,rcs,https://portal.exemplo.com.br/r/6r2zmeclfwyoi2rb,2026-09-18
yqbavqly3mrg3qh5,CAMP-NOVOS-2026-09,MSG-V1,C0000575,11988400641,telefone,sms,https://portal.exemplo.com.br/r/yqbavqly3mrg3qh5,2026-09-18
zkmjfrgdz632jr6o,CAMP-NOVOS-2026-09,MSG-V1,C0000575,11988400641,telefone,whatsapp,https://portal.exemplo.com.br/r/zkmjfrgdz632jr6o,2026-09-18
c2ziwpkdadcebeji,CAMP-NOVOS-2026-09,MSG-V1,C0000575,11988400641,telefone,rcs,https://portal.exemplo.com.br/r/c2ziwpkdadcebeji,2026-09-18
zp44vmbynextddct,CAMP-NOVOS-2026-09,MSG-V1,C0000575,11965471370,telefone,sms,https://portal.exemplo.com.br/r/zp44vmbynextddct,2026-09-18
mfhf5w7wbt5zsc2f,CAMP-NOVOS-2026-09,MSG-V1,C0000575,11965471370,telefone,whatsapp,https://portal.exemplo.com.br/r/mfhf5w7wbt5zsc2f,2026-09-18
2aqnq57etfkgza2n,CAMP-NOVOS-2026-09,MSG-V1,C0000575,11965471370,telefone,rcs,https://portal.exemplo.com.br/r/2aqnq57etfkgza2n,2026-09-18
qe265odnuxrckcaa,CAMP-NOVOS-2026-09,MSG-V1,C0000575,cliente575_0@exemplo.com,email,email,https://portal.exemplo.com.br/r/qe265odnuxrckcaa,2026-09-18
qqpng3oh2tsebuat,CAMP-NOVOS-2026-09,MSG-V1,C0000575,cliente575_1@exemplo.com,email,email,https://portal.exemplo.com.br/r/qqpng3oh2tsebuat,2026-09-18
5lvmee7x2zw5i6sm,CAMP-NOVOS-2026-09,MSG-V1,C0000576,11984962645,telefone,sms,https://portal.exemplo.com.br/r/5lvmee7x2zw5i6sm,2026-09-18
avdopmvwtuc7vxwa,CAMP-NOVOS-2026-09,MSG-V1,C0000576,11984962645,telefone,whatsapp,https://portal.exemplo.com.br/r/avdopmvwtuc7vxwa,2026-09-18
7wqy2ug2iwplby4v,CAMP-NOVOS-2026-09,MSG-V1,C0000576,11984962645,telefone,rcs,https://portal.exemplo.com.br/r/7wqy2ug2iwplby4v,2026-09-18
t5nh6wmnwqq5zyat,CAMP-NOVOS-2026-09,MSG-V1,C0000576,11996856891,telefone,sms,https://portal.exemplo.com.br/r/t5nh6wmnwqq5zyat,2026-09-18
7ra4niyagcyjppzr,CAMP-NOVOS-2026-09,MSG-V1,C0000576,11996856891,telefone,whatsapp,https://portal.exemplo.com.br/r/7ra4niyagcyjppzr,2026-09-18
btjkfnim5lkid2gs,CAMP-NOVOS-2026-09,MSG-V1,C0000576,11996856891,telefone,rcs,https://portal.exemplo.com.br/r/btjkfnim5lkid2gs,2026-09-18
uooozfk2gckiwiwd,CAMP-NOVOS-2026-09,MSG-V1,C0000576,11937634253,telefone,sms,https://portal.exemplo.com.br/r/uooozfk2gckiwiwd,2026-09-18
jwyfkmmqqdudtcwd,CAMP-NOVOS-2026-09,MSG-V1,C0000576,11937634253,telefone,whatsapp,https://portal.exemplo.com.br/r/jwyfkmmqqdudtcwd,2026-09-18
7qhfm7kz3xfdgnl7,CAMP-NOVOS-2026-09,MSG-V1,C0000576,11937634253,telefone,rcs,https://portal.exemplo.com.br/r/7qhfm7kz3xfdgnl7,2026-09-18
izy7qucpi74h7jh6,CAMP-NOVOS-2026-09,MSG-V1,C0000576,cliente576_0@exemplo.com,email,email,https://portal.exemplo.com.br/r/izy7qucpi74h7jh6,2026-09-18
m4dbnsfb2xfhuhjc,CAMP-NOVOS-2026-09,MSG-V1,C0000577,11970937796,telefone,sms,https://portal.exemplo.com.br/r/m4dbnsfb2xfhuhjc,2026-09-18
s3e33rhzdo3i4iea,CAMP-NOVOS-2026-09,MSG-V1,C0000577,11970937796,telefone,whatsapp,https://portal.exemplo.com.br/r/s3e33rhzdo3i4iea,2026-09-18
swmjaxvghaiz6ehu,CAMP-NOVOS-2026-09,MSG-V1,C0000577,11970937796,telefone,rcs,https://portal.exemplo.com.br/r/swmjaxvghaiz6ehu,2026-09-18
ny66kiu7bakuhyyr,CAMP-NOVOS-2026-09,MSG-V1,C0000577,11924181508,telefone,sms,https://portal.exemplo.com.br/r/ny66kiu7bakuhyyr,2026-09-18
vvi2b275wl75pvqw,CAMP-NOVOS-2026-09,MSG-V1,C0000577,11924181508,telefone,whatsapp,https://portal.exemplo.com.br/r/vvi2b275wl75pvqw,2026-09-18
s2bizwsus3qrsy34,CAMP-NOVOS-2026-09,MSG-V1,C0000577,11924181508,telefone,rcs,https://portal.exemplo.com.br/r/s2bizwsus3qrsy34,2026-09-18
2qyfjf6unywkwdl6,CAMP-NOVOS-2026-09,MSG-V1,C0000577,11939364802,telefone,sms,https://portal.exemplo.com.br/r/2qyfjf6unywkwdl6,2026-09-18
c52gpv5pftivvcow,CAMP-NOVOS-2026-09,MSG-V1,C0000577,11939364802,telefone,whatsapp,https://portal.exemplo.com.br/r/c52gpv5pftivvcow,2026-09-18
e4bo72nirl73ak74,CAMP-NOVOS-2026-09,MSG-V1,C0000577,11939364802,telefone,rcs,https://portal.exemplo.com.br/r/e4bo72nirl73ak74,2026-09-18
7gybbp7mnkqidmzt,CAMP-NOVOS-2026-09,MSG-V1,C0000577,cliente577_0@exemplo.com,email,email,https://portal.exemplo.com.br/r/7gybbp7mnkqidmzt,2026-09-18
oruga2jgkm4y3y4d,CAMP-NOVOS-2026-09,MSG-V1,C0000578,11924790683,telefone,sms,https://portal.exemplo.com.br/r/oruga2jgkm4y3y4d,2026-09-18
ehzhgywoslryw24r,CAMP-NOVOS-2026-09,MSG-V1,C0000578,11924790683,telefone,whatsapp,https://portal.exemplo.com.br/r/ehzhgywoslryw24r,2026-09-18
5gjmf753imrqdulx,CAMP-NOVOS-2026-09,MSG-V1,C0000578,11924790683,telefone,rcs,https://portal.exemplo.com.br/r/5gjmf753imrqdulx,2026-09-18
ld6mtdva4s5cdaf3,CAMP-NOVOS-2026-09,MSG-V1,C0000578,cliente578_0@exemplo.com,email,email,https://portal.exemplo.com.br/r/ld6mtdva4s5cdaf3,2026-09-18
ncbwn57p7kmgazo3,CAMP-NOVOS-2026-09,MSG-V1,C0000579,11977402853,telefone,sms,https://portal.exemplo.com.br/r/ncbwn57p7kmgazo3,2026-09-18
2laegedzx3juvw7l,CAMP-NOVOS-2026-09,MSG-V1,C0000579,11977402853,telefone,whatsapp,https://portal.exemplo.com.br/r/2laegedzx3juvw7l,2026-09-18
zfwai6knylryfu45,CAMP-NOVOS-2026-09,MSG-V1,C0000579,11977402853,telefone,rcs,https://portal.exemplo.com.br/r/zfwai6knylryfu45,2026-09-18
mzdwbfpwajji5l3e,CAMP-NOVOS-2026-09,MSG-V1,C0000579,11969235732,telefone,sms,https://portal.exemplo.com.br/r/mzdwbfpwajji5l3e,2026-09-18
7evgnrossv7ablbu,CAMP-NOVOS-2026-09,MSG-V1,C0000579,11969235732,telefone,whatsapp,https://portal.exemplo.com.br/r/7evgnrossv7ablbu,2026-09-18
kubuhsxuwgu3dr3y,CAMP-NOVOS-2026-09,MSG-V1,C0000579,11969235732,telefone,rcs,https://portal.exemplo.com.br/r/kubuhsxuwgu3dr3y,2026-09-18
jeh4admvcbsj2e7g,CAMP-NOVOS-2026-09,MSG-V1,C0000579,11997056537,telefone,sms,https://portal.exemplo.com.br/r/jeh4admvcbsj2e7g,2026-09-18
sra3ju7t2gffyrcb,CAMP-NOVOS-2026-09,MSG-V1,C0000579,11997056537,telefone,whatsapp,https://portal.exemplo.com.br/r/sra3ju7t2gffyrcb,2026-09-18
ricw3ysoz6pqnihv,CAMP-NOVOS-2026-09,MSG-V1,C0000579,11997056537,telefone,rcs,https://portal.exemplo.com.br/r/ricw3ysoz6pqnihv,2026-09-18
qj3fdbpiiufonpd4,CAMP-NOVOS-2026-09,MSG-V1,C0000579,11936029062,telefone,sms,https://portal.exemplo.com.br/r/qj3fdbpiiufonpd4,2026-09-18
rcqd27hhxrvzxlqo,CAMP-NOVOS-2026-09,MSG-V1,C0000579,11936029062,telefone,whatsapp,https://portal.exemplo.com.br/r/rcqd27hhxrvzxlqo,2026-09-18
ecuujb3quqb4zj6z,CAMP-NOVOS-2026-09,MSG-V1,C0000579,11936029062,telefone,rcs,https://portal.exemplo.com.br/r/ecuujb3quqb4zj6z,2026-09-18
invr6dgl3glhhz3o,CAMP-NOVOS-2026-09,MSG-V1,C0000579,cliente579_0@exemplo.com,email,email,https://portal.exemplo.com.br/r/invr6dgl3glhhz3o,2026-09-18
zf33khqvxflwhxmn,CAMP-NOVOS-2026-09,MSG-V1,C0000580,11914789956,telefone,sms,https://portal.exemplo.com.br/r/zf33khqvxflwhxmn,2026-09-18
5f5d5e25xecqmego,CAMP-NOVOS-2026-09,MSG-V1,C0000580,11914789956,telefone,whatsapp,https://portal.exemplo.com.br/r/5f5d5e25xecqmego,2026-09-18
rdtshggzw2663iyk,CAMP-NOVOS-2026-09,MSG-V1,C0000580,11914789956,telefone,rcs,https://portal.exemplo.com.br/r/rdtshggzw2663iyk,2026-09-18
ftuwa7bpifggwmdg,CAMP-NOVOS-2026-09,MSG-V1,C0000581,11976460815,telefone,sms,https://portal.exemplo.com.br/r/ftuwa7bpifggwmdg,2026-09-18
indyaaxga2i4hf4l,CAMP-NOVOS-2026-09,MSG-V1,C0000581,11976460815,telefone,whatsapp,https://portal.exemplo.com.br/r/indyaaxga2i4hf4l,2026-09-18
tpjhvxzm6o4lhjvr,CAMP-NOVOS-2026-09,MSG-V1,C0000581,11976460815,telefone,rcs,https://portal.exemplo.com.br/r/tpjhvxzm6o4lhjvr,2026-09-18
ject6xqknwsxw3po,CAMP-NOVOS-2026-09,MSG-V1,C0000582,11932848229,telefone,sms,https://portal.exemplo.com.br/r/ject6xqknwsxw3po,2026-09-18
k6ys4gooz2vyrjzo,CAMP-NOVOS-2026-09,MSG-V1,C0000582,11932848229,telefone,whatsapp,https://portal.exemplo.com.br/r/k6ys4gooz2vyrjzo,2026-09-18
afkgcs7fr3dricfm,CAMP-NOVOS-2026-09,MSG-V1,C0000582,11932848229,telefone,rcs,https://portal.exemplo.com.br/r/afkgcs7fr3dricfm,2026-09-18
5uvowhnycmc4c2vn,CAMP-NOVOS-2026-09,MSG-V1,C0000582,11935144941,telefone,sms,https://portal.exemplo.com.br/r/5uvowhnycmc4c2vn,2026-09-18
ricklw3c4sfaqtev,CAMP-NOVOS-2026-09,MSG-V1,C0000582,11935144941,telefone,whatsapp,https://portal.exemplo.com.br/r/ricklw3c4sfaqtev,2026-09-18
r4bqsgxspozjejp6,CAMP-NOVOS-2026-09,MSG-V1,C0000582,11935144941,telefone,rcs,https://portal.exemplo.com.br/r/r4bqsgxspozjejp6,2026-09-18
dinwuomdz6m2usei,CAMP-NOVOS-2026-09,MSG-V1,C0000582,11971098100,telefone,sms,https://portal.exemplo.com.br/r/dinwuomdz6m2usei,2026-09-18
glfhgaulzvivs5bm,CAMP-NOVOS-2026-09,MSG-V1,C0000582,11971098100,telefone,whatsapp,https://portal.exemplo.com.br/r/glfhgaulzvivs5bm,2026-09-18
fzsnv7j67rjfdbc6,CAMP-NOVOS-2026-09,MSG-V1,C0000582,11971098100,telefone,rcs,https://portal.exemplo.com.br/r/fzsnv7j67rjfdbc6,2026-09-18
3fwa6ma4ytj6hlvf,CAMP-NOVOS-2026-09,MSG-V1,C0000582,11973699826,telefone,sms,https://portal.exemplo.com.br/r/3fwa6ma4ytj6hlvf,2026-09-18
js72nysgegs7rmks,CAMP-NOVOS-2026-09,MSG-V1,C0000582,11973699826,telefone,whatsapp,https://portal.exemplo.com.br/r/js72nysgegs7rmks,2026-09-18
rwmg3z3uil5udm2h,CAMP-NOVOS-2026-09,MSG-V1,C0000582,11973699826,telefone,rcs,https://portal.exemplo.com.br/r/rwmg3z3uil5udm2h,2026-09-18
ikv6thqi2duaaabs,CAMP-NOVOS-2026-09,MSG-V1,C0000582,cliente582_0@exemplo.com,email,email,https://portal.exemplo.com.br/r/ikv6thqi2duaaabs,2026-09-18
qsofug7jlwskyrd2,CAMP-NOVOS-2026-09,MSG-V1,C0000583,11912334156,telefone,sms,https://portal.exemplo.com.br/r/qsofug7jlwskyrd2,2026-09-18
quq2fthlrw5w4jnb,CAMP-NOVOS-2026-09,MSG-V1,C0000583,11912334156,telefone,whatsapp,https://portal.exemplo.com.br/r/quq2fthlrw5w4jnb,2026-09-18
fqgbalgmhck2sggn,CAMP-NOVOS-2026-09,MSG-V1,C0000583,11912334156,telefone,rcs,https://portal.exemplo.com.br/r/fqgbalgmhck2sggn,2026-09-18
aunwhmdiqobqmzby,CAMP-NOVOS-2026-09,MSG-V1,C0000583,11949011532,telefone,sms,https://portal.exemplo.com.br/r/aunwhmdiqobqmzby,2026-09-18
6b3j5ny6fc7fd3nz,CAMP-NOVOS-2026-09,MSG-V1,C0000583,11949011532,telefone,whatsapp,https://portal.exemplo.com.br/r/6b3j5ny6fc7fd3nz,2026-09-18
oqwvpr4u2lcaluaj,CAMP-NOVOS-2026-09,MSG-V1,C0000583,11949011532,telefone,rcs,https://portal.exemplo.com.br/r/oqwvpr4u2lcaluaj,2026-09-18
eioiijcxbvyeybkv,CAMP-NOVOS-2026-09,MSG-V1,C0000584,11944539524,telefone,sms,https://portal.exemplo.com.br/r/eioiijcxbvyeybkv,2026-09-18
kkq5hopein7zzqli,CAMP-NOVOS-2026-09,MSG-V1,C0000584,11944539524,telefone,whatsapp,https://portal.exemplo.com.br/r/kkq5hopein7zzqli,2026-09-18
mcwd2qna4qfguwb6,CAMP-NOVOS-2026-09,MSG-V1,C0000584,11944539524,telefone,rcs,https://portal.exemplo.com.br/r/mcwd2qna4qfguwb6,2026-09-18
qu5owbnhgvmr6a2n,CAMP-NOVOS-2026-09,MSG-V1,C0000584,11971572485,telefone,sms,https://portal.exemplo.com.br/r/qu5owbnhgvmr6a2n,2026-09-18
ddsecmlnia6uhs4l,CAMP-NOVOS-2026-09,MSG-V1,C0000584,11971572485,telefone,whatsapp,https://portal.exemplo.com.br/r/ddsecmlnia6uhs4l,2026-09-18
tqi5apv55xxwfu7r,CAMP-NOVOS-2026-09,MSG-V1,C0000584,11971572485,telefone,rcs,https://portal.exemplo.com.br/r/tqi5apv55xxwfu7r,2026-09-18
ltmyxcexh7ti56gg,CAMP-NOVOS-2026-09,MSG-V1,C0000584,11954793672,telefone,sms,https://portal.exemplo.com.br/r/ltmyxcexh7ti56gg,2026-09-18
qapxgvlq6ozpexzz,CAMP-NOVOS-2026-09,MSG-V1,C0000584,11954793672,telefone,whatsapp,https://portal.exemplo.com.br/r/qapxgvlq6ozpexzz,2026-09-18
qoqtxdpb3lt7iiil,CAMP-NOVOS-2026-09,MSG-V1,C0000584,11954793672,telefone,rcs,https://portal.exemplo.com.br/r/qoqtxdpb3lt7iiil,2026-09-18
5wfclu2chka77lm7,CAMP-NOVOS-2026-09,MSG-V1,C0000584,cliente584_0@exemplo.com,email,email,https://portal.exemplo.com.br/r/5wfclu2chka77lm7,2026-09-18
2rde33ppq27nbmht,CAMP-NOVOS-2026-09,MSG-V1,C0000584,cliente584_1@exemplo.com,email,email,https://portal.exemplo.com.br/r/2rde33ppq27nbmht,2026-09-18
3lk4knwhm4t3abpy,CAMP-NOVOS-2026-09,MSG-V1,C0000585,11987522039,telefone,sms,https://portal.exemplo.com.br/r/3lk4knwhm4t3abpy,2026-09-18
mpgmlkgwi6w5t5w5,CAMP-NOVOS-2026-09,MSG-V1,C0000585,11987522039,telefone,whatsapp,https://portal.exemplo.com.br/r/mpgmlkgwi6w5t5w5,2026-09-18
nhslj4dndksr4tch,CAMP-NOVOS-2026-09,MSG-V1,C0000585,11987522039,telefone,rcs,https://portal.exemplo.com.br/r/nhslj4dndksr4tch,2026-09-18
tpgaixzcep55wdt6,CAMP-NOVOS-2026-09,MSG-V1,C0000585,11967810328,telefone,sms,https://portal.exemplo.com.br/r/tpgaixzcep55wdt6,2026-09-18
t2goqfnlxc6anqns,CAMP-NOVOS-2026-09,MSG-V1,C0000585,11967810328,telefone,whatsapp,https://portal.exemplo.com.br/r/t2goqfnlxc6anqns,2026-09-18
xnsu52h2lyvbltsk,CAMP-NOVOS-2026-09,MSG-V1,C0000585,11967810328,telefone,rcs,https://portal.exemplo.com.br/r/xnsu52h2lyvbltsk,2026-09-18
bza5tts2jsfleh6w,CAMP-NOVOS-2026-09,MSG-V1,C0000585,11936017047,telefone,sms,https://portal.exemplo.com.br/r/bza5tts2jsfleh6w,2026-09-18
p7s7r3hpyfvzkfao,CAMP-NOVOS-2026-09,MSG-V1,C0000585,11936017047,telefone,whatsapp,https://portal.exemplo.com.br/r/p7s7r3hpyfvzkfao,2026-09-18
c7eewbdejsaufxhk,CAMP-NOVOS-2026-09,MSG-V1,C0000585,11936017047,telefone,rcs,https://portal.exemplo.com.br/r/c7eewbdejsaufxhk,2026-09-18
lk7wf62rahnpbtzs,CAMP-NOVOS-2026-09,MSG-V1,C0000586,11954452330,telefone,sms,https://portal.exemplo.com.br/r/lk7wf62rahnpbtzs,2026-09-18
qx3bf4ol55tlz5fb,CAMP-NOVOS-2026-09,MSG-V1,C0000586,11954452330,telefone,whatsapp,https://portal.exemplo.com.br/r/qx3bf4ol55tlz5fb,2026-09-18
5adsqtewihuzl3mz,CAMP-NOVOS-2026-09,MSG-V1,C0000586,11954452330,telefone,rcs,https://portal.exemplo.com.br/r/5adsqtewihuzl3mz,2026-09-18
h5fqdbxk2h5erb4x,CAMP-NOVOS-2026-09,MSG-V1,C0000586,11947077262,telefone,sms,https://portal.exemplo.com.br/r/h5fqdbxk2h5erb4x,2026-09-18
jb4ztge7pfbcpgb6,CAMP-NOVOS-2026-09,MSG-V1,C0000586,11947077262,telefone,whatsapp,https://portal.exemplo.com.br/r/jb4ztge7pfbcpgb6,2026-09-18
3hzkkgzpgzpwvgao,CAMP-NOVOS-2026-09,MSG-V1,C0000586,11947077262,telefone,rcs,https://portal.exemplo.com.br/r/3hzkkgzpgzpwvgao,2026-09-18
brivv4n75szunrg6,CAMP-NOVOS-2026-09,MSG-V1,C0000587,11976964850,telefone,sms,https://portal.exemplo.com.br/r/brivv4n75szunrg6,2026-09-18
mq474hxjuqupbmhd,CAMP-NOVOS-2026-09,MSG-V1,C0000587,11976964850,telefone,whatsapp,https://portal.exemplo.com.br/r/mq474hxjuqupbmhd,2026-09-18
m6r5ltghqmvmmxeg,CAMP-NOVOS-2026-09,MSG-V1,C0000587,11976964850,telefone,rcs,https://portal.exemplo.com.br/r/m6r5ltghqmvmmxeg,2026-09-18
othckgjpsrpmuc4h,CAMP-NOVOS-2026-09,MSG-V1,C0000587,11929747600,telefone,sms,https://portal.exemplo.com.br/r/othckgjpsrpmuc4h,2026-09-18
qos3fsv5xpjxakm6,CAMP-NOVOS-2026-09,MSG-V1,C0000587,11929747600,telefone,whatsapp,https://portal.exemplo.com.br/r/qos3fsv5xpjxakm6,2026-09-18
eq64qj2x6eiukym7,CAMP-NOVOS-2026-09,MSG-V1,C0000587,11929747600,telefone,rcs,https://portal.exemplo.com.br/r/eq64qj2x6eiukym7,2026-09-18
3vwvzeol5qfjsqfl,CAMP-NOVOS-2026-09,MSG-V1,C0000587,11948893851,telefone,sms,https://portal.exemplo.com.br/r/3vwvzeol5qfjsqfl,2026-09-18
ovwwcorcaoczm3ei,CAMP-NOVOS-2026-09,MSG-V1,C0000587,11948893851,telefone,whatsapp,https://portal.exemplo.com.br/r/ovwwcorcaoczm3ei,2026-09-18
nz4nrh7hhw46onw2,CAMP-NOVOS-2026-09,MSG-V1,C0000587,11948893851,telefone,rcs,https://portal.exemplo.com.br/r/nz4nrh7hhw46onw2,2026-09-18
xrydpi6iszbkm7ov,CAMP-NOVOS-2026-09,MSG-V1,C0000587,cliente587_0@exemplo.com,email,email,https://portal.exemplo.com.br/r/xrydpi6iszbkm7ov,2026-09-18
t2ij4kfi4qxrrizm,CAMP-NOVOS-2026-09,MSG-V1,C0000588,11957278935,telefone,sms,https://portal.exemplo.com.br/r/t2ij4kfi4qxrrizm,2026-09-18
ihv7buuuimsan5l2,CAMP-NOVOS-2026-09,MSG-V1,C0000588,11957278935,telefone,whatsapp,https://portal.exemplo.com.br/r/ihv7buuuimsan5l2,2026-09-18
dxrsxwxy4tzjotxv,CAMP-NOVOS-2026-09,MSG-V1,C0000588,11957278935,telefone,rcs,https://portal.exemplo.com.br/r/dxrsxwxy4tzjotxv,2026-09-18
z2ia6azomplmo7t5,CAMP-NOVOS-2026-09,MSG-V1,C0000588,11943746828,telefone,sms,https://portal.exemplo.com.br/r/z2ia6azomplmo7t5,2026-09-18
zdbedp6nvncr4zxa,CAMP-NOVOS-2026-09,MSG-V1,C0000588,11943746828,telefone,whatsapp,https://portal.exemplo.com.br/r/zdbedp6nvncr4zxa,2026-09-18
3jzl3hslydqrwi6a,CAMP-NOVOS-2026-09,MSG-V1,C0000588,11943746828,telefone,rcs,https://portal.exemplo.com.br/r/3jzl3hslydqrwi6a,2026-09-18
5jeeshdyiygavwns,CAMP-NOVOS-2026-09,MSG-V1,C0000588,11977376391,telefone,sms,https://portal.exemplo.com.br/r/5jeeshdyiygavwns,2026-09-18
bej7f7fkhaxvk4aa,CAMP-NOVOS-2026-09,MSG-V1,C0000588,11977376391,telefone,whatsapp,https://portal.exemplo.com.br/r/bej7f7fkhaxvk4aa,2026-09-18
uquoen2jjqs2lqum,CAMP-NOVOS-2026-09,MSG-V1,C0000588,11977376391,telefone,rcs,https://portal.exemplo.com.br/r/uquoen2jjqs2lqum,2026-09-18
tgnsll43sdxfrwwx,CAMP-NOVOS-2026-09,MSG-V1,C0000588,11930808715,telefone,sms,https://portal.exemplo.com.br/r/tgnsll43sdxfrwwx,2026-09-18
fkhymsn63iy4ttb4,CAMP-NOVOS-2026-09,MSG-V1,C0000588,11930808715,telefone,whatsapp,https://portal.exemplo.com.br/r/fkhymsn63iy4ttb4,2026-09-18
xc5q6foe7t3qkioi,CAMP-NOVOS-2026-09,MSG-V1,C0000588,11930808715,telefone,rcs,https://portal.exemplo.com.br/r/xc5q6foe7t3qkioi,2026-09-18
z5olcliufvhekijj,CAMP-NOVOS-2026-09,MSG-V1,C0000588,cliente588_0@exemplo.com,email,email,https://portal.exemplo.com.br/r/z5olcliufvhekijj,2026-09-18
okjx6dt6fk44srbi,CAMP-NOVOS-2026-09,MSG-V1,C0000588,cliente588_1@exemplo.com,email,email,https://portal.exemplo.com.br/r/okjx6dt6fk44srbi,2026-09-18
hwubn6dnhzonfzkj,CAMP-NOVOS-2026-09,MSG-V1,C0000589,11945065845,telefone,sms,https://portal.exemplo.com.br/r/hwubn6dnhzonfzkj,2026-09-18
l4eoobo32b2engx5,CAMP-NOVOS-2026-09,MSG-V1,C0000589,11945065845,telefone,whatsapp,https://portal.exemplo.com.br/r/l4eoobo32b2engx5,2026-09-18
wgipv6wv3sdqrkkw,CAMP-NOVOS-2026-09,MSG-V1,C0000589,11945065845,telefone,rcs,https://portal.exemplo.com.br/r/wgipv6wv3sdqrkkw,2026-09-18
kuoyu3jg74ilj3wl,CAMP-NOVOS-2026-09,MSG-V1,C0000589,11990133190,telefone,sms,https://portal.exemplo.com.br/r/kuoyu3jg74ilj3wl,2026-09-18
h3qmwxtgveqed4c7,CAMP-NOVOS-2026-09,MSG-V1,C0000589,11990133190,telefone,whatsapp,https://portal.exemplo.com.br/r/h3qmwxtgveqed4c7,2026-09-18
tybukbwqm23escsw,CAMP-NOVOS-2026-09,MSG-V1,C0000589,11990133190,telefone,rcs,https://portal.exemplo.com.br/r/tybukbwqm23escsw,2026-09-18
ac5hac4njjr7kq36,CAMP-NOVOS-2026-09,MSG-V1,C0000589,11953282519,telefone,sms,https://portal.exemplo.com.br/r/ac5hac4njjr7kq36,2026-09-18
4jjn7g2wjhhfecgz,CAMP-NOVOS-2026-09,MSG-V1,C0000589,11953282519,telefone,whatsapp,https://portal.exemplo.com.br/r/4jjn7g2wjhhfecgz,2026-09-18
xojlu5w4g4fexjas,CAMP-NOVOS-2026-09,MSG-V1,C0000589,11953282519,telefone,rcs,https://portal.exemplo.com.br/r/xojlu5w4g4fexjas,2026-09-18
zxao725yzctq7db3,CAMP-NOVOS-2026-09,MSG-V1,C0000589,11936777331,telefone,sms,https://portal.exemplo.com.br/r/zxao725yzctq7db3,2026-09-18
be57tmzjfgixvrh3,CAMP-NOVOS-2026-09,MSG-V1,C0000589,11936777331,telefone,whatsapp,https://portal.exemplo.com.br/r/be57tmzjfgixvrh3,2026-09-18
rcgmpi4npipa63gv,CAMP-NOVOS-2026-09,MSG-V1,C0000589,11936777331,telefone,rcs,https://portal.exemplo.com.br/r/rcgmpi4npipa63gv,2026-09-18
3a45t66jnnw5cms6,CAMP-NOVOS-2026-09,MSG-V1,C0000590,11952045107,telefone,sms,https://portal.exemplo.com.br/r/3a45t66jnnw5cms6,2026-09-18
ppwi65svnhvgnt2d,CAMP-NOVOS-2026-09,MSG-V1,C0000590,11952045107,telefone,whatsapp,https://portal.exemplo.com.br/r/ppwi65svnhvgnt2d,2026-09-18
ynxelae4agy77a4n,CAMP-NOVOS-2026-09,MSG-V1,C0000590,11952045107,telefone,rcs,https://portal.exemplo.com.br/r/ynxelae4agy77a4n,2026-09-18
hiuih5doblwk3m5c,CAMP-NOVOS-2026-09,MSG-V1,C0000590,11957990755,telefone,sms,https://portal.exemplo.com.br/r/hiuih5doblwk3m5c,2026-09-18
uuwc4y5oegjajko3,CAMP-NOVOS-2026-09,MSG-V1,C0000590,11957990755,telefone,whatsapp,https://portal.exemplo.com.br/r/uuwc4y5oegjajko3,2026-09-18
36ol7wehn5hgffcc,CAMP-NOVOS-2026-09,MSG-V1,C0000590,11957990755,telefone,rcs,https://portal.exemplo.com.br/r/36ol7wehn5hgffcc,2026-09-18
l2govha2iuy6yf2j,CAMP-NOVOS-2026-09,MSG-V1,C0000590,11966439314,telefone,sms,https://portal.exemplo.com.br/r/l2govha2iuy6yf2j,2026-09-18
rdpqkfqahkmppry7,CAMP-NOVOS-2026-09,MSG-V1,C0000590,11966439314,telefone,whatsapp,https://portal.exemplo.com.br/r/rdpqkfqahkmppry7,2026-09-18
vaxltfx2txpxhtsz,CAMP-NOVOS-2026-09,MSG-V1,C0000590,11966439314,telefone,rcs,https://portal.exemplo.com.br/r/vaxltfx2txpxhtsz,2026-09-18
g4xdfo7pud5luime,CAMP-NOVOS-2026-09,MSG-V1,C0000590,11985015510,telefone,sms,https://portal.exemplo.com.br/r/g4xdfo7pud5luime,2026-09-18
t7rub42wsnccd76u,CAMP-NOVOS-2026-09,MSG-V1,C0000590,11985015510,telefone,whatsapp,https://portal.exemplo.com.br/r/t7rub42wsnccd76u,2026-09-18
qbzyujcui7mnwcnd,CAMP-NOVOS-2026-09,MSG-V1,C0000590,11985015510,telefone,rcs,https://portal.exemplo.com.br/r/qbzyujcui7mnwcnd,2026-09-18
thibtdl63w74x2ds,CAMP-NOVOS-2026-09,MSG-V1,C0000590,cliente590_0@exemplo.com,email,email,https://portal.exemplo.com.br/r/thibtdl63w74x2ds,2026-09-18
o7zhccxxh5jazg23,CAMP-NOVOS-2026-09,MSG-V1,C0000591,11926902822,telefone,sms,https://portal.exemplo.com.br/r/o7zhccxxh5jazg23,2026-09-18
pn3ghf4odrfvbc2f,CAMP-NOVOS-2026-09,MSG-V1,C0000591,11926902822,telefone,whatsapp,https://portal.exemplo.com.br/r/pn3ghf4odrfvbc2f,2026-09-18
st6zudvccvc2zxgx,CAMP-NOVOS-2026-09,MSG-V1,C0000591,11926902822,telefone,rcs,https://portal.exemplo.com.br/r/st6zudvccvc2zxgx,2026-09-18
rffcm5q7j4qiunaq,CAMP-NOVOS-2026-09,MSG-V1,C0000591,11979525894,telefone,sms,https://portal.exemplo.com.br/r/rffcm5q7j4qiunaq,2026-09-18
kqrjiipo6gpkaftm,CAMP-NOVOS-2026-09,MSG-V1,C0000591,11979525894,telefone,whatsapp,https://portal.exemplo.com.br/r/kqrjiipo6gpkaftm,2026-09-18
mdl7ejzft7ecyoc3,CAMP-NOVOS-2026-09,MSG-V1,C0000591,11979525894,telefone,rcs,https://portal.exemplo.com.br/r/mdl7ejzft7ecyoc3,2026-09-18
pwovmolrgocnv7ai,CAMP-NOVOS-2026-09,MSG-V1,C0000591,11917294228,telefone,sms,https://portal.exemplo.com.br/r/pwovmolrgocnv7ai,2026-09-18
rx4ypoilacz2uo2b,CAMP-NOVOS-2026-09,MSG-V1,C0000591,11917294228,telefone,whatsapp,https://portal.exemplo.com.br/r/rx4ypoilacz2uo2b,2026-09-18
e62s4bkp4sj4glus,CAMP-NOVOS-2026-09,MSG-V1,C0000591,11917294228,telefone,rcs,https://portal.exemplo.com.br/r/e62s4bkp4sj4glus,2026-09-18
24dmgeeidvfucty2,CAMP-NOVOS-2026-09,MSG-V1,C0000591,cliente591_0@exemplo.com,email,email,https://portal.exemplo.com.br/r/24dmgeeidvfucty2,2026-09-18
2ee7phqna7mx3hxe,CAMP-NOVOS-2026-09,MSG-V1,C0000591,cliente591_1@exemplo.com,email,email,https://portal.exemplo.com.br/r/2ee7phqna7mx3hxe,2026-09-18
dfj2uxgvdcpkuhml,CAMP-NOVOS-2026-09,MSG-V1,C0000592,11985436973,telefone,sms,https://portal.exemplo.com.br/r/dfj2uxgvdcpkuhml,2026-09-18
4l2mro6olq2q5ea3,CAMP-NOVOS-2026-09,MSG-V1,C0000592,11985436973,telefone,whatsapp,https://portal.exemplo.com.br/r/4l2mro6olq2q5ea3,2026-09-18
t5lxvc53zqgxokhd,CAMP-NOVOS-2026-09,MSG-V1,C0000592,11985436973,telefone,rcs,https://portal.exemplo.com.br/r/t5lxvc53zqgxokhd,2026-09-18
xdkgu36xf53pzt3g,CAMP-NOVOS-2026-09,MSG-V1,C0000592,cliente592_0@exemplo.com,email,email,https://portal.exemplo.com.br/r/xdkgu36xf53pzt3g,2026-09-18
x2cdnyq62ew3ifdi,CAMP-NOVOS-2026-09,MSG-V1,C0000593,11925395963,telefone,sms,https://portal.exemplo.com.br/r/x2cdnyq62ew3ifdi,2026-09-18
betc2bmj2p2ydu5x,CAMP-NOVOS-2026-09,MSG-V1,C0000593,11925395963,telefone,whatsapp,https://portal.exemplo.com.br/r/betc2bmj2p2ydu5x,2026-09-18
ledc5ogc6ozdp5bl,CAMP-NOVOS-2026-09,MSG-V1,C0000593,11925395963,telefone,rcs,https://portal.exemplo.com.br/r/ledc5ogc6ozdp5bl,2026-09-18
mt4apn4pr6oennwd,CAMP-NOVOS-2026-09,MSG-V1,C0000593,11926244964,telefone,sms,https://portal.exemplo.com.br/r/mt4apn4pr6oennwd,2026-09-18
g6oskp3rm7axjrgq,CAMP-NOVOS-2026-09,MSG-V1,C0000593,11926244964,telefone,whatsapp,https://portal.exemplo.com.br/r/g6oskp3rm7axjrgq,2026-09-18
lgb7kuogvakhtpd2,CAMP-NOVOS-2026-09,MSG-V1,C0000593,11926244964,telefone,rcs,https://portal.exemplo.com.br/r/lgb7kuogvakhtpd2,2026-09-18
tjfbfhb5y2ytppwb,CAMP-NOVOS-2026-09,MSG-V1,C0000593,11943179439,telefone,sms,https://portal.exemplo.com.br/r/tjfbfhb5y2ytppwb,2026-09-18
uwlqc6ohu6aszhgv,CAMP-NOVOS-2026-09,MSG-V1,C0000593,11943179439,telefone,whatsapp,https://portal.exemplo.com.br/r/uwlqc6ohu6aszhgv,2026-09-18
qjr3acvt3egacrom,CAMP-NOVOS-2026-09,MSG-V1,C0000593,11943179439,telefone,rcs,https://portal.exemplo.com.br/r/qjr3acvt3egacrom,2026-09-18
z2v2friivsaxkr7o,CAMP-NOVOS-2026-09,MSG-V1,C0000593,11977887931,telefone,sms,https://portal.exemplo.com.br/r/z2v2friivsaxkr7o,2026-09-18
obtjlvwh3cj3y7k4,CAMP-NOVOS-2026-09,MSG-V1,C0000593,11977887931,telefone,whatsapp,https://portal.exemplo.com.br/r/obtjlvwh3cj3y7k4,2026-09-18
7jcnwj7pp7njghfj,CAMP-NOVOS-2026-09,MSG-V1,C0000593,11977887931,telefone,rcs,https://portal.exemplo.com.br/r/7jcnwj7pp7njghfj,2026-09-18
ebnyv6nmdsbpgaei,CAMP-NOVOS-2026-09,MSG-V1,C0000594,11992833614,telefone,sms,https://portal.exemplo.com.br/r/ebnyv6nmdsbpgaei,2026-09-18
4feqc3x4nuuytfwz,CAMP-NOVOS-2026-09,MSG-V1,C0000594,11992833614,telefone,whatsapp,https://portal.exemplo.com.br/r/4feqc3x4nuuytfwz,2026-09-18
ftvxdcjoxoo3fc54,CAMP-NOVOS-2026-09,MSG-V1,C0000594,11992833614,telefone,rcs,https://portal.exemplo.com.br/r/ftvxdcjoxoo3fc54,2026-09-18
dp2x2mw3angbpm4z,CAMP-NOVOS-2026-09,MSG-V1,C0000594,11912906871,telefone,sms,https://portal.exemplo.com.br/r/dp2x2mw3angbpm4z,2026-09-18
j2l2hf6nsrsjlven,CAMP-NOVOS-2026-09,MSG-V1,C0000594,11912906871,telefone,whatsapp,https://portal.exemplo.com.br/r/j2l2hf6nsrsjlven,2026-09-18
btxqcgckkdaucnxc,CAMP-NOVOS-2026-09,MSG-V1,C0000594,11912906871,telefone,rcs,https://portal.exemplo.com.br/r/btxqcgckkdaucnxc,2026-09-18
4ho3yjkgjyekvu5h,CAMP-NOVOS-2026-09,MSG-V1,C0000594,11998243507,telefone,sms,https://portal.exemplo.com.br/r/4ho3yjkgjyekvu5h,2026-09-18
uqae3agbrapeg64e,CAMP-NOVOS-2026-09,MSG-V1,C0000594,11998243507,telefone,whatsapp,https://portal.exemplo.com.br/r/uqae3agbrapeg64e,2026-09-18
cfux4t2q4f36cs5y,CAMP-NOVOS-2026-09,MSG-V1,C0000594,11998243507,telefone,rcs,https://portal.exemplo.com.br/r/cfux4t2q4f36cs5y,2026-09-18
lcxg5gbjvh2k7qma,CAMP-NOVOS-2026-09,MSG-V1,C0000594,11983374285,telefone,sms,https://portal.exemplo.com.br/r/lcxg5gbjvh2k7qma,2026-09-18
jihk2auzvm7xeovm,CAMP-NOVOS-2026-09,MSG-V1,C0000594,11983374285,telefone,whatsapp,https://portal.exemplo.com.br/r/jihk2auzvm7xeovm,2026-09-18
aieqwxhdxha6fqaf,CAMP-NOVOS-2026-09,MSG-V1,C0000594,11983374285,telefone,rcs,https://portal.exemplo.com.br/r/aieqwxhdxha6fqaf,2026-09-18
u27ukc3y5hkmxxax,CAMP-NOVOS-2026-09,MSG-V1,C0000594,cliente594_0@exemplo.com,email,email,https://portal.exemplo.com.br/r/u27ukc3y5hkmxxax,2026-09-18
eg5emzmq7wiypmdt,CAMP-NOVOS-2026-09,MSG-V1,C0000595,11929886575,telefone,sms,https://portal.exemplo.com.br/r/eg5emzmq7wiypmdt,2026-09-18
4mgfkucoie4t62si,CAMP-NOVOS-2026-09,MSG-V1,C0000595,11929886575,telefone,whatsapp,https://portal.exemplo.com.br/r/4mgfkucoie4t62si,2026-09-18
csjnrlurck6et7gy,CAMP-NOVOS-2026-09,MSG-V1,C0000595,11929886575,telefone,rcs,https://portal.exemplo.com.br/r/csjnrlurck6et7gy,2026-09-18
6yplp5vo3h2vc2p7,CAMP-NOVOS-2026-09,MSG-V1,C0000595,11985726861,telefone,sms,https://portal.exemplo.com.br/r/6yplp5vo3h2vc2p7,2026-09-18
cff4gsymgdprw4kx,CAMP-NOVOS-2026-09,MSG-V1,C0000595,11985726861,telefone,whatsapp,https://portal.exemplo.com.br/r/cff4gsymgdprw4kx,2026-09-18
ug7okug3ubmaonvs,CAMP-NOVOS-2026-09,MSG-V1,C0000595,11985726861,telefone,rcs,https://portal.exemplo.com.br/r/ug7okug3ubmaonvs,2026-09-18
a3jewpoxll7ixxme,CAMP-NOVOS-2026-09,MSG-V1,C0000595,11914574615,telefone,sms,https://portal.exemplo.com.br/r/a3jewpoxll7ixxme,2026-09-18
xqceklm2ldinndds,CAMP-NOVOS-2026-09,MSG-V1,C0000595,11914574615,telefone,whatsapp,https://portal.exemplo.com.br/r/xqceklm2ldinndds,2026-09-18
l3fnjsdn62g24thr,CAMP-NOVOS-2026-09,MSG-V1,C0000595,11914574615,telefone,rcs,https://portal.exemplo.com.br/r/l3fnjsdn62g24thr,2026-09-18
awo3z3ue2t2zkbih,CAMP-NOVOS-2026-09,MSG-V1,C0000595,11993198410,telefone,sms,https://portal.exemplo.com.br/r/awo3z3ue2t2zkbih,2026-09-18
2jykvsoezqah6eun,CAMP-NOVOS-2026-09,MSG-V1,C0000595,11993198410,telefone,whatsapp,https://portal.exemplo.com.br/r/2jykvsoezqah6eun,2026-09-18
b34v3bt3nlt5iawr,CAMP-NOVOS-2026-09,MSG-V1,C0000595,11993198410,telefone,rcs,https://portal.exemplo.com.br/r/b34v3bt3nlt5iawr,2026-09-18
vdrnhgagbqvbvqrr,CAMP-NOVOS-2026-09,MSG-V1,C0000595,cliente595_0@exemplo.com,email,email,https://portal.exemplo.com.br/r/vdrnhgagbqvbvqrr,2026-09-18
5iszkyhix4b3ifba,CAMP-NOVOS-2026-09,MSG-V1,C0000596,11978859755,telefone,sms,https://portal.exemplo.com.br/r/5iszkyhix4b3ifba,2026-09-18
peugjl5tvts4hmhv,CAMP-NOVOS-2026-09,MSG-V1,C0000596,11978859755,telefone,whatsapp,https://portal.exemplo.com.br/r/peugjl5tvts4hmhv,2026-09-18
qs4bhrvsq2uyubl6,CAMP-NOVOS-2026-09,MSG-V1,C0000596,11978859755,telefone,rcs,https://portal.exemplo.com.br/r/qs4bhrvsq2uyubl6,2026-09-18
y3rx4pj6cv4kgqbs,CAMP-NOVOS-2026-09,MSG-V1,C0000596,11957226789,telefone,sms,https://portal.exemplo.com.br/r/y3rx4pj6cv4kgqbs,2026-09-18
osuuf2ac7nlcupl3,CAMP-NOVOS-2026-09,MSG-V1,C0000596,11957226789,telefone,whatsapp,https://portal.exemplo.com.br/r/osuuf2ac7nlcupl3,2026-09-18
3xxfb37v6souaupq,CAMP-NOVOS-2026-09,MSG-V1,C0000596,11957226789,telefone,rcs,https://portal.exemplo.com.br/r/3xxfb37v6souaupq,2026-09-18
zqfhgmbz4qz6iump,CAMP-NOVOS-2026-09,MSG-V1,C0000596,cliente596_0@exemplo.com,email,email,https://portal.exemplo.com.br/r/zqfhgmbz4qz6iump,2026-09-18
n5gybcvksaxiptir,CAMP-NOVOS-2026-09,MSG-V1,C0000596,cliente596_1@exemplo.com,email,email,https://portal.exemplo.com.br/r/n5gybcvksaxiptir,2026-09-18
mhlvvh26dqylpqjy,CAMP-NOVOS-2026-09,MSG-V1,C0000597,11991314709,telefone,sms,https://portal.exemplo.com.br/r/mhlvvh26dqylpqjy,2026-09-18
yby44foqf2xqrlai,CAMP-NOVOS-2026-09,MSG-V1,C0000597,11991314709,telefone,whatsapp,https://portal.exemplo.com.br/r/yby44foqf2xqrlai,2026-09-18
aohbz624msj6q6l2,CAMP-NOVOS-2026-09,MSG-V1,C0000597,11991314709,telefone,rcs,https://portal.exemplo.com.br/r/aohbz624msj6q6l2,2026-09-18
7wukoauy36vhbspu,CAMP-NOVOS-2026-09,MSG-V1,C0000597,11978045733,telefone,sms,https://portal.exemplo.com.br/r/7wukoauy36vhbspu,2026-09-18
j33zwysz7vhub3lx,CAMP-NOVOS-2026-09,MSG-V1,C0000597,11978045733,telefone,whatsapp,https://portal.exemplo.com.br/r/j33zwysz7vhub3lx,2026-09-18
es3pdp3yyyyjtld2,CAMP-NOVOS-2026-09,MSG-V1,C0000597,11978045733,telefone,rcs,https://portal.exemplo.com.br/r/es3pdp3yyyyjtld2,2026-09-18
gqrzwwwmn5xtv22o,CAMP-NOVOS-2026-09,MSG-V1,C0000597,11927370722,telefone,sms,https://portal.exemplo.com.br/r/gqrzwwwmn5xtv22o,2026-09-18
jxb74np74s6mjnfq,CAMP-NOVOS-2026-09,MSG-V1,C0000597,11927370722,telefone,whatsapp,https://portal.exemplo.com.br/r/jxb74np74s6mjnfq,2026-09-18
wxam2lfp756ep7y6,CAMP-NOVOS-2026-09,MSG-V1,C0000597,11927370722,telefone,rcs,https://portal.exemplo.com.br/r/wxam2lfp756ep7y6,2026-09-18
b745wl6w32y4h2ye,CAMP-NOVOS-2026-09,MSG-V1,C0000597,11987943552,telefone,sms,https://portal.exemplo.com.br/r/b745wl6w32y4h2ye,2026-09-18
6bhp52e4swpjsjyk,CAMP-NOVOS-2026-09,MSG-V1,C0000597,11987943552,telefone,whatsapp,https://portal.exemplo.com.br/r/6bhp52e4swpjsjyk,2026-09-18
p6fpnbp7jktuj6fy,CAMP-NOVOS-2026-09,MSG-V1,C0000597,11987943552,telefone,rcs,https://portal.exemplo.com.br/r/p6fpnbp7jktuj6fy,2026-09-18
526plpqiaowqzs56,CAMP-NOVOS-2026-09,MSG-V1,C0000597,cliente597_0@exemplo.com,email,email,https://portal.exemplo.com.br/r/526plpqiaowqzs56,2026-09-18
3ul7bcd2lu2dtqav,CAMP-NOVOS-2026-09,MSG-V1,C0000597,cliente597_1@exemplo.com,email,email,https://portal.exemplo.com.br/r/3ul7bcd2lu2dtqav,2026-09-18
7ny5elexz4bztusb,CAMP-NOVOS-2026-09,MSG-V1,C0000598,11941758221,telefone,sms,https://portal.exemplo.com.br/r/7ny5elexz4bztusb,2026-09-18
4mrrmhwojwfhfaux,CAMP-NOVOS-2026-09,MSG-V1,C0000598,11941758221,telefone,whatsapp,https://portal.exemplo.com.br/r/4mrrmhwojwfhfaux,2026-09-18
euwg4qd3nxlbcivo,CAMP-NOVOS-2026-09,MSG-V1,C0000598,11941758221,telefone,rcs,https://portal.exemplo.com.br/r/euwg4qd3nxlbcivo,2026-09-18
bx6zrs2iqsockqyp,CAMP-NOVOS-2026-09,MSG-V1,C0000598,11961550809,telefone,sms,https://portal.exemplo.com.br/r/bx6zrs2iqsockqyp,2026-09-18
gzrll2vya4webc2h,CAMP-NOVOS-2026-09,MSG-V1,C0000598,11961550809,telefone,whatsapp,https://portal.exemplo.com.br/r/gzrll2vya4webc2h,2026-09-18
b2uky6dpes66r7qh,CAMP-NOVOS-2026-09,MSG-V1,C0000598,11961550809,telefone,rcs,https://portal.exemplo.com.br/r/b2uky6dpes66r7qh,2026-09-18
atu7yclre26ga6g6,CAMP-NOVOS-2026-09,MSG-V1,C0000598,11918639582,telefone,sms,https://portal.exemplo.com.br/r/atu7yclre26ga6g6,2026-09-18
t2zvoqzawweakybl,CAMP-NOVOS-2026-09,MSG-V1,C0000598,11918639582,telefone,whatsapp,https://portal.exemplo.com.br/r/t2zvoqzawweakybl,2026-09-18
3vk6rncdwhcoa3k7,CAMP-NOVOS-2026-09,MSG-V1,C0000598,11918639582,telefone,rcs,https://portal.exemplo.com.br/r/3vk6rncdwhcoa3k7,2026-09-18
dtx5haz66y6ltz6a,CAMP-NOVOS-2026-09,MSG-V1,C0000598,cliente598_0@exemplo.com,email,email,https://portal.exemplo.com.br/r/dtx5haz66y6ltz6a,2026-09-18
6w2ydegnyysjv5ga,CAMP-NOVOS-2026-09,MSG-V1,C0000599,11960684499,telefone,sms,https://portal.exemplo.com.br/r/6w2ydegnyysjv5ga,2026-09-18
2lv357ymk7k5br7k,CAMP-NOVOS-2026-09,MSG-V1,C0000599,11960684499,telefone,whatsapp,https://portal.exemplo.com.br/r/2lv357ymk7k5br7k,2026-09-18
hdjnznq6wkdjz4gk,CAMP-NOVOS-2026-09,MSG-V1,C0000599,11960684499,telefone,rcs,https://portal.exemplo.com.br/r/hdjnznq6wkdjz4gk,2026-09-18
gjnwjebtf4udjrfh,CAMP-NOVOS-2026-09,MSG-V1,C0000599,11984687900,telefone,sms,https://portal.exemplo.com.br/r/gjnwjebtf4udjrfh,2026-09-18
63makajvdt725fnv,CAMP-NOVOS-2026-09,MSG-V1,C0000599,11984687900,telefone,whatsapp,https://portal.exemplo.com.br/r/63makajvdt725fnv,2026-09-18
e3gddtr3vrb4uw2c,CAMP-NOVOS-2026-09,MSG-V1,C0000599,11984687900,telefone,rcs,https://portal.exemplo.com.br/r/e3gddtr3vrb4uw2c,2026-09-18
xtgbt6dkyobopmrn,CAMP-NOVOS-2026-09,MSG-V1,C0000599,11943889297,telefone,sms,https://portal.exemplo.com.br/r/xtgbt6dkyobopmrn,2026-09-18
dn6b7sfsioepkrai,CAMP-NOVOS-2026-09,MSG-V1,C0000599,11943889297,telefone,whatsapp,https://portal.exemplo.com.br/r/dn6b7sfsioepkrai,2026-09-18
7fafpdncpglymrks,CAMP-NOVOS-2026-09,MSG-V1,C0000599,11943889297,telefone,rcs,https://portal.exemplo.com.br/r/7fafpdncpglymrks,2026-09-18
