cpf;contato;tipo;origem
100.000.000-19;(11) 91399-9315;telefone;cadastro
100.000.001-08;11910872248;telefone;enriquecimento
100.000.001-08;(11) 96672-2344;telefone;bureau
100.000.001-08;11955176955;telefone;enriquecimento
100.000.001-08;cliente1_0@exemplo.com;email;cadastro
100.000.002-80;(11) 99301-6315;telefone;enriquecimento
100.000.002-80;(11) 93580-8537;telefone;cadastro
100.000.002-80;(11) 94058-7988;telefone;cadastro
100.000.003-61;(11) 99697-7837;telefone;bureau
100.000.003-61;11981691040;telefone;cadastro
100.000.003-61;11960929647;telefone;enriquecimento
100.000.003-61;cliente3_0@exemplo.com;email;cadastro
100.000.003-61;cliente3_1@exemplo.com;email;bureau
100.000.004-42;11938538251;telefone;cadastro
100.000.004-42;cliente4_0@exemplo.com;email;cadastro
100.000.005-23;(11) 96360-6628;telefone;cadastro
100.000.005-23;(11) 92856-6572;telefone;cadastro
100.000.005-23;11916323852;telefone;cadastro
100.000.005-23;(11) 93147-2420;telefone;bureau
100.000.006-04;11996028436;telefone;cadastro
100.000.006-04;cliente6_0@exemplo.com;email;bureau
100.000.007-95;(11) 95005-6581;telefone;enriquecimento
100.000.008-76;11958718453;telefone;bureau
100.000.008-76;(11) 95127-3847;telefone;bureau
100.000.008-76;11986149359;telefone;cadastro
100.000.008-76;cliente8_0@exemplo.com;email;cadastro
100.000.009-57;(11) 98238-3095;telefone;bureau
100.000.009-57;11951837852;telefone;cadastro
100.000.009-57;(11) 96011-9651;telefone;cadastro
100.000.009-57;11926240908;telefone;cadastro
100.000.010-90;(11) 91951-0312;telefone;enriquecimento
100.000.010-90;cliente10_0@exemplo.com;email;enriquecimento
100.000.011-71;11957553014;telefone;enriquecimento
100.000.011-71;(11) 91727-0733;telefone;bureau
100.000.011-71;cliente11_0@exemplo.com;email;bureau
100.000.011-71;cliente11_1@exemplo.com;email;enriquecimento
100.000.012-52;11969476001;telefone;enriquecimento
100.000.012-52;11983863413;telefone;bureau
100.000.012-52;11982556484;telefone;cadastro
100.000.013-33;(11) 94828-5503;telefone;cadastro
100.000.013-33;(11) 98459-3961;telefone;enriquecimento
100.000.013-33;11935487660;telefone;bureau
100.000.013-33;(11) 98773-6262;telefone;enriquecimento
100.000.014-14;(11) 91919-6777;telefone;bureau
100.000.015-03;(11) 93741-5205;telefone;enriquecimento
100.000.015-03;11945650176;telefone;enriquecimento
100.000.015-03;11950264926;telefone;bureau
100.000.016-86;11919233013;telefone;bureau
100.000.016-86;(11) 93117-2421;telefone;cadastro
100.000.016-86;cliente16_0@exemplo.com;email;enriquecimento
100.000.017-67;(11) 98425-2420;telefone;cadastro
100.000.017-67;11947816686;telefone;bureau
100.000.018-48;11915917225;telefone;cadastro
100.000.018-48;(11) 99551-1909;telefone;enriquecimento
100.000.018-48;11969302158;telefone;cadastro
100.000.018-48;(11) 91129-7845;telefone;bureau
100.000.018-48;cliente18_0@exemplo.com;email;enriquecimento
100.000.018-48;cliente18_1@exemplo.com;email;cadastro
100.000.019-29;(11) 93819-5995;telefone;bureau
100.000.019-29;cliente19_0@exemplo.com;email;cadastro
100.000.020-62;11913326769;telefone;enriquecimento
100.000.020-62;(11) 96525-9205;telefone;cadastro
100.000.021-43;(11) 93992-0292;telefone;cadastro
100.000.021-43;(11) 95405-8573;telefone;bureau
100.000.021-43;(11) 91931-7495;telefone;cadastro
100.000.021-43;11996098221;telefone;bureau
100.000.021-43;cliente21_0@exemplo.com;email;bureau
100.000.021-43;cliente21_1@exemplo.com;email;cadastro
100.000.022-24;11968571795;telefone;enriquecimento
100.000.022-24;11961700055;telefone;bureau
100.000.022-24;11935511941;telefone;enriquecimento
100.000.023-05;11993638503;telefone;cadastro
100.000.023-05;11950308572;telefone;cadastro
100.000.023-05;11953779528;telefone;cadastro
100.000.023-05;11949682169;telefone;bureau
100.000.023-05;cliente23_0@exemplo.com;email;cadastro
100.000.023-05;cliente23_1@exemplo.com;email;bureau
100.000.024-96;11972409658;telefone;bureau
100.000.024-96;(11) 97860-8612;telefone;bureau
100.000.024-96;(11) 93277-5593;telefone;cadastro
100.000.024-96;11948089166;telefone;enriquecimento
100.000.024-96;cliente24_0@exemplo.com;email;bureau
100.000.025-77;11971124923;telefone;cadastro
100.000.025-77;11994525678;telefone;cadastro
100.000.025-77;(11) 96153-6717;telefone;enriquecimento
100.000.025-77;(11) 99805-4615;telefone;bureau
100.000.026-58;11999600766;telefone;bureau
100.000.026-58;cliente26_0@exemplo.com;email;cadastro
100.000.026-58;cliente26_1@exemplo.com;email;bureau
100.000.027-39;11970407340;telefone;bureau
100.000.027-39;11995585469;telefone;cadastro
100.000.027-39;cliente27_0@exemplo.com;email;enriquecimento
100.000.027-39;cliente27_1@exemplo.com;email;bureau
100.000.028-10;(11) 93871-6269;telefone;enriquecimento
100.000.028-10;(11) 96470-7061;telefone;cadastro
100.000.029-09;(11) 95007-9111;telefone;enriquecimento
100.000.029-09;(11) 96624-0084;telefone;bureau
100.000.029-09;11990967191;telefone;cadastro
100.000.029-09;11975529051;telefone;cadastro
100.000.030-34;(11) 98944-2503;telefone;cadastro
100.000.030-34;cliente30_0@exemplo.com;email;bureau
100.000.030-34;cliente30_1@exemplo.com;email;bureau
100.000.031-15;(11) 94385-9311;telefone;cadastro
100.000.031-15;(11) 98239-9599;telefone;bureau
100.000.031-15;(11) 95697-0882;telefone;enriquecimento
100.000.031-15;cliente31_0@exemplo.com;email;bureau
100.000.031-15;cliente31_1@exemplo.com;email;enriquecimento
100.000.032-04;11959512272;telefone;cadastro
100.000.032-04;11925372341;telefone;bureau
100.000.033-87;(11) 93661-9372;telefone;cadastro
100.000.033-87;(11) 99418-7049;telefone;enriquecimento
100.000.033-87;11950477742;telefone;cadastro
100.000.033-87;11926247735;telefone;bureau
100.000.034-68;(11) 99530-6788;telefone;bureau
100.000.034-68;(11) 93053-4124;telefone;cadastro
100.000.034-68;11997302916;telefone;bureau
100.000.034-68;11982232344;telefone;cadastro
100.000.034-68;cliente34_0@exemplo.com;email;cadastro
100.000.034-68;cliente34_1@exemplo.com;email;bureau
100.000.035-49;11953622663;telefone;cadastro
100.000.035-49;11944675473;telefone;cadastro
100.000.035-49;11947080140;telefone;bureau
100.000.035-49;(11) 93564-3159;telefone;enriquecimento
100.000.035-49;cliente35_0@exemplo.com;email;bureau
100.000.035-49;cliente35_1@exemplo.com;email;enriquecimento
100.000.036-20;11999115205;telefone;bureau
100.000.036-20;(11) 98125-9135;telefone;enriquecimento
100.000.036-20;(11) 98387-1890;telefone;bureau
100.000.036-20;11970900658;telefone;bureau
100.000.037-00;(11) 92349-2385;telefone;enriquecimento
100.000.037-00;11958436637;telefone;cadastro
100.000.037-00;11981690398;telefone;bureau
100.000.037-00;11916109013;telefone;cadastro
100.000.037-00;cliente37_0@exemplo.com;email;enriquecimento
100.000.037-00;cliente37_1@exemplo.com;email;cadastro
100.000.038-91;(11) 92531-2516;telefone;bureau
100.000.038-91;cliente38_0@exemplo.com;email;bureau
100.000.039-72;11991378577;telefone;cadastro
100.000.039-72;(11) 98013-8498;telefone;bureau
100.000.039-72;cliente39_0@exemplo.com;email;enriquecimento
100.000.040-06;11998641164;telefone;bureau
100.000.040-06;(11) 98408-7145;telefone;enriquecimento
100.000.041-97;(11) 94550-7920;telefone;cadastro
100.000.041-97;(11) 99874-2485;telefone;enriquecimento
100.000.041-97;(11) 93655-0845;telefone;bureau
100.000.041-97;11996924061;telefone;bureau
100.000.042-78;(11) 96402-3778;telefone;bureau
100.000.042-78;cliente42_0@exemplo.com;email;bureau
100.000.042-78;cliente42_1@exemplo.com;email;cadastro
100.000.043-59;(11) 94617-3157;telefone;enriquecimento
100.000.044-30;(11) 97308-3727;telefone;enriquecimento
100.000.044-30;11999943797;telefone;enriquecimento
100.000.044-30;(11) 96525-0068;telefone;bureau
100.000.044-30;11963747791;telefone;bureau
100.000.044-30;cliente44_0@exemplo.com;email;bureau
100.000.045-10;11979583757;telefone;bureau
100.000.045-10;11993940940;telefone;cadastro
100.000.045-10;(11) 91692-7215;telefone;bureau
100.000.045-10;11948658617;telefone;enriquecimento
100.000.046-00;11971934487;telefone;cadastro
100.000.046-00;(11) 99693-4122;telefone;enriquecimento
100.000.046-00;11949172995;telefone;enriquecimento
100.000.046-00;(11) 97475-9996;telefone;enriquecimento
100.000.046-00;cliente46_0@exemplo.com;email;enriquecimento
100.000.046-00;cliente46_1@exemplo.com;email;bureau
100.000.047-82;11978147397;telefone;enriquecimento
100.000.047-82;(11) 95007-1487;telefone;bureau
100.000.047-82;11998575748;telefone;bureau
100.000.047-82;cliente47_0@exemplo.com;email;enriquecimento
100.000.047-82;cliente47_1@exemplo.com;email;bureau
100.000.048-63;11915858241;telefone;enriquecimento
100.000.048-63;(11) 96116-7978;telefone;cadastro
100.000.048-63;11997512508;telefone;enriquecimento
100.000.048-63;(11) 91496-8688;telefone;enriquecimento
100.000.048-63;cliente48_0@exemplo.com;email;cadastro
100.000.048-63;cliente48_1@exemplo.com;email;enriquecimento
100.000.049-44;(11) 95544-0919;telefone;bureau
100.000.049-44;11920779739;telefone;bureau
100.000.049-44;cliente49_0@exemplo.com;email;cadastro
100.000.049-44;cliente49_1@exemplo.com;email;cadastro
100.000.050-88;11922130508;telefone;enriquecimento
100.000.050-88;11995060193;telefone;enriquecimento
100.000.050-88;11932329103;telefone;bureau
100.000.051-69;11991804602;telefone;cadastro
100.000.051-69;11993176117;telefone;enriquecimento
100.000.051-69;cliente51_0@exemplo.com;email;bureau
100.000.051-69;cliente51_1@exemplo.com;email;enriquecimento
100.000.052-40;(11) 98886-2539;telefone;bureau
100.000.052-40;(11) 94356-7615;telefone;cadastro
100.000.052-40;cliente52_0@exemplo.com;email;cadastro
100.000.053-20;11963124147;telefone;cadastro
100.000.053-20;(11) 91658-2607;telefone;bureau
100.000.053-20;11948412328;telefone;cadastro
100.000.054-01;11951464269;telefone;enriquecimento
100.000.054-01;11914478111;telefone;enriquecimento
100.000.055-92;(11) 93208-4778;telefone;enriquecimento
100.000.055-92;11974672520;telefone;bureau
100.000.055-92;(11) 94961-3214;telefone;cadastro
100.000.056-73;11984801233;telefone;bureau
100.000.056-73;(11) 91186-8130;telefone;cadastro
100.000.056-73;(11) 95947-0729;telefone;cadastro
100.000.056-73;(11) 98845-8327;telefone;cadastro
100.000.056-73;cliente56_0@exemplo.com;email;cadastro
100.000.057-54;11950559278;telefone;enriquecimento
100.000.058-35;11999991136;telefone;cadastro
100.000.058-35;(11) 98250-3409;telefone;cadastro
100.000.058-35;cliente58_0@exemplo.com;email;bureau
100.000.058-35;cliente58_1@exemplo.com;email;cadastro
100.000.059-16;(11) 95867-8896;telefone;bureau
100.000.059-16;11959302863;telefone;cadastro
100.000.059-16;cliente59_0@exemplo.com;email;cadastro
100.000.060-50;(11) 94269-1263;telefone;cadastro
100.000.060-50;cliente60_0@exemplo.com;email;enriquecimento
100.000.060-50;cliente60_1@exemplo.com;email;bureau
100.000.061-30;(11) 92744-7248;telefone;cadastro
100.000.062-11;11927013243;telefone;cadastro
100.000.062-11;cliente62_0@exemplo.com;email;enriquecimento
100.000.062-11;cliente62_1@exemplo.com;email;cadastro
100.000.063-00;11918163847;telefone;cadastro
100.000.063-00;11963904155;telefone;enriquecimento
100.000.063-00;11969533928;telefone;cadastro
100.000.063-00;cliente63_0@exemplo.com;email;cadastro
100.000.063-00;cliente63_1@exemplo.com;email;enriquecimento
100.000.064-83;11997874085;telefone;enriquecimento
100.000.064-83;11983998961;telefone;enriquecimento
100.000.064-83;(11) 97060-6674;telefone;bureau
100.000.064-83;11970867592;telefone;enriquecimento
100.000.064-83;cliente64_0@exemplo.com;email;enriquecimento
100.000.065-64;(11) 92746-3800;telefone;bureau
100.000.065-64;cliente65_0@exemplo.com;email;bureau
100.000.065-64;cliente65_1@exemplo.com;email;enriquecimento
100.000.066-45;11990585678;telefone;bureau
100.000.066-45;cliente66_0@exemplo.com;email;enriquecimento
100.000.066-45;cliente66_1@exemplo.com;email;enriquecimento
100.000.067-26;11993446356;telefone;bureau
100.000.067-26;(11) 91352-3729;telefone;bureau
100.000.067-26;11945896226;telefone;enriquecimento
100.000.067-26;(11) 95147-1222;telefone;bureau
100.000.068-07;11955754284;telefone;enriquecimento
100.000.068-07;11953537934;telefone;bureau
100.000.068-07;cliente68_0@exemplo.com;email;enriquecimento
100.000.068-07;cliente68_1@exemplo.com;email;enriquecimento
100.000.069-98;(11) 97876-5957;telefone;enriquecimento
100.000.069-98;11948016697;telefone;enriquecimento
100.000.069-98;11989609131;telefone;enriquecimento
100.000.069-98;11916095815;telefone;enriquecimento
100.000.070-21;11933581357;telefone;cadastro
100.000.070-21;cliente70_0@exemplo.com;email;enriquecimento
100.000.070-21;cliente70_1@exemplo.com;email;enriquecimento
100.000.071-02;11987277086;telefone;enriquecimento
100.000.071-02;cliente71_0@exemplo.com;email;enriquecimento
100.000.071-02;cliente71_1@exemplo.com;email;bureau
100.000.072-93;(11) 94265-7384;telefone;bureau
100.000.072-93;cliente72_0@exemplo.com;email;bureau
100.000.073-74;11956892354;telefone;enriquecimento
100.000.073-74;cliente73_0@exemplo.com;email;enriquecimento
100.000.073-74;cliente73_1@exemplo.com;email;bureau
100.000.074-55;(11) 98576-4804;telefone;bureau
100.000.074-55;11953380275;telefone;bureau
100.000.074-55;(11) 93026-1159;telefone;enriquecimento
100.000.074-55;11994743076;telefone;cadastro
100.000.074-55;cliente74_0@exemplo.com;email;bureau
100.000.075-36;11972104107;telefone;enriquecimento
100.000.075-36;cliente75_0@exemplo.com;email;bureau
100.000.075-36;cliente75_1@exemplo.com;email;bureau
100.000.076-17;11956095437;telefone;bureau
100.000.076-17;cliente76_0@exemplo.com;email;cadastro
100.000.076-17;cliente76_1@exemplo.com;email;enriquecimento
100.000.077-06;11994676162;telefone;cadastro
100.000.077-06;(11) 91884-6539;telefone;enriquecimento
100.000.077-06;11961883769;telefone;bureau
100.000.077-06;(11) 99812-2539;telefone;cadastro
100.000.078-89;(11) 95155-1377;telefone;bureau
100.000.078-89;11996368203;telefone;enriquecimento
100.000.078-89;(11) 99994-1500;telefone;enriquecimento
100.000.078-89;(11) 98065-1318;telefone;bureau
100.000.078-89;cliente78_0@exemplo.com;email;bureau
100.000.078-89;cliente78_1@exemplo.com;email;enriquecimento
100.000.079-60;(11) 97814-0959;telefone;bureau
100.000.079-60;cliente79_0@exemplo.com;email;enriquecimento
100.000.079-60;cliente79_1@exemplo.com;email;bureau
100.000.080-01;11965144509;telefone;bureau
100.000.080-01;11941880763;telefone;enriquecimento
100.000.080-01;cliente80_0@exemplo.com;email;enriquecimento
100.000.080-01;cliente80_1@exemplo.com;email;cadastro
100.000.081-84;11961254050;telefone;bureau
100.000.081-84;(11) 93175-1079;telefone;bureau
100.000.081-84;11928575536;telefone;bureau
100.000.081-84;(11) 91700-3454;telefone;cadastro
100.000.081-84;cliente81_0@exemplo.com;email;bureau
100.000.081-84;cliente81_1@exemplo.com;email;enriquecimento
100.000.082-65;(11) 97054-9373;telefone;cadastro
100.000.082-65;(11) 96568-6520;telefone;bureau
100.000.082-65;(11) 97737-8254;telefone;cadastro
100.000.082-65;11920952896;telefone;enriquecimento
100.000.083-46;(11) 97021-0270;telefone;bureau
100.000.083-46;11912550658;telefone;cadastro
100.000.084-27;(11) 91842-9833;telefone;enriquecimento
100.000.084-27;cliente84_0@exemplo.com;email;cadastro
100.000.085-08;11999170406;telefone;bureau
100.000.085-08;11980260907;telefone;bureau
100.000.085-08;cliente85_0@exemplo.com;email;cadastro
100.000.085-08;cliente85_1@exemplo.com;email;bureau
100.000.086-99;(11) 95627-8607;telefone;cadastro
100.000.086-99;cliente86_0@exemplo.com;email;bureau
100.000.086-99;cliente86_1@exemplo.com;email;enriquecimento
100.000.087-70;11974227366;telefone;bureau
100.000.087-70;(11) 91846-9210;telefone;bureau
100.000.087-70;11914963880;telefone;enriquecimento
100.000.087-70;11936772387;telefone;bureau
100.000.087-70;cliente87_0@exemplo.com;email;cadastro
100.000.088-50;(11) 95455-0177;telefone;cadastro
100.000.088-50;cliente88_0@exemplo.com;email;cadastro
100.000.089-31;(11) 96697-5380;telefone;enriquecimento
100.000.089-31;11934220459;telefone;enriquecimento
100.000.089-31;(11) 92074-6667;telefone;cadastro
100.000.089-31;cliente89_0@exemplo.com;email;bureau
100.000.090-75;(11) 92007-1854;telefone;bureau
100.000.090-75;11964520614;telefone;enriquecimento
100.000.090-75;11931473054;telefone;cadastro
100.000.090-75;11991547054;telefone;bureau
100.000.091-56;(11) 95993-0790;telefone;cadastro
100.000.091-56;(11) 92848-1124;telefone;cadastro
100.000.091-56;(11) 99718-2566;telefone;enriquecimento
100.000.091-56;11913478029;telefone;bureau
100.000.091-56;cliente91_0@exemplo.com;email;bureau
100.000.092-37;11919939096;telefone;cadastro
100.000.092-37;11969741812;telefone;enriquecimento
100.000.092-37;11952894344;telefone;enriquecimento
100.000.092-37;(11) 98381-9367;telefone;bureau
100.000.093-18;11976306502;telefone;cadastro
100.000.093-18;(11) 98435-9498;telefone;cadastro
100.000.093-18;cliente93_0@exemplo.com;email;bureau
100.000.093-18;cliente93_1@exemplo.com;email;enriquecimento
100.000.094-07;11996213226;telefone;enriquecimento
100.000.094-07;cliente94_0@exemplo.com;email;cadastro
100.000.095-80;(11) 92666-4623;telefone;cadastro
100.000.095-80;11950818905;telefone;enriquecimento
100.000.095-80;(11) 94026-2109;telefone;enriquecimento
100.000.095-80;11948124318;telefone;enriquecimento
100.000.095-80;cliente95_0@exemplo.com;email;cadastro
100.000.095-80;cliente95_1@exemplo.com;email;bureau
100.000.096-60;(11) 98564-7532;telefone;bureau
100.000.096-60;(11) 92090-1547;telefone;enriquecimento
100.000.096-60;cliente96_0@exemplo.com;email;enriquecimento
100.000.096-60;cliente96_1@exemplo.com;email;cadastro
100.000.097-41;11964504816;telefone;bureau
100.000.097-41;11918041391;telefone;enriquecimento
100.000.097-41;(11) 97233-6371;telefone;enriquecimento
100.000.097-41;cliente97_0@exemplo.com;email;cadastro
100.000.097-41;cliente97_1@exemplo.com;email;enriquecimento
100.000.098-22;11926444612;telefone;enriquecimento
100.000.099-03;11987535841;telefone;bureau
100.000.099-03;11931386576;telefone;bureau
100.000.099-03;cliente99_0@exemplo.com;email;cadastro
100.000.100-81;11990197611;telefone;enriquecimento
100.000.100-81;cliente100_0@exemplo.com;email;cadastro
100.000.100-81;cliente100_1@exemplo.com;email;cadastro
100.000.101-62;(11) 95865-7117;telefone;enriquecimento
100.000.102-43;(11) 96286-8861;telefone;enriquecimento
100.000.102-43;(11) 98487-0921;telefone;bureau
100.000.103-24;(11) 95401-8830;telefone;enriquecimento
100.000.103-24;11962741471;telefone;enriquecimento
100.000.103-24;(11) 95016-2553;telefone;cadastro
100.000.103-24;11978412668;telefone;cadastro
100.000.103-24;cliente103_0@exemplo.com;email;enriquecimento
100.000.104-05;(11) 99799-1930;telefone;cadastro
100.000.104-05;cliente104_0@exemplo.com;email;enriquecimento
100.000.104-05;cliente104_1@exemplo.com;email;enriquecimento
100.000.105-96;(11) 93560-6639;telefone;cadastro
100.000.105-96;11952103092;telefone;bureau
100.000.106-77;(11) 99888-2576;telefone;enriquecimento
100.000.106-77;(11) 93324-4151;telefone;enriquecimento
100.000.106-77;cliente106_0@exemplo.com;email;bureau
100.000.106-77;cliente106_1@exemplo.com;email;bureau
100.000.107-58;11940181142;telefone;bureau
100.000.107-58;(11) 94878-9478;telefone;enriquecimento
100.000.107-58;cliente107_0@exemplo.com;email;enriquecimento
100.000.107-58;cliente107_1@exemplo.com;email;cadastro
100.000.108-39;(11) 96295-3249;telefone;enriquecimento
100.000.108-39;(11) 92965-9692;telefone;enriquecimento
100.000.108-39;11920607151;telefone;bureau
100.000.108-39;11944419327;telefone;bureau
100.000.108-39;cliente108_0@exemplo.com;email;enriquecimento
100.000.108-39;cliente108_1@exemplo.com;email;enriquecimento
100.000.109-10;(11) 92344-8342;telefone;bureau
100.000.109-10;11973404979;telefone;cadastro
100.000.110-53;(11) 95310-6399;telefone;cadastro
100.000.110-53;(11) 92200-7214;telefone;enriquecimento
100.000.111-34;(11) 91487-7451;telefone;cadastro
100.000.111-34;11976489301;telefone;bureau
100.000.111-34;cliente111_0@exemplo.com;email;enriquecimento
100.000.112-15;11928012011;telefone;enriquecimento
100.000.112-15;11935878707;telefone;cadastro
100.000.112-15;(11) 97159-4457;telefone;cadastro
100.000.112-15;11911890348;telefone;bureau
100.000.112-15;cliente112_0@exemplo.com;email;bureau
100.000.112-15;cliente112_1@exemplo.com;email;bureau
100.000.113-04;11974082804;telefone;cadastro
100.000.114-87;11941715995;telefone;bureau
100.000.115-68;11959330907;telefone;enriquecimento
100.000.116-49;(11) 94321-4247;telefone;cadastro
100.000.116-49;11920988446;telefone;cadastro
100.000.116-49;(11) 98089-0196;telefone;cadastro
100.000.116-49;11985721444;telefone;bureau
100.000.116-49;cliente116_0@exemplo.com;email;bureau
100.000.116-49;cliente116_1@exemplo.com;email;bureau
100.000.117-20;11970858653;telefone;enriquecimento
100.000.117-20;11985686878;telefone;cadastro
100.000.117-20;11951361818;telefone;bureau
100.000.117-20;(11) 91040-4729;telefone;cadastro
100.000.118-00;(11) 93415-6684;telefone;cadastro
100.000.118-00;(11) 99668-8655;telefone;enriquecimento
100.000.118-00;(11) 96133-5545;telefone;bureau
100.000.118-00;(11) 96066-6702;telefone;cadastro
100.000.118-00;cliente118_0@exemplo.com;email;bureau
100.000.118-00;cliente118_1@exemplo.com;email;cadastro
100.000.119-91;(11) 91305-1483;telefone;enriquecimento
100.000.119-91;(11) 98307-4216;telefone;enriquecimento
100.000.120-25;11942301683;telefone;enriquecimento
100.000.120-25;(11) 92354-2127;telefone;cadastro
100.000.120-25;11916533225;telefone;cadastro
100.000.120-25;(11) 96891-6591;telefone;enriquecimento
100.000.121-06;(11) 99861-2211;telefone;cadastro
100.000.121-06;11965507111;telefone;bureau
100.000.121-06;(11) 98941-2216;telefone;cadastro
100.000.121-06;cliente121_0@exemplo.com;email;bureau
100.000.121-06;cliente121_1@exemplo.com;email;bureau
100.000.122-97;(11) 93467-9818;telefone;enriquecimento
100.000.122-97;(11) 94024-5233;telefone;bureau
100.000.122-97;(11) 97214-6184;telefone;cadastro
100.000.122-97;11965902739;telefone;bureau
100.000.123-78;11991197624;telefone;cadastro
100.000.123-78;11935254849;telefone;bureau
100.000.123-78;cliente123_0@exemplo.com;email;enriquecimento
100.000.123-78;cliente123_1@exemplo.com;email;enriquecimento
100.000.124-59;(11) 94256-0305;telefone;bureau
100.000.124-59;cliente124_0@exemplo.com;email;cadastro
100.000.124-59;cliente124_1@exemplo.com;email;enriquecimento
100.000.125-30;(11) 95298-0983;telefone;cadastro
100.000.125-30;11965556767;telefone;cadastro
100.000.125-30;11929585415;telefone;enriquecimento
100.000.125-30;11988387434;telefone;enriquecimento
100.000.125-30;cliente125_0@exemplo.com;email;enriquecimento
100.000.126-10;11996126771;telefone;enriquecimento
100.000.126-10;(11) 95726-8285;telefone;cadastro
100.000.126-10;11983356206;telefone;enriquecimento
100.000.126-10;cliente126_0@exemplo.com;email;cadastro
100.000.126-10;cliente126_1@exemplo.com;email;bureau
100.000.127-00;11941062464;telefone;bureau
100.000.127-00;(11) 93935-6057;telefone;bureau
100.000.127-00;cliente127_0@exemplo.com;email;enriquecimento
100.000.127-00;cliente127_1@exemplo.com;email;cadastro
100.000.128-82;11912300840;telefone;cadastro
100.000.128-82;(11) 96779-0557;telefone;bureau
100.000.128-82;11934060788;telefone;enriquecimento
100.000.129-63;11940314047;telefone;cadastro
100.000.129-63;11920820219;telefone;enriquecimento
100.000.129-63;(11) 99722-7356;telefone;enriquecimento
100.000.129-63;(11) 96090-3955;telefone;enriquecimento
100.000.129-63;cliente129_0@exemplo.com;email;cadastro
100.000.129-63;cliente129_1@exemplo.com;email;cadastro
100.000.130-05;(11) 94638-5762;telefone;bureau
100.000.131-88;11988790652;telefone;enriquecimento
100.000.131-88;cliente131_0@exemplo.com;email;enriquecimento
100.000.132-69;(11) 92052-6386;telefone;bureau
100.000.132-69;(11) 91720-7013;telefone;bureau
100.000.132-69;11941157840;telefone;bureau
100.000.132-69;(11) 99239-1596;telefone;cadastro
100.000.132-69;cliente132_0@exemplo.com;email;cadastro
100.000.133-40;(11) 94307-7929;telefone;enriquecimento
100.000.133-40;(11) 93069-9187;telefone;cadastro
100.000.133-40;(11) 93070-6693;telefone;bureau
100.000.133-40;(11) 95250-3832;telefone;bureau
100.000.133-40;cliente133_0@exemplo.com;email;cadastro
100.000.134-20;11984386123;telefone;bureau
100.000.134-20;cliente134_0@exemplo.com;email;bureau
100.000.134-20;cliente134_1@exemplo.com;email;cadastro
100.000.135-01;11961100987;telefone;bureau
100.000.135-01;11946093692;telefone;bureau
100.000.136-92;(11) 97145-3148;telefone;cadastro
100.000.136-92;(11) 96310-8878;telefone;enriquecimento
100.000.136-92;11993240786;telefone;enriquecimento
100.000.136-92;11969085720;telefone;cadastro
100.000.136-92;cliente136_0@exemplo.com;email;cadastro
100.000.136-92;cliente136_1@exemplo.com;email;bureau
100.000.137-73;11975901885;telefone;enriquecimento
100.000.137-73;(11) 95373-9710;telefone;bureau
100.000.137-73;11962738860;telefone;enriquecimento
100.000.137-73;cliente137_0@exemplo.com;email;enriquecimento
100.000.137-73;cliente137_1@exemplo.com;email;bureau
100.000.138-54;11919282319;telefone;bureau
100.000.138-54;(11) 96491-4054;telefone;bureau
100.000.138-54;(11) 95064-5509;telefone;bureau
100.000.138-54;cliente138_0@exemplo.com;email;bureau
100.000.138-54;cliente138_1@exemplo.com;email;cadastro
100.000.139-35;(11) 98206-2301;telefone;enriquecimento
100.000.139-35;11924679315;telefone;cadastro
100.000.139-35;(11) 95764-8477;telefone;cadastro
100.000.139-35;11992232236;telefone;bureau
100.000.139-35;cliente139_0@exemplo.com;email;cadastro
100.000.139-35;cliente139_1@exemplo.com;email;enriquecimento
100.000.140-79;(11) 97215-1291;telefone;cadastro
100.000.140-79;11977171380;telefone;enriquecimento
100.000.141-50;(11) 93776-5262;telefone;cadastro
100.000.141-50;(11) 92310-2741;telefone;cadastro
100.000.141-50;(11) 97072-6434;telefone;enriquecimento
100.000.141-50;cliente141_0@exemplo.com;email;cadastro
100.000.141-50;cliente141_1@exemplo.com;email;cadastro
100.000.142-30;(11) 97201-5859;telefone;cadastro
100.000.142-30;11934756698;telefone;bureau
100.000.142-30;cliente142_0@exemplo.com;email;cadastro
100.000.142-30;cliente142_1@exemplo.com;email;enriquecimento
100.000.143-11;11959095909;telefone;cadastro
100.000.143-11;cliente143_0@exemplo.com;email;cadastro
100.000.144-00;11992861016;telefone;bureau
100.000.144-00;cliente144_0@exemplo.com;email;cadastro
100.000.144-00;cliente144_1@exemplo.com;email;bureau
100.000.145-83;11990050918;telefone;bureau
100.000.145-83;(11) 93493-1439;telefone;cadastro
100.000.145-83;cliente145_0@exemplo.com;email;bureau
100.000.145-83;cliente145_1@exemplo.com;email;bureau
100.000.146-64;(11) 91128-6267;telefone;enriquecimento
100.000.146-64;cliente146_0@exemplo.com;email;cadastro
100.000.147-45;(11) 94920-3644;telefone;bureau
100.000.148-26;11982894477;telefone;bureau
100.000.148-26;cliente148_0@exemplo.com;email;cadastro
100.000.149-07;11970362053;telefone;bureau
100.000.149-07;(11) 92167-4661;telefone;cadastro
100.000.150-40;11917966873;telefone;bureau
100.000.150-40;(11) 98144-1519;telefone;bureau
100.000.150-40;cliente150_0@exemplo.com;email;bureau
100.000.151-21;11965243509;telefone;enriquecimento
100.000.151-21;11998032908;telefone;enriquecimento
100.000.152-02;(11) 97066-5302;telefone;cadastro
100.000.152-02;(11) 92249-4970;telefone;enriquecimento
100.000.152-02;(11) 94734-2819;telefone;enriquecimento
100.000.152-02;cliente152_0@exemplo.com;email;bureau
100.000.153-93;11981729237;telefone;cadastro
100.000.153-93;11938434222;telefone;cadastro
100.000.153-93;(11) 94806-3218;telefone;enriquecimento
100.000.153-93;cliente153_0@exemplo.com;email;cadastro
100.000.153-93;cliente153_1@exemplo.com;email;enriquecimento
100.000.154-74;11967418250;telefone;cadastro
100.000.154-74;11927705074;telefone;bureau
100.000.154-74;cliente154_0@exemplo.com;email;bureau
100.000.155-55;11922775337;telefone;enriquecimento
100.000.155-55;(11) 97399-5913;telefone;cadastro
100.000.155-55;cliente155_0@exemplo.com;email;enriquecimento
100.000.155-55;cliente155_1@exemplo.com;email;cadastro
100.000.156-36;11923851475;telefone;cadastro
100.000.156-36;11950165370;telefone;bureau
100.000.156-36;11927870584;telefone;bureau
100.000.156-36;(11) 91918-2050;telefone;bureau
100.000.156-36;cliente156_0@exemplo.com;email;enriquecimento
100.000.156-36;cliente156_1@exemplo.com;email;enriquecimento
100.000.157-17;(11) 98913-1271;telefone;enriquecimento
100.000.157-17;cliente157_0@exemplo.com;email;enriquecimento
100.000.158-06;11913600310;telefone;cadastro
100.000.158-06;11950486688;telefone;enriquecimento
100.000.158-06;(11) 93531-9707;telefone;cadastro
100.000.158-06;cliente158_0@exemplo.com;email;bureau
100.000.159-89;(11) 95846-5780;telefone;enriquecimento
100.000.160-12;(11) 91185-1322;telefone;cadastro
100.000.161-01;(11) 99597-1459;telefone;bureau
100.000.161-01;11992684436;telefone;cadastro
100.000.161-01;11920606094;telefone;bureau
100.000.161-01;11930854365;telefone;enriquecimento
100.000.161-01;cliente161_0@exemplo.com;email;cadastro
100.000.161-01;cliente161_1@exemplo.com;email;enriquecimento
100.000.162-84;(11) 95151-2209;telefone;enriquecimento
100.000.162-84;(11) 99832-2292;telefone;cadastro
100.000.162-84;11928416255;telefone;enriquecimento
100.000.162-84;11956533974;telefone;enriquecimento
100.000.162-84;cliente162_0@exemplo.com;email;bureau
100.000.162-84;cliente162_1@exemplo.com;email;cadastro
100.000.163-65;11945292504;telefone;enriquecimento
100.000.163-65;(11) 98739-6877;telefone;cadastro
100.000.163-65;(11) 97855-5983;telefone;cadastro
100.000.163-65;11986086168;telefone;bureau
100.000.164-46;(11) 95885-2098;telefone;enriquecimento
100.000.165-27;11952940967;telefone;cadastro
100.000.165-27;(11) 96003-7465;telefone;cadastro
100.000.165-27;cliente165_0@exemplo.com;email;cadastro
100.000.165-27;cliente165_1@exemplo.com;email;bureau
100.000.166-08;11971303434;telefone;bureau
100.000.166-08;11985672859;telefone;enriquecimento
100.000.166-08;11942559072;telefone;cadastro
100.000.166-08;cliente166_0@exemplo.com;email;enriquecimento
100.000.166-08;cliente166_1@exemplo.com;email;enriquecimento
100.000.167-99;11995354668;telefone;enriquecimento
100.000.168-70;(11) 92910-9045;telefone;enriquecimento
100.000.168-70;(11) 92248-5824;telefone;cadastro
100.000.168-70;cliente168_0@exemplo.com;email;cadastro
100.000.168-70;cliente168_1@exemplo.com;email;enriquecimento
100.000.169-50;11941778964;telefone;cadastro
100.000.169-50;cliente169_0@exemplo.com;email;cadastro
100.000.170-94;11930858851;telefone;enriquecimento
100.000.170-94;11970339827;telefone;bureau
100.000.170-94;cliente170_0@exemplo.com;email;enriquecimento
100.000.170-94;cliente170_1@exemplo.com;email;cadastro
100.000.171-75;11929907683;telefone;cadastro
100.000.172-56;(11) 98461-8850;telefone;enriquecimento
100.000.172-56;11972014395;telefone;cadastro
100.000.172-56;11926301180;telefone;bureau
100.000.172-56;11939835008;telefone;cadastro
100.000.172-56;cliente172_0@exemplo.com;email;enriquecimento
100.000.173-37;(11) 96951-6344;telefone;cadastro
100.000.173-37;11954499873;telefone;enriquecimento
100.000.174-18;(11) 94690-7428;telefone;bureau
100.000.174-18;11929948970;telefone;enriquecimento
100.000.175-07;11994658420;telefone;enriquecimento
100.000.175-07;11912621269;telefone;cadastro
100.000.175-07;(11) 95819-9211;telefone;bureau
100.000.175-07;11956175477;telefone;cadastro
100.000.175-07;cliente175_0@exemplo.com;email;cadastro
100.000.176-80;(11) 93142-4479;telefone;bureau
100.000.176-80;(11) 94577-2648;telefone;bureau
100.000.176-80;11917503932;telefone;bureau
100.000.176-80;(11) 98726-8086;telefone;bureau
100.000.176-80;cliente176_0@exemplo.com;email;cadastro
100.000.177-60;11986188876;telefone;cadastro
100.000.177-60;cliente177_0@exemplo.com;email;enriquecimento
100.000.177-60;cliente177_1@exemplo.com;email;bureau
100.000.178-41;11910091737;telefone;bureau
100.000.178-41;11927514010;telefone;bureau
100.000.179-22;11958974686;telefone;bureau
100.000.179-22;cliente179_0@exemplo.com;email;cadastro
100.000.179-22;cliente179_1@exemplo.com;email;bureau
100.000.180-66;11992370625;telefone;enriquecimento
100.000.180-66;11989047551;telefone;enriquecimento
100.000.180-66;(11) 94952-9438;telefone;cadastro
100.000.180-66;cliente180_0@exemplo.com;email;enriquecimento
100.000.180-66;cliente180_1@exemplo.com;email;cadastro
100.000.181-47;(11) 97659-6831;telefone;enriquecimento
100.000.181-47;(11) 92044-3030;telefone;bureau
100.000.182-28;11919099261;telefone;cadastro
100.000.183-09;11923613510;telefone;cadastro
100.000.183-09;11987585294;telefone;cadastro
100.000.183-09;(11) 93183-1387;telefone;cadastro
100.000.183-09;(11) 91448-4588;telefone;cadastro
100.000.183-09;cliente183_0@exemplo.com;email;bureau
100.000.184-90;(11) 91415-9837;telefone;cadastro
100.000.184-90;cliente184_0@exemplo.com;email;bureau
100.000.184-90;cliente184_1@exemplo.com;email;cadastro
100.000.185-70;(11) 94188-3191;telefone;bureau
100.000.185-70;11983774469;telefone;enriquecimento
100.000.185-70;11930614492;telefone;enriquecimento
100.000.186-51;(11) 97356-1576;telefone;enriquecimento
100.000.186-51;11963347164;telefone;bureau
100.000.186-51;11945568288;telefone;bureau
100.000.187-32;11999586100;telefone;enriquecimento
100.000.187-32;11999676390;telefone;enriquecimento
100.000.187-32;11989151743;telefone;bureau
100.000.187-32;cliente187_0@exemplo.com;email;bureau
100.000.188-13;(11) 97739-0918;telefone;bureau
100.000.188-13;cliente188_0@exemplo.com;email;cadastro
100.000.188-13;cliente188_1@exemplo.com;email;enriquecimento
100.000.189-02;(11) 92051-8444;telefone;cadastro
100.000.189-02;(11) 99418-4877;telefone;cadastro
100.000.189-02;cliente189_0@exemplo.com;email;cadastro
100.000.189-02;cliente189_1@exemplo.com;email;enriquecimento
100.000.190-38;11911659440;telefone;enriquecimento
100.000.190-38;11980137085;telefone;enriquecimento
100.000.190-38;(11) 93008-4652;telefone;bureau
100.000.190-38;(11) 92344-9152;telefone;bureau
100.000.191-19;11964086249;telefone;cadastro
100.000.191-19;11963917932;telefone;cadastro
100.000.191-19;(11) 95449-2381;telefone;enriquecimento
100.000.191-19;(11) 91661-5722;telefone;bureau
100.000.191-19;cliente191_0@exemplo.com;email;bureau
100.000.192-08;(11) 95306-6216;telefone;cadastro
100.000.192-08;(11) 99664-4900;telefone;enriquecimento
100.000.192-08;cliente192_0@exemplo.com;email;cadastro
100.000.193-80;11928206610;telefone;cadastro
100.000.193-80;11986325904;telefone;enriquecimento
100.000.194-61;11977796914;telefone;enriquecimento
100.000.194-61;11914102122;telefone;bureau
100.000.194-61;cliente194_0@exemplo.com;email;enriquecimento
100.000.195-42;(11) 91666-4050;telefone;bureau
100.000.195-42;cliente195_0@exemplo.com;email;enriquecimento
100.000.195-42;cliente195_1@exemplo.com;email;bureau
100.000.196-23;(11) 99688-8739;telefone;enriquecimento
100.000.197-04;11971605671;telefone;bureau
100.000.197-04;(11) 97987-8835;telefone;bureau
100.000.197-04;11923732098;telefone;cadastro
100.000.197-04;11960228268;telefone;bureau
100.000.197-04;cliente197_0@exemplo.com;email;bureau
100.000.198-95;11942252798;telefone;bureau
100.000.198-95;11990535106;telefone;cadastro
100.000.198-95;(11) 92878-1020;telefone;cadastro
100.000.198-95;cliente198_0@exemplo.com;email;bureau
100.000.198-95;cliente198_1@exemplo.com;email;cadastro
100.000.199-76;(11) 98175-7508;telefone;cadastro
100.000.199-76;11973852097;telefone;cadastro
100.000.199-76;(11) 97809-0647;telefone;enriquecimento
100.000.199-76;cliente199_0@exemplo.com;email;enriquecimento
100.000.199-76;cliente199_1@exemplo.com;email;enriquecimento
100.000.200-44;(11) 95768-5330;telefone;bureau
100.000.200-44;11951216287;telefone;cadastro
100.000.200-44;(11) 95988-6371;telefone;bureau
100.000.201-25;(11) 96122-6775;telefone;cadastro
100.000.202-06;11934207075;telefone;cadastro
100.000.202-06;(11) 99469-5784;telefone;bureau
100.000.202-06;11917786452;telefone;enriquecimento
100.000.203-97;(11) 96144-7859;telefone;cadastro
100.000.203-97;11960076822;telefone;cadastro
100.000.203-97;(11) 98127-4148;telefone;bureau
100.000.203-97;11994112495;telefone;cadastro
100.000.204-78;(11) 97119-3393;telefone;cadastro
100.000.204-78;cliente204_0@exemplo.com;email;bureau
100.000.204-78;cliente204_1@exemplo.com;email;enriquecimento
100.000.205-59;11927610141;telefone;enriquecimento
100.000.205-59;11977730769;telefone;enriquecimento
100.000.205-59;11959203071;telefone;enriquecimento
100.000.205-59;11960357475;telefone;cadastro
100.000.205-59;cliente205_0@exemplo.com;email;bureau
100.000.205-59;cliente205_1@exemplo.com;email;bureau
100.000.206-30;11930552371;telefone;bureau
100.000.206-30;cliente206_0@exemplo.com;email;cadastro
100.000.206-30;cliente206_1@exemplo.com;email;cadastro
100.000.207-10;(11) 94794-4260;telefone;enriquecimento
100.000.208-00;11983569939;telefone;cadastro
100.000.208-00;11937876214;telefone;cadastro
100.000.208-00;(11) 94147-4764;telefone;enriquecimento
100.000.208-00;11924821786;telefone;enriquecimento
100.000.209-82;(11) 94973-1424;telefone;enriquecimento
100.000.209-82;(11) 93344-8079;telefone;bureau
100.000.209-82;11958347193;telefone;cadastro
100.000.209-82;(11) 92555-5976;telefone;cadastro
100.000.210-16;11922475714;telefone;enriquecimento
100.000.210-16;11925278272;telefone;enriquecimento
100.000.210-16;11946484819;telefone;cadastro
100.000.210-16;cliente210_0@exemplo.com;email;bureau
100.000.211-05;11986362294;telefone;bureau
100.000.211-05;(11) 96096-9286;telefone;cadastro
100.000.211-05;cliente211_0@exemplo.com;email;cadastro
100.000.211-05;cliente211_1@exemplo.com;email;bureau
100.000.212-88;11911658959;telefone;cadastro
100.000.212-88;cliente212_0@exemplo.com;email;bureau
100.000.212-88;cliente212_1@exemplo.com;email;bureau
100.000.213-69;(11) 97468-3506;telefone;enriquecimento
100.000.213-69;cliente213_0@exemplo.com;email;cadastro
100.000.213-69;cliente213_1@exemplo.com;email;cadastro
100.000.214-40;11932200132;telefone;bureau
100.000.214-40;(11) 94233-1952;telefone;cadastro
100.000.214-40;(11) 97803-8903;telefone;enriquecimento
100.000.214-40;(11) 96412-6921;telefone;cadastro
100.000.214-40;cliente214_0@exemplo.com;email;bureau
100.000.215-20;(11) 98477-6858;telefone;enriquecimento
100.000.216-01;11958767001;telefone;bureau
100.000.216-01;11970996586;telefone;enriquecimento
100.000.216-01;11990524080;telefone;bureau
100.000.216-01;(11) 97073-7878;telefone;bureau
100.000.217-92;(11) 97609-1781;telefone;bureau
100.000.217-92;cliente217_0@exemplo.com;email;enriquecimento
100.000.217-92;cliente217_1@exemplo.com;email;enriquecimento
100.000.218-73;11965629268;telefone;bureau
100.000.218-73;11994992096;telefone;cadastro
100.000.218-73;cliente218_0@exemplo.com;email;bureau
100.000.219-54;(11) 97481-8030;telefone;bureau
100.000.219-54;(11) 93378-3708;telefone;bureau
100.000.219-54;11927231111;telefone;cadastro
100.000.219-54;11991357521;telefone;enriquecimento
100.000.219-54;cliente219_0@exemplo.com;email;enriquecimento
100.000.220-98;11983525272;telefone;cadastro
100.000.220-98;(11) 98430-0459;telefone;cadastro
100.000.221-79;(11) 92548-9430;telefone;bureau
100.000.221-79;(11) 98822-2933;telefone;cadastro
100.000.221-79;cliente221_0@exemplo.com;email;cadastro
100.000.221-79;cliente221_1@exemplo.com;email;bureau
100.000.222-50;(11) 93683-0448;telefone;enriquecimento
100.000.222-50;(11) 93160-0382;telefone;enriquecimento
100.000.222-50;11929653285;telefone;cadastro
100.000.222-50;(11) 94961-3096;telefone;cadastro
100.000.222-50;cliente222_0@exemplo.com;email;bureau
100.000.223-30;(11) 99918-6817;telefone;cadastro
100.000.223-30;11965910573;telefone;cadastro
100.000.223-30;cliente223_0@exemplo.com;email;enriquecimento
100.000.223-30;cliente223_1@exemplo.com;email;cadastro
100.000.224-11;11990985229;telefone;bureau
100.000.224-11;(11) 93597-0823;telefone;enriquecimento
100.000.224-11;(11) 91999-5059;telefone;bureau
100.000.225-00;11930777669;telefone;bureau
100.000.225-00;(11) 99011-1922;telefone;cadastro
100.000.225-00;(11) 99393-5292;telefone;cadastro
100.000.225-00;cliente225_0@exemplo.com;email;cadastro
100.000.226-83;11922340723;telefone;enriquecimento
100.000.226-83;(11) 99903-1246;telefone;cadastro
100.000.226-83;cliente226_0@exemplo.com;email;cadastro
100.000.227-64;11942258945;telefone;cadastro
100.000.227-64;cliente227_0@exemplo.com;email;bureau
100.000.227-64;cliente227_1@exemplo.com;email;enriquecimento
100.000.228-45;(11) 96032-6016;telefone;cadastro
100.000.228-45;(11) 97533-7822;telefone;bureau
100.000.228-45;11935838575;telefone;enriquecimento
100.000.229-26;(11) 96693-6428;telefone;bureau
100.000.229-26;(11) 96841-6623;telefone;bureau
100.000.229-26;cliente229_0@exemplo.com;email;enriquecimento
100.000.229-26;cliente229_1@exemplo.com;email;cadastro
100.000.230-60;11964711545;telefone;enriquecimento
100.000.230-60;(11) 96811-9636;telefone;bureau
100.000.231-40;(11) 94890-1209;telefone;enriquecimento
100.000.231-40;cliente231_0@exemplo.com;email;enriquecimento
100.000.232-21;11983245898;telefone;cadastro
100.000.232-21;(11) 95000-4466;telefone;bureau
100.000.232-21;cliente232_0@exemplo.com;email;bureau
100.000.232-21;cliente232_1@exemplo.com;email;enriquecimento
100.000.233-02;11938418851;telefone;enriquecimento
100.000.233-02;cliente233_0@exemplo.com;email;enriquecimento
100.000.233-02;cliente233_1@exemplo.com;email;enriquecimento
100.000.234-93;(11) 98366-5549;telefone;bureau
100.000.234-93;cliente234_0@exemplo.com;email;enriquecimento
100.000.235-74;(11) 93597-0938;telefone;enriquecimento
100.000.235-74;(11) 97048-4679;telefone;bureau
100.000.235-74;cliente235_0@exemplo.com;email;bureau
100.000.235-74;cliente235_1@exemplo.com;email;bureau
100.000.236-55;11928026223;telefone;cadastro
100.000.236-55;(11) 97441-8331;telefone;enriquecimento
100.000.236-55;(11) 95099-9730;telefone;bureau
100.000.236-55;(11) 92460-7269;telefone;enriquecimento
100.000.236-55;cliente236_0@exemplo.com;email;cadastro
100.000.237-36;11994775473;telefone;bureau
100.000.237-36;cliente237_0@exemplo.com;email;cadastro
100.000.238-17;11989134873;telefone;cadastro
100.000.238-17;(11) 94905-7246;telefone;cadastro
100.000.239-06;11969890694;telefone;cadastro
100.000.239-06;(11) 98601-5183;telefone;cadastro
100.000.240-31;(11) 93775-2746;telefone;enriquecimento
100.000.240-31;11962088975;telefone;cadastro
100.000.240-31;11916232730;telefone;bureau
100.000.240-31;cliente240_0@exemplo.com;email;cadastro
100.000.240-31;cliente240_1@exemplo.com;email;cadastro
100.000.241-12;11979345320;telefone;cadastro
100.000.241-12;(11) 93991-7031;telefone;enriquecimento
100.000.241-12;11956309454;telefone;enriquecimento
100.000.241-12;11991095825;telefone;enriquecimento
100.000.241-12;cliente241_0@exemplo.com;email;bureau
100.000.242-01;(11) 95432-2017;telefone;cadastro
100.000.242-01;cliente242_0@exemplo.com;email;bureau
100.000.243-84;(11) 98680-8685;telefone;cadastro
100.000.243-84;11932325960;telefone;cadastro
100.000.243-84;cliente243_0@exemplo.com;email;bureau
100.000.244-65;(11) 97464-8438;telefone;cadastro
100.000.244-65;11990643207;telefone;bureau
100.000.244-65;11934412077;telefone;cadastro
100.000.244-65;11932511225;telefone;cadastro
100.000.244-65;cliente244_0@exemplo.com;email;bureau
100.000.245-46;11991270313;telefone;enriquecimento
100.000.245-46;(11) 99251-0102;telefone;bureau
100.000.245-46;11981327320;telefone;cadastro
100.000.245-46;(11) 97472-5282;telefone;enriquecimento
100.000.245-46;cliente245_0@exemplo.com;email;enriquecimento
100.000.245-46;cliente245_1@exemplo.com;email;bureau
100.000.246-27;(11) 97470-9513;telefone;bureau
100.000.246-27;(11) 98906-0695;telefone;enriquecimento
100.000.246-27;cliente246_0@exemplo.com;email;cadastro
100.000.246-27;cliente246_1@exemplo.com;email;cadastro
100.000.247-08;11910954835;telefone;bureau
100.000.247-08;11910965569;telefone;bureau
100.000.247-08;(11) 95239-9610;telefone;cadastro
100.000.248-99;(11) 96334-5392;telefone;enriquecimento
100.000.248-99;(11) 98483-4795;telefone;bureau
100.000.248-99;11984478941;telefone;enriquecimento
100.000.248-99;cliente248_0@exemplo.com;email;bureau
100.000.248-99;cliente248_1@exemplo.com;email;enriquecimento
100.000.249-70;11955424358;telefone;bureau
100.000.249-70;(11) 91698-6408;telefone;enriquecimento
100.000.249-70;cliente249_0@exemplo.com;email;enriquecimento
100.000.249-70;cliente249_1@exemplo.com;email;cadastro
100.000.250-03;(11) 99240-5066;telefone;bureau
100.000.250-03;cliente250_0@exemplo.com;email;bureau
100.000.251-94;(11) 97852-4572;telefone;bureau
100.000.251-94;11932747608;telefone;bureau
100.000.251-94;(11) 99791-5178;telefone;cadastro
100.000.252-75;(11) 92210-1856;telefone;cadastro
100.000.252-75;cliente252_0@exemplo.com;email;enriquecimento
100.000.252-75;cliente252_1@exemplo.com;email;cadastro
100.000.253-56;11977946127;telefone;enriquecimento
100.000.254-37;(11) 98558-7210;telefone;bureau
100.000.254-37;11955588495;telefone;bureau
100.000.254-37;11971585593;telefone;enriquecimento
100.000.255-18;11979324022;telefone;enriquecimento
100.000.255-18;11945346197;telefone;cadastro
100.000.255-18;(11) 92248-3514;telefone;enriquecimento
100.000.255-18;cliente255_0@exemplo.com;email;bureau
100.000.256-07;11941522559;telefone;enriquecimento
100.000.256-07;(11) 94562-2106;telefone;cadastro
100.000.257-80;(11) 97473-2147;telefone;cadastro
100.000.257-80;11952334540;telefone;enriquecimento
100.000.257-80;(11) 98711-0685;telefone;cadastro
100.000.257-80;(11) 97860-3195;telefone;cadastro
100.000.257-80;cliente257_0@exemplo.com;email;bureau
100.000.257-80;cliente257_1@exemplo.com;email;bureau
100.000.258-60;(11) 97955-2316;telefone;cadastro
100.000.258-60;11911586450;telefone;bureau
100.000.258-60;(11) 92352-2144;telefone;cadastro
100.000.258-60;11944856447;telefone;enriquecimento
100.000.258-60;cliente258_0@exemplo.com;email;cadastro
100.000.259-41;11986693314;telefone;enriquecimento
100.000.259-41;11940677709;telefone;bureau
100.000.259-41;11946231955;telefone;bureau
100.000.259-41;(11) 96112-1302;telefone;enriquecimento
100.000.259-41;cliente259_0@exemplo.com;email;enriquecimento
100.000.259-41;cliente259_1@exemplo.com;email;enriquecimento
100.000.260-85;11963472598;telefone;bureau
100.000.260-85;11931923376;telefone;enriquecimento
100.000.260-85;(11) 97396-0038;telefone;bureau
100.000.260-85;(11) 95491-6840;telefone;bureau
100.000.260-85;cliente260_0@exemplo.com;email;bureau
100.000.260-85;cliente260_1@exemplo.com;email;cadastro
100.000.261-66;11948199537;telefone;enriquecimento
100.000.261-66;11975430302;telefone;cadastro
100.000.262-47;11986723896;telefone;bureau
100.000.262-47;(11) 92061-8223;telefone;cadastro
100.000.262-47;(11) 95253-0677;telefone;cadastro
100.000.262-47;cliente262_0@exemplo.com;email;bureau
100.000.262-47;cliente262_1@exemplo.com;email;enriquecimento
100.000.263-28;11926782572;telefone;bureau
100.000.263-28;11998855162;telefone;enriquecimento
100.000.263-28;(11) 92074-6107;telefone;enriquecimento
100.000.263-28;(11) 92282-5003;telefone;enriquecimento
100.000.263-28;cliente263_0@exemplo.com;email;enriquecimento
100.000.263-28;cliente263_1@exemplo.com;email;enriquecimento
100.000.264-09;11948141360;telefone;cadastro
100.000.264-09;11980698159;telefone;cadastro
100.000.264-09;11913834774;telefone;bureau
100.000.264-09;(11) 95364-7781;telefone;cadastro
100.000.264-09;cliente264_0@exemplo.com;email;bureau
100.000.264-09;cliente264_1@exemplo.com;email;cadastro
100.000.265-90;(11) 95659-6140;telefone;bureau
100.000.265-90;(11) 92201-9737;telefone;bureau
100.000.265-90;11944870711;telefone;bureau
100.000.265-90;(11) 91141-6778;telefone;enriquecimento
100.000.266-70;11990128487;telefone;enriquecimento
100.000.267-51;11939607414;telefone;bureau
100.000.267-51;11942153442;telefone;bureau
100.000.267-51;11992304487;telefone;cadastro
100.000.267-51;11948208680;telefone;enriquecimento
100.000.267-51;cliente267_0@exemplo.com;email;enriquecimento
100.000.268-32;11930421134;telefone;cadastro
100.000.268-32;11981802559;telefone;enriquecimento
100.000.268-32;(11) 94786-4772;telefone;bureau
100.000.268-32;11911101134;telefone;cadastro
100.000.268-32;cliente268_0@exemplo.com;email;enriquecimento
100.000.269-13;(11) 92960-7576;telefone;cadastro
100.000.270-57;(11) 94317-3547;telefone;bureau
100.000.270-57;11971852177;telefone;enriquecimento
100.000.271-38;11943999060;telefone;bureau
100.000.271-38;cliente271_0@exemplo.com;email;enriquecimento
100.000.272-19;(11) 96312-4490;telefone;bureau
100.000.272-19;11911198544;telefone;cadastro
100.000.272-19;cliente272_0@exemplo.com;email;enriquecimento
100.000.272-19;cliente272_1@exemplo.com;email;enriquecimento
100.000.273-08;(11) 98198-8124;telefone;cadastro
100.000.274-80;11958072427;telefone;enriquecimento
100.000.274-80;(11) 91530-0062;telefone;bureau
100.000.274-80;cliente274_0@exemplo.com;email;cadastro
100.000.275-61;11970315326;telefone;bureau
100.000.275-61;11945346140;telefone;enriquecimento
100.000.275-61;cliente275_0@exemplo.com;email;bureau
100.000.275-61;cliente275_1@exemplo.com;email;cadastro
100.000.276-42;11984016756;telefone;enriquecimento
100.000.276-42;11965003032;telefone;cadastro
100.000.276-42;11980222787;telefone;cadastro
100.000.276-42;11927418007;telefone;enriquecimento
100.000.277-23;11991329718;telefone;bureau
100.000.277-23;(11) 91175-6387;telefone;bureau
100.000.277-23;11975955329;telefone;bureau
100.000.277-23;cliente277_0@exemplo.com;email;enriquecimento
100.000.278-04;(11) 91944-7334;telefone;bureau
100.000.278-04;(11) 93897-7615;telefone;cadastro
100.000.278-04;11941006711;telefone;cadastro
100.000.279-95;(11) 97156-8435;telefone;cadastro
100.000.279-95;cliente279_0@exemplo.com;email;cadastro
100.000.280-29;(11) 95229-9387;telefone;bureau
100.000.280-29;(11) 95989-1348;telefone;enriquecimento
100.000.280-29;(11) 95341-2847;telefone;bureau
100.000.280-29;11938712948;telefone;cadastro
100.000.280-29;cliente280_0@exemplo.com;email;enriquecimento
100.000.280-29;cliente280_1@exemplo.com;email;bureau
100.000.281-00;11938833029;telefone;enriquecimento
100.000.281-00;(11) 91291-2708;telefone;bureau
100.000.281-00;(11) 94703-8339;telefone;enriquecimento
100.000.281-00;cliente281_0@exemplo.com;email;bureau
100.000.281-00;cliente281_1@exemplo.com;email;enriquecimento
100.000.282-90;11986378602;telefone;cadastro
100.000.282-90;11953579429;telefone;enriquecimento
100.000.282-90;(11) 93320-6579;telefone;cadastro
100.000.282-90;cliente282_0@exemplo.com;email;cadastro
100.000.282-90;cliente282_1@exemplo.com;email;cadastro
100.000.283-71;11965904597;telefone;cadastro
100.000.283-71;(11) 94042-9530;telefone;bureau
100.000.283-71;(11) 99083-9556;telefone;bureau
100.000.283-71;cliente283_0@exemplo.com;email;bureau
100.000.283-71;cliente283_1@exemplo.com;email;enriquecimento
100.000.284-52;(11) 98987-7290;telefone;bureau
100.000.284-52;(11) 96797-3424;telefone;bureau
100.000.284-52;11927742113;telefone;cadastro
100.000.284-52;(11) 91661-8423;telefone;cadastro
100.000.284-52;cliente284_0@exemplo.com;email;bureau
100.000.285-33;11942522981;telefone;cadastro
100.000.285-33;(11) 96772-2445;telefone;enriquecimento
100.000.286-14;11992707781;telefone;cadastro
100.000.286-14;(11) 99364-2093;telefone;bureau
100.000.286-14;11916023362;telefone;enriquecimento
100.000.286-14;cliente286_0@exemplo.com;email;cadastro
100.000.286-14;cliente286_1@exemplo.com;email;cadastro
100.000.287-03;11924935479;telefone;enriquecimento
100.000.287-03;(11) 95454-3739;telefone;enriquecimento
100.000.287-03;(11) 93735-3754;telefone;enriquecimento
100.000.287-03;cliente287_0@exemplo.com;email;cadastro
100.000.288-86;11948119652;telefone;cadastro
100.000.288-86;cliente288_0@exemplo.com;email;enriquecimento
100.000.288-86;cliente288_1@exemplo.com;email;cadastro
100.000.289-67;11941026926;telefone;enriquecimento
100.000.289-67;cliente289_0@exemplo.com;email;bureau
100.000.289-67;cliente289_1@exemplo.com;email;enriquecimento
100.000.290-09;11954770958;telefone;bureau
100.000.290-09;cliente290_0@exemplo.com;email;bureau
100.000.290-09;cliente290_1@exemplo.com;email;bureau
100.000.291-81;11913954845;telefone;bureau
100.000.291-81;(11) 94027-7197;telefone;enriquecimento
100.000.291-81;(11) 99817-1888;telefone;enriquecimento
100.000.291-81;cliente291_0@exemplo.com;email;enriquecimento
100.000.291-81;cliente291_1@exemplo.com;email;bureau
100.000.292-62;(11) 93775-0491;telefone;enriquecimento
100.000.292-62;11987984620;telefone;enriquecimento
100.000.292-62;11928536762;telefone;bureau
100.000.292-62;cliente292_0@exemplo.com;email;enriquecimento
100.000.292-62;cliente292_1@exemplo.com;email;cadastro
100.000.293-43;11913957187;telefone;cadastro
100.000.293-43;cliente293_0@exemplo.com;email;enriquecimento
100.000.294-24;11913516265;telefone;enriquecimento
100.000.294-24;11992138779;telefone;cadastro
100.000.294-24;cliente294_0@exemplo.com;email;cadastro
100.000.294-24;cliente294_1@exemplo.com;email;enriquecimento
100.000.295-05;(11) 97596-0711;telefone;enriquecimento
100.000.295-05;11940369856;telefone;enriquecimento
100.000.295-05;(11) 91201-5179;telefone;cadastro
100.000.296-96;(11) 94312-2766;telefone;enriquecimento
100.000.296-96;(11) 99159-4977;telefone;enriquecimento
100.000.296-96;(11) 95199-6390;telefone;bureau
100.000.296-96;(11) 98676-3742;telefone;cadastro
100.000.296-96;cliente296_0@exemplo.com;email;enriquecimento
100.000.296-96;cliente296_1@exemplo.com;email;cadastro
100.000.297-77;(11) 91526-8263;telefone;enriquecimento
100.000.297-77;11994644215;telefone;bureau
100.000.297-77;11968995922;telefone;cadastro
100.000.297-77;11948374806;telefone;cadastro
100.000.297-77;cliente297_0@exemplo.com;email;cadastro
100.000.297-77;cliente297_1@exemplo.com;email;bureau
100.000.298-58;11970516875;telefone;bureau
100.000.298-58;11937102854;telefone;bureau
100.000.299-39;(11) 92144-9650;telefone;enriquecimento
100.000.299-39;cliente299_0@exemplo.com;email;enriquecimento
100.000.300-07;(11) 93014-4703;telefone;bureau
100.000.300-07;11916886777;telefone;cadastro
100.000.300-07;11969895766;telefone;bureau
100.000.301-98;(11) 99160-2221;telefone;cadastro
100.000.301-98;11941927492;telefone;enriquecimento
100.000.301-98;11970899748;telefone;enriquecimento
100.000.301-98;(11) 99054-4341;telefone;enriquecimento
100.000.301-98;cliente301_0@exemplo.com;email;cadastro
100.000.302-79;11954440977;telefone;bureau
100.000.303-50;(11) 98770-7540;telefone;enriquecimento
100.000.303-50;(11) 95017-0625;telefone;cadastro
100.000.304-30;11938164968;telefone;bureau
100.000.304-30;11924670297;telefone;cadastro
100.000.304-30;(11) 98099-4013;telefone;cadastro
100.000.304-30;cliente304_0@exemplo.com;email;bureau
100.000.305-11;11992448605;telefone;cadastro
100.000.305-11;(11) 99480-6492;telefone;cadastro
100.000.305-11;11991793056;telefone;bureau
100.000.306-00;11956929234;telefone;bureau
100.000.306-00;(11) 91151-6293;telefone;enriquecimento
100.000.306-00;(11) 94414-7341;telefone;bureau
100.000.306-00;11951308532;telefone;bureau
100.000.307-83;11974304823;telefone;bureau
100.000.307-83;11996657974;telefone;enriquecimento
100.000.308-64;11950177237;telefone;cadastro
100.000.308-64;cliente308_0@exemplo.com;email;bureau
100.000.308-64;cliente308_1@exemplo.com;email;cadastro
100.000.309-45;11994088862;telefone;enriquecimento
100.000.310-89;11965548633;telefone;bureau
100.000.310-89;11959873103;telefone;enriquecimento
100.000.310-89;(11) 95061-8137;telefone;cadastro
100.000.311-60;(11) 98028-0155;telefone;enriquecimento
100.000.311-60;(11) 92318-7101;telefone;enriquecimento
100.000.311-60;cliente311_0@exemplo.com;email;cadastro
100.000.311-60;cliente311_1@exemplo.com;email;bureau
100.000.312-40;11923838227;telefone;bureau
100.000.312-40;cliente312_0@exemplo.com;email;enriquecimento
100.000.312-40;cliente312_1@exemplo.com;email;bureau
100.000.313-21;(11) 93004-1488;telefone;cadastro
100.000.313-21;(11) 99361-0257;telefone;enriquecimento
100.000.313-21;11982816971;telefone;enriquecimento
100.000.313-21;(11) 95274-6321;telefone;bureau
100.000.313-21;cliente313_0@exemplo.com;email;enriquecimento
100.000.314-02;11921558774;telefone;cadastro
100.000.315-93;11981603135;telefone;cadastro
100.000.315-93;11972504573;telefone;bureau
100.000.315-93;(11) 97285-0928;telefone;enriquecimento
100.000.315-93;cliente315_0@exemplo.com;email;enriquecimento
100.000.315-93;cliente315_1@exemplo.com;email;bureau
100.000.316-74;11970838623;telefone;cadastro
100.000.316-74;11925151444;telefone;bureau
100.000.316-74;(11) 97190-6810;telefone;bureau
100.000.316-74;cliente316_0@exemplo.com;email;cadastro
100.000.317-55;11989260394;telefone;bureau
100.000.317-55;(11) 98354-4472;telefone;bureau
100.000.317-55;(11) 97474-3230;telefone;bureau
100.000.317-55;cliente317_0@exemplo.com;email;cadastro
100.000.317-55;cliente317_1@exemplo.com;email;enriquecimento
100.000.318-36;(11) 95367-1508;telefone;enriquecimento
100.000.318-36;11933645674;telefone;enriquecimento
100.000.318-36;(11) 99029-6988;telefone;enriquecimento
100.000.318-36;11960856575;telefone;bureau
100.000.318-36;cliente318_0@exemplo.com;email;bureau
100.000.318-36;cliente318_1@exemplo.com;email;enriquecimento
100.000.319-17;(11) 96234-2586;telefone;cadastro
100.000.319-17;(11) 93760-3443;telefone;cadastro
100.000.319-17;cliente319_0@exemplo.com;email;enriquecimento
100.000.320-50;(11) 92712-0235;telefone;cadastro
100.000.321-31;11941573535;telefone;enriquecimento
100.000.321-31;(11) 99391-4843;telefone;enriquecimento
100.000.321-31;(11) 96121-2793;telefone;cadastro
100.000.322-12;(11) 99702-5331;telefone;bureau
100.000.322-12;11975323947;telefone;enriquecimento
100.000.323-01;(11) 97837-2512;telefone;bureau
100.000.323-01;11961635535;telefone;cadastro
100.000.323-01;(11) 99114-4449;telefone;enriquecimento
100.000.323-01;11941776042;telefone;cadastro
100.000.323-01;cliente323_0@exemplo.com;email;cadastro
100.000.324-84;(11) 92074-5888;telefone;bureau
100.000.324-84;(11) 94750-3167;telefone;cadastro
100.000.324-84;(11) 99188-2291;telefone;bureau
100.000.324-84;11999085263;telefone;cadastro
100.000.324-84;cliente324_0@exemplo.com;email;bureau
100.000.324-84;cliente324_1@exemplo.com;email;cadastro
100.000.325-65;11948816900;telefone;enriquecimento
100.000.325-65;11990213415;telefone;enriquecimento
100.000.325-65;11985659375;telefone;bureau
100.000.325-65;cliente325_0@exemplo.com;email;bureau
100.000.325-65;cliente325_1@exemplo.com;email;bureau
100.000.326-46;11947711414;telefone;enriquecimento
100.000.326-46;(11) 92497-1907;telefone;enriquecimento
100.000.326-46;(11) 93028-5078;telefone;cadastro
100.000.326-46;cliente326_0@exemplo.com;email;cadastro
100.000.327-27;(11) 98993-2574;telefone;cadastro
100.000.327-27;cliente327_0@exemplo.com;email;enriquecimento
100.000.328-08;(11) 92556-8500;telefone;bureau
100.000.328-08;(11) 97391-8769;telefone;cadastro
100.000.328-08;(11) 98147-3736;telefone;enriquecimento
100.000.328-08;cliente328_0@exemplo.com;email;cadastro
100.000.329-99;(11) 96795-3319;telefone;enriquecimento
100.000.329-99;cliente329_0@exemplo.com;email;enriquecimento
100.000.329-99;cliente329_1@exemplo.com;email;bureau
100.000.330-22;11952046364;telefone;enriquecimento
100.000.330-22;(11) 91113-7651;telefone;bureau
100.000.331-03;11990448089;telefone;bureau
100.000.331-03;cliente331_0@exemplo.com;email;enriquecimento
100.000.331-03;cliente331_1@exemplo.com;email;bureau
100.000.332-94;(11) 94953-6330;telefone;cadastro
100.000.333-75;(11) 94721-6895;telefone;bureau
100.000.333-75;(11) 96137-8412;telefone;bureau
100.000.333-75;11944660198;telefone;cadastro
100.000.333-75;cliente333_0@exemplo.com;email;bureau
100.000.334-56;11969268093;telefone;bureau
100.000.334-56;11923862962;telefone;cadastro
100.000.334-56;11943634472;telefone;bureau
100.000.334-56;11976800348;telefone;enriquecimento
100.000.335-37;(11) 91940-8620;telefone;bureau
100.000.335-37;11974701849;telefone;cadastro
100.000.335-37;(11) 95817-3202;telefone;enriquecimento
100.000.335-37;11917408103;telefone;cadastro
100.000.335-37;cliente335_0@exemplo.com;email;cadastro
100.000.335-37;cliente335_1@exemplo.com;email;bureau
100.000.336-18;(11) 99868-2228;telefone;cadastro
100.000.337-07;11975663681;telefone;enriquecimento
100.000.337-07;11982551667;telefone;bureau
100.000.337-07;cliente337_0@exemplo.com;email;cadastro
100.000.338-80;11982016051;telefone;bureau
100.000.338-80;11919668169;telefone;bureau
100.000.338-80;(11) 99775-5782;telefone;cadastro
100.000.338-80;11992996496;telefone;cadastro
100.000.339-60;11924271532;telefone;enriquecimento
100.000.339-60;cliente339_0@exemplo.com;email;cadastro
100.000.339-60;cliente339_1@exemplo.com;email;enriquecimento
100.000.340-02;(11) 91611-8522;telefone;bureau
100.000.340-02;11955030548;telefone;cadastro
100.000.340-02;cliente340_0@exemplo.com;email;enriquecimento
100.000.341-85;11975359668;telefone;cadastro
100.000.341-85;11910969588;telefone;enriquecimento
100.000.341-85;11997477181;telefone;bureau
100.000.341-85;11973889312;telefone;cadastro
100.000.341-85;cliente341_0@exemplo.com;email;bureau
100.000.341-85;cliente341_1@exemplo.com;email;bureau
100.000.342-66;11956688115;telefone;cadastro
100.000.342-66;cliente342_0@exemplo.com;email;cadastro
100.000.342-66;cliente342_1@exemplo.com;email;bureau
100.000.343-47;(11) 92512-3535;telefone;enriquecimento
100.000.343-47;11973674613;telefone;enriquecimento
100.000.344-28;(11) 98212-3324;telefone;cadastro
100.000.344-28;(11) 91390-1068;telefone;enriquecimento
100.000.344-28;(11) 94158-1408;telefone;cadastro
100.000.344-28;(11) 95375-1263;telefone;bureau
100.000.344-28;cliente344_0@exemplo.com;email;enriquecimento
100.000.345-09;(11) 91729-3304;telefone;cadastro
100.000.346-90;11937140286;telefone;enriquecimento
100.000.346-90;(11) 98632-5036;telefone;cadastro
100.000.346-90;(11) 97248-2955;telefone;enriquecimento
100.000.346-90;cliente346_0@exemplo.com;email;enriquecimento
100.000.347-70;(11) 93905-0434;telefone;enriquecimento
100.000.347-70;11947469681;telefone;bureau
100.000.347-70;cliente347_0@exemplo.com;email;bureau
100.000.348-51;(11) 91537-6584;telefone;cadastro
100.000.348-51;cliente348_0@exemplo.com;email;bureau
100.000.348-51;cliente348_1@exemplo.com;email;bureau
100.000.349-32;(11) 93926-0335;telefone;bureau
100.000.349-32;cliente349_0@exemplo.com;email;bureau
100.000.350-76;(11) 97224-4899;telefone;enriquecimento
100.000.350-76;cliente350_0@exemplo.com;email;enriquecimento
100.000.351-57;(11) 96716-3632;telefone;bureau
100.000.351-57;11992208524;telefone;enriquecimento
100.000.351-57;(11) 93780-2722;telefone;enriquecimento
100.000.351-57;cliente351_0@exemplo.com;email;enriquecimento
100.000.352-38;11996996261;telefone;enriquecimento
100.000.353-19;(11) 95301-1925;telefone;bureau
100.000.353-19;11945884163;telefone;cadastro
100.000.354-08;11918808386;telefone;cadastro
100.000.354-08;(11) 92171-8382;telefone;bureau
100.000.354-08;11933999716;telefone;bureau
100.000.355-80;(11) 97360-6441;telefone;cadastro
100.000.355-80;cliente355_0@exemplo.com;email;cadastro
100.000.356-61;(11) 99801-4684;telefone;bureau
100.000.356-61;(11) 98963-9062;telefone;bureau
100.000.356-61;11981157706;telefone;cadastro
100.000.356-61;cliente356_0@exemplo.com;email;cadastro
100.000.357-42;(11) 97119-3423;telefone;cadastro
100.000.357-42;cliente357_0@exemplo.com;email;bureau
100.000.357-42;cliente357_1@exemplo.com;email;bureau
100.000.358-23;(11) 98711-1463;telefone;bureau
100.000.358-23;(11) 93476-2712;telefone;bureau
100.000.358-23;cliente358_0@exemplo.com;email;cadastro
100.000.358-23;cliente358_1@exemplo.com;email;cadastro
100.000.359-04;(11) 92951-3094;telefone;bureau
100.000.359-04;11930945115;telefone;bureau
100.000.359-04;(11) 97810-3287;telefone;bureau
100.000.359-04;(11) 97360-7213;telefone;bureau
100.000.359-04;cliente359_0@exemplo.com;email;cadastro
100.000.359-04;cliente359_1@exemplo.com;email;enriquecimento
100.000.360-48;11992882398;telefone;enriquecimento
100.000.360-48;cliente360_0@exemplo.com;email;bureau
100.000.361-29;11921727533;telefone;cadastro
100.000.361-29;11975829146;telefone;bureau
100.000.361-29;cliente361_0@exemplo.com;email;enriquecimento
100.000.361-29;cliente361_1@exemplo.com;email;enriquecimento
100.000.362-00;11985300576;telefone;enriquecimento
100.000.362-00;(11) 96962-2247;telefone;enriquecimento
100.000.362-00;11965782199;telefone;bureau
100.000.362-00;cliente362_0@exemplo.com;email;enriquecimento
100.000.362-00;cliente362_1@exemplo.com;email;cadastro
100.000.363-90;(11) 96043-5319;telefone;cadastro
100.000.363-90;11946685578;telefone;enriquecimento
100.000.363-90;11986224438;telefone;bureau
100.000.364-71;(11) 97220-3452;telefone;cadastro
100.000.364-71;(11) 93067-2747;telefone;bureau
100.000.364-71;(11) 99543-7748;telefone;bureau
100.000.364-71;cliente364_0@exemplo.com;email;bureau
100.000.364-71;cliente364_1@exemplo.com;email;bureau
100.000.365-52;11987989327;telefone;bureau
100.000.365-52;cliente365_0@exemplo.com;email;enriquecimento
100.000.366-33;(11) 92961-4192;telefone;cadastro
100.000.366-33;11928186152;telefone;enriquecimento
100.000.366-33;(11) 95847-4537;telefone;cadastro
100.000.366-33;cliente366_0@exemplo.com;email;cadastro
100.000.367-14;(11) 95040-9241;telefone;cadastro
100.000.367-14;11958656970;telefone;bureau
100.000.367-14;cliente367_0@exemplo.com;email;enriquecimento
100.000.367-14;cliente367_1@exemplo.com;email;enriquecimento
100.000.368-03;11935288872;telefone;bureau
100.000.368-03;(11) 98498-1433;telefone;cadastro
100.000.368-03;cliente368_0@exemplo.com;email;enriquecimento
100.000.368-03;cliente368_1@exemplo.com;email;cadastro
100.000.369-86;11958663129;telefone;cadastro
100.000.369-86;cliente369_0@exemplo.com;email;cadastro
100.000.370-10;11940410305;telefone;cadastro
100.000.370-10;(11) 93816-4383;telefone;cadastro
100.000.370-10;cliente370_0@exemplo.com;email;bureau
100.000.370-10;cliente370_1@exemplo.com;email;cadastro
100.000.371-09;(11) 91580-9144;telefone;bureau
100.000.371-09;cliente371_0@exemplo.com;email;bureau
100.000.371-09;cliente371_1@exemplo.com;email;cadastro
100.000.372-81;11947228730;telefone;cadastro
100.000.372-81;11931549640;telefone;bureau
100.000.372-81;cliente372_0@exemplo.com;email;enriquecimento
100.000.372-81;cliente372_1@exemplo.com;email;cadastro
100.000.373-62;11923245372;telefone;cadastro
100.000.373-62;cliente373_0@exemplo.com;email;enriquecimento
100.000.373-62;cliente373_1@exemplo.com;email;bureau
100.000.374-43;(11) 92659-1378;telefone;cadastro
100.000.374-43;(11) 97654-7299;telefone;enriquecimento
100.000.374-43;cliente374_0@exemplo.com;email;enriquecimento
100.000.374-43;cliente374_1@exemplo.com;email;enriquecimento
100.000.375-24;11949002238;telefone;enriquecimento
100.000.375-24;(11) 91934-2782;telefone;enriquecimento
100.000.375-24;11959317149;telefone;bureau
100.000.375-24;11975987927;telefone;cadastro
100.000.375-24;cliente375_0@exemplo.com;email;bureau
100.000.376-05;11955450370;telefone;enriquecimento
100.000.376-05;11964262755;telefone;bureau
100.000.376-05;cliente376_0@exemplo.com;email;bureau
100.000.376-05;cliente376_1@exemplo.com;email;bureau
100.000.377-96;11978640894;telefone;enriquecimento
100.000.377-96;(11) 92450-0436;telefone;bureau
100.000.377-96;(11) 94098-0376;telefone;cadastro
100.000.377-96;(11) 92336-8540;telefone;enriquecimento
100.000.377-96;cliente377_0@exemplo.com;email;enriquecimento
100.000.378-77;11972548391;telefone;enriquecimento
100.000.378-77;cliente378_0@exemplo.com;email;enriquecimento
100.000.378-77;cliente378_1@exemplo.com;email;cadastro
100.000.379-58;(11) 96051-1038;telefone;bureau
100.000.380-91;(11) 97542-5092;telefone;bureau
100.000.380-91;11975841004;telefone;enriquecimento
100.000.380-91;cliente380_0@exemplo.com;email;bureau
100.000.380-91;cliente380_1@exemplo.com;email;enriquecimento
100.000.381-72;(11) 95301-4471;telefone;bureau
100.000.381-72;11927206452;telefone;bureau
100.000.381-72;11956825449;telefone;cadastro
100.000.381-72;cliente381_0@exemplo.com;email;cadastro
100.000.381-72;cliente381_1@exemplo.com;email;cadastro
100.000.382-53;(11) 91879-1292;telefone;cadastro
100.000.383-34;(11) 98891-8579;telefone;cadastro
100.000.383-34;11986551556;telefone;cadastro
100.000.383-34;11986844836;telefone;cadastro
100.000.383-34;cliente383_0@exemplo.com;email;cadastro
100.000.383-34;cliente383_1@exemplo.com;email;cadastro
100.000.384-15;11981918425;telefone;cadastro
100.000.384-15;11945588515;telefone;cadastro
100.000.384-15;11963959197;telefone;enriquecimento
100.000.384-15;11922342371;telefone;enriquecimento
100.000.384-15;cliente384_0@exemplo.com;email;bureau
100.000.384-15;cliente384_1@exemplo.com;email;enriquecimento
100.000.385-04;11952057523;telefone;cadastro
100.000.385-04;11993881231;telefone;bureau
100.000.385-04;(11) 98349-2593;telefone;bureau
100.000.386-87;(11) 98598-2862;telefone;enriquecimento
100.000.386-87;(11) 93693-0522;telefone;bureau
100.000.386-87;11930196097;telefone;bureau
100.000.386-87;11968436893;telefone;enriquecimento
100.000.387-68;11930127592;telefone;bureau
100.000.387-68;(11) 94296-2076;telefone;bureau
100.000.387-68;cliente387_0@exemplo.com;email;bureau
100.000.388-49;(11) 99647-5652;telefone;cadastro
100.000.388-49;11975208604;telefone;cadastro
100.000.388-49;(11) 92126-4832;telefone;bureau
100.000.389-20;11980055957;telefone;enriquecimento
100.000.389-20;(11) 98790-2618;telefone;enriquecimento
100.000.389-20;cliente389_0@exemplo.com;email;cadastro
100.000.390-63;11939260590;telefone;bureau
100.000.390-63;(11) 94684-9119;telefone;cadastro
100.000.390-63;cliente390_0@exemplo.com;email;bureau
100.000.390-63;cliente390_1@exemplo.com;email;enriquecimento
100.000.391-44;(11) 95136-2065;telefone;bureau
100.000.391-44;(11) 99131-1077;telefone;bureau
100.000.391-44;cliente391_0@exemplo.com;email;enriquecimento
100.000.391-44;cliente391_1@exemplo.com;email;bureau
100.000.392-25;(11) 92638-1779;telefone;bureau
100.000.392-25;11969378298;telefone;enriquecimento
100.000.392-25;(11) 96274-4287;telefone;bureau
100.000.392-25;cliente392_0@exemplo.com;email;enriquecimento
100.000.393-06;11920750109;telefone;bureau
100.000.393-06;(11) 97322-8801;telefone;bureau
100.000.393-06;11954657219;telefone;enriquecimento
100.000.393-06;11923474864;telefone;enriquecimento
100.000.393-06;cliente393_0@exemplo.com;email;enriquecimento
100.000.393-06;cliente393_1@exemplo.com;email;bureau
100.000.394-97;11910412827;telefone;bureau
100.000.394-97;11994328498;telefone;enriquecimento
100.000.395-78;11970597948;telefone;bureau
100.000.395-78;11944987861;telefone;cadastro
100.000.395-78;11953967101;telefone;cadastro
100.000.395-78;11936664193;telefone;cadastro
100.000.395-78;cliente395_0@exemplo.com;email;bureau
100.000.396-59;11972065617;telefone;cadastro
100.000.396-59;11932650041;telefone;cadastro
100.000.396-59;cliente396_0@exemplo.com;email;bureau
100.000.396-59;cliente396_1@exemplo.com;email;cadastro
100.000.397-30;(11) 97632-3560;telefone;enriquecimento
100.000.397-30;(11) 93557-4404;telefone;enriquecimento
100.000.397-30;11945729141;telefone;bureau
100.000.397-30;(11) 92747-5058;telefone;bureau
100.000.398-10;11941606345;telefone;bureau
100.000.398-10;11959611937;telefone;enriquecimento
100.000.398-10;(11) 92150-7650;telefone;enriquecimento
100.000.398-10;cliente398_0@exemplo.com;email;bureau
100.000.399-00;(11) 97320-7479;telefone;cadastro
100.000.399-00;cliente399_0@exemplo.com;email;bureau
100.000.399-00;cliente399_1@exemplo.com;email;enriquecimento
100.000.400-70;(11) 98510-2924;telefone;bureau
100.000.400-70;(11) 93279-9095;telefone;enriquecimento
100.000.400-70;11955523530;telefone;bureau
100.000.400-70;(11) 95258-9618;telefone;bureau
100.000.400-70;cliente400_0@exemplo.com;email;enriquecimento
100.000.401-50;(11) 94532-8305;telefone;cadastro
100.000.401-50;(11) 94540-0991;telefone;bureau
100.000.401-50;(11) 93214-3753;telefone;enriquecimento
100.000.402-31;(11) 93195-1974;telefone;enriquecimento
100.000.402-31;11976425800;telefone;bureau
100.000.402-31;cliente402_0@exemplo.com;email;enriquecimento
100.000.403-12;11934247098;telefone;cadastro
100.000.403-12;11946613462;telefone;bureau
100.000.404-01;11913484583;telefone;enriquecimento
100.000.404-01;11926373347;telefone;enriquecimento
100.000.404-01;11924236463;telefone;cadastro
100.000.404-01;11930639394;telefone;cadastro
100.000.404-01;cliente404_0@exemplo.com;email;bureau
100.000.404-01;cliente404_1@exemplo.com;email;bureau
100.000.405-84;(11) 98639-1152;telefone;bureau
100.000.405-84;(11) 99638-8439;telefone;cadastro
100.000.405-84;(11) 91949-2426;telefone;enriquecimento
100.000.406-65;11948243447;telefone;bureau
100.000.406-65;11930687604;telefone;bureau
100.000.406-65;cliente406_0@exemplo.com;email;bureau
100.000.407-46;(11) 96978-6268;telefone;enriquecimento
100.000.407-46;(11) 98557-2241;telefone;enriquecimento
100.000.407-46;11922109438;telefone;enriquecimento
100.000.407-46;cliente407_0@exemplo.com;email;enriquecimento
100.000.407-46;cliente407_1@exemplo.com;email;cadastro
100.000.408-27;11949017499;telefone;bureau
100.000.408-27;(11) 92062-7779;telefone;cadastro
100.000.408-27;11929945631;telefone;enriquecimento
100.000.408-27;11950320166;telefone;enriquecimento
100.000.408-27;cliente408_0@exemplo.com;email;cadastro
100.000.409-08;11920974924;telefone;cadastro
100.000.409-08;11998795539;telefone;cadastro
100.000.409-08;11962741841;telefone;cadastro
100.000.409-08;cliente409_0@exemplo.com;email;enriquecimento
100.000.410-41;11991074604;telefone;cadastro
100.000.410-41;(11) 92427-1459;telefone;cadastro
100.000.410-41;cliente410_0@exemplo.com;email;enriquecimento
100.000.411-22;11963015631;telefone;cadastro
100.000.411-22;(11) 92813-4687;telefone;bureau
100.000.411-22;(11) 91213-2081;telefone;enriquecimento
100.000.411-22;11935262608;telefone;cadastro
100.000.411-22;cliente411_0@exemplo.com;email;cadastro
100.000.411-22;cliente411_1@exemplo.com;email;enriquecimento
100.000.412-03;(11) 93045-7766;telefone;bureau
100.000.412-03;(11) 97510-1884;telefone;bureau
100.000.412-03;11970333053;telefone;cadastro
100.000.412-03;(11) 98642-7662;telefone;bureau
100.000.412-03;cliente412_0@exemplo.com;email;bureau
100.000.413-94;(11) 97524-3366;telefone;enriquecimento
100.000.413-94;(11) 97548-5030;telefone;cadastro
100.000.413-94;11918147644;telefone;bureau
100.000.413-94;cliente413_0@exemplo.com;email;enriquecimento
100.000.414-75;(11) 93165-3807;telefone;bureau
100.000.414-75;(11) 93579-6821;telefone;cadastro
100.000.414-75;11978133743;telefone;bureau
100.000.414-75;11955520344;telefone;enriquecimento
100.000.414-75;cliente414_0@exemplo.com;email;cadastro
100.000.414-75;cliente414_1@exemplo.com;email;cadastro
100.000.415-56;(11) 99346-2271;telefone;enriquecimento
100.000.415-56;11921568480;telefone;cadastro
100.000.415-56;11927327046;telefone;enriquecimento
100.000.415-56;11976060051;telefone;enriquecimento
100.000.415-56;cliente415_0@exemplo.com;email;bureau
100.000.416-37;(11) 95532-9991;telefone;bureau
100.000.417-18;(11) 97917-4131;telefone;bureau
100.000.417-18;(11) 91676-7531;telefone;enriquecimento
100.000.417-18;(11) 97135-5706;telefone;enriquecimento
100.000.418-07;(11) 95853-8289;telefone;cadastro
100.000.418-07;(11) 94920-8083;telefone;bureau
100.000.418-07;cliente418_0@exemplo.com;email;cadastro
100.000.419-80;11942925764;telefone;cadastro
100.000.419-80;11973574016;telefone;enriquecimento
100.000.419-80;(11) 92143-9895;telefone;enriquecimento
100.000.419-80;11965701512;telefone;enriquecimento
100.000.420-13;11979277190;telefone;cadastro
100.000.420-13;(11) 91399-4712;telefone;cadastro
100.000.420-13;11979437366;telefone;bureau
100.000.420-13;(11) 95225-2354;telefone;bureau
100.000.420-13;cliente420_0@exemplo.com;email;enriquecimento
100.000.421-02;11984304333;telefone;cadastro
100.000.421-02;(11) 95210-3461;telefone;bureau
100.000.421-02;(11) 94755-1535;telefone;bureau
100.000.421-02;cliente421_0@exemplo.com;email;enriquecimento
100.000.421-02;cliente421_1@exemplo.com;email;enriquecimento
100.000.422-85;(11) 92131-1994;telefone;bureau
100.000.422-85;11926912191;telefone;cadastro
100.000.422-85;11938686961;telefone;enriquecimento
100.000.422-85;11984059443;telefone;cadastro
100.000.422-85;cliente422_0@exemplo.com;email;cadastro
100.000.422-85;cliente422_1@exemplo.com;email;enriquecimento
100.000.423-66;11944863921;telefone;bureau
100.000.423-66;cliente423_0@exemplo.com;email;bureau
100.000.424-47;11988060201;telefone;cadastro
100.000.424-47;11994254420;telefone;cadastro
100.000.425-28;11958488507;telefone;enriquecimento
100.000.425-28;(11) 92967-0044;telefone;enriquecimento
100.000.426-09;11945392370;telefone;cadastro
100.000.426-09;11969066531;telefone;enriquecimento
100.000.426-09;(11) 96595-8370;telefone;enriquecimento
100.000.426-09;(11) 92706-2291;telefone;bureau
100.000.426-09;cliente426_0@exemplo.com;email;enriquecimento
100.000.427-90;(11) 92594-0510;telefone;bureau
100.000.427-90;11926222417;telefone;enriquecimento
100.000.427-90;11980166008;telefone;cadastro
100.000.427-90;cliente427_0@exemplo.com;email;enriquecimento
100.000.428-70;11975604774;telefone;cadastro
100.000.428-70;11919068358;telefone;enriquecimento
100.000.428-70;(11) 98691-4689;telefone;bureau
100.000.428-70;cliente428_0@exemplo.com;email;bureau
100.000.429-51;11929996104;telefone;cadastro
100.000.429-51;11993855267;telefone;cadastro
100.000.429-51;(11) 94124-8877;telefone;enriquecimento
100.000.429-51;(11) 91614-9817;telefone;cadastro
100.000.429-51;cliente429_0@exemplo.com;email;bureau
100.000.430-95;11935827078;telefone;enriquecimento
100.000.430-95;cliente430_0@exemplo.com;email;enriquecimento
100.000.430-95;cliente430_1@exemplo.com;email;cadastro
100.000.431-76;11946904845;telefone;bureau
100.000.431-76;11987786253;telefone;enriquecimento
100.000.431-76;cliente431_0@exemplo.com;email;cadastro
100.000.431-76;cliente431_1@exemplo.com;email;bureau
100.000.432-57;(11) 92333-2334;telefone;enriquecimento
100.000.432-57;11948299260;telefone;cadastro
100.000.432-57;11922029742;telefone;bureau
100.000.432-57;11932708438;telefone;bureau
100.000.433-38;11926235817;telefone;enriquecimento
100.000.433-38;11990128603;telefone;enriquecimento
100.000.433-38;(11) 97770-2274;telefone;enriquecimento
100.000.433-38;(11) 91813-7886;telefone;enriquecimento
100.000.434-19;11950884443;telefone;bureau
100.000.434-19;cliente434_0@exemplo.com;email;cadastro
100.000.435-08;(11) 98451-1273;telefone;enriquecimento
100.000.435-08;(11) 97236-4542;telefone;bureau
100.000.435-08;11997652074;telefone;bureau
100.000.435-08;11974717944;telefone;cadastro
100.000.435-08;cliente435_0@exemplo.com;email;bureau
100.000.435-08;cliente435_1@exemplo.com;email;enriquecimento
100.000.436-80;(11) 92650-5688;telefone;enriquecimento
100.000.436-80;11947508257;telefone;bureau
100.000.436-80;(11) 97775-5826;telefone;enriquecimento
100.000.436-80;cliente436_0@exemplo.com;email;enriquecimento
100.000.437-61;11990465362;telefone;cadastro
100.000.437-61;11927948365;telefone;bureau
100.000.437-61;(11) 91027-4812;telefone;bureau
100.000.438-42;(11) 92656-4560;telefone;bureau
100.000.438-42;cliente438_0@exemplo.com;email;cadastro
100.000.439-23;(11) 91265-5050;telefone;bureau
100.000.439-23;(11) 95802-5924;telefone;cadastro
100.000.439-23;cliente439_0@exemplo.com;email;enriquecimento
100.000.439-23;cliente439_1@exemplo.com;email;cadastro
100.000.440-67;(11) 92489-0990;telefone;enriquecimento
100.000.440-67;(11) 97630-5077;telefone;cadastro
100.000.441-48;11980206603;telefone;cadastro
100.000.441-48;cliente441_0@exemplo.com;email;cadastro
100.000.442-29;11996029038;telefone;bureau
100.000.442-29;(11) 95335-2227;telefone;enriquecimento
100.000.442-29;11946780435;telefone;enriquecimento
100.000.442-29;11976514912;telefone;enriquecimento
100.000.443-00;(11) 94028-3277;telefone;cadastro
100.000.443-00;11966884191;telefone;bureau
100.000.444-90;(11) 94317-2390;telefone;bureau
100.000.444-90;(11) 95574-1665;telefone;cadastro
100.000.444-90;(11) 97974-9603;telefone;enriquecimento
100.000.444-90;cliente444_0@exemplo.com;email;enriquecimento
100.000.444-90;cliente444_1@exemplo.com;email;bureau
100.000.445-71;(11) 96931-3284;telefone;enriquecimento
100.000.445-71;cliente445_0@exemplo.com;email;cadastro
100.000.445-71;cliente445_1@exemplo.com;email;cadastro
100.000.446-52;(11) 99854-6660;telefone;bureau
100.000.446-52;11972305089;telefone;bureau
100.000.446-52;cliente446_0@exemplo.com;email;enriquecimento
100.000.446-52;cliente446_1@exemplo.com;email;enriquecimento
100.000.447-33;(11) 98693-5230;telefone;bureau
100.000.447-33;cliente447_0@exemplo.com;email;enriquecimento
100.000.447-33;cliente447_1@exemplo.com;email;bureau
100.000.448-14;(11) 95176-6978;telefone;cadastro
100.000.448-14;11929545414;telefone;enriquecimento
100.000.448-14;(11) 95602-3301;telefone;cadastro
100.000.448-14;11911084726;telefone;enriquecimento
100.000.449-03;(11) 91918-0999;telefone;cadastro
100.000.449-03;11999638670;telefone;bureau
100.000.449-03;cliente449_0@exemplo.com;email;bureau
100.000.450-39;11915662934;telefone;enriquecimento
100.000.450-39;(11) 99573-3862;telefone;bureau
100.000.450-39;(11) 99374-1127;telefone;enriquecimento
100.000.450-39;(11) 95449-5204;telefone;bureau
100.000.450-39;cliente450_0@exemplo.com;email;cadastro
100.000.451-10;11915892805;telefone;enriquecimento
100.000.451-10;(11) 94813-1375;telefone;bureau
100.000.451-10;cliente451_0@exemplo.com;email;enriquecimento
100.000.452-09;11928420515;telefone;cadastro
100.000.453-81;11918774822;telefone;enriquecimento
100.000.453-81;(11) 92755-4964;telefone;cadastro
100.000.453-81;11960760544;telefone;bureau
100.000.453-81;11967651904;telefone;bureau
100.000.454-62;(11) 97821-8774;telefone;cadastro
100.000.454-62;(11) 93808-3391;telefone;enriquecimento
100.000.454-62;(11) 99905-3757;telefone;enriquecimento
100.000.454-62;cliente454_0@exemplo.com;email;bureau
100.000.455-43;11973586743;telefone;enriquecimento
100.000.455-43;11988380820;telefone;cadastro
100.000.455-43;(11) 93724-6265;telefone;enriquecimento
100.000.455-43;11939339153;telefone;enriquecimento
100.000.455-43;cliente455_0@exemplo.com;email;bureau
100.000.456-24;11972445215;telefone;bureau
100.000.456-24;(11) 95514-7351;telefone;enriquecimento
100.000.456-24;(11) 96488-8712;telefone;enriquecimento
100.000.456-24;cliente456_0@exemplo.com;email;bureau
100.000.457-05;(11) 92320-8247;telefone;enriquecimento
100.000.457-05;cliente457_0@exemplo.com;email;cadastro
100.000.458-96;11928503943;telefone;cadastro
100.000.458-96;(11) 98289-7088;telefone;enriquecimento
100.000.458-96;(11) 95019-4740;telefone;enriquecimento
100.000.458-96;cliente458_0@exemplo.com;email;cadastro
100.000.459-77;(11) 94054-5068;telefone;cadastro
100.000.459-77;(11) 97367-8024;telefone;enriquecimento
100.000.459-77;cliente459_0@exemplo.com;email;cadastro
100.000.459-77;cliente459_1@exemplo.com;email;cadastro
100.000.460-00;(11) 96029-1405;telefone;enriquecimento
100.000.460-00;11927226260;telefone;cadastro
100.000.460-00;cliente460_0@exemplo.com;email;bureau
100.000.461-91;11986178952;telefone;cadastro
100.000.461-91;(11) 92867-4348;telefone;cadastro
100.000.461-91;11954325475;telefone;enriquecimento
100.000.461-91;cliente461_0@exemplo.com;email;bureau
100.000.461-91;cliente461_1@exemplo.com;email;bureau
100.000.462-72;(11) 92251-4663;telefone;cadastro
100.000.462-72;(11) 93384-1913;telefone;enriquecimento
100.000.462-72;11975580570;telefone;cadastro
100.000.462-72;11936709158;telefone;enriquecimento
100.000.462-72;cliente462_0@exemplo.com;email;enriquecimento
100.000.463-53;11927332564;telefone;enriquecimento
100.000.463-53;11974189781;telefone;cadastro
100.000.463-53;(11) 93771-3235;telefone;enriquecimento
100.000.463-53;11968008992;telefone;cadastro
100.000.464-34;11969825080;telefone;bureau
100.000.465-15;(11) 95654-4270;telefone;enriquecimento
100.000.465-15;11949922892;telefone;enriquecimento
100.000.465-15;11933505052;telefone;enriquecimento
100.000.465-15;cliente465_0@exemplo.com;email;enriquecimento
100.000.465-15;cliente465_1@exemplo.com;email;cadastro
100.000.466-04;(11) 99947-7179;telefone;bureau
100.000.466-04;11939159454;telefone;bureau
100.000.466-04;cliente466_0@exemplo.com;email;bureau
100.000.467-87;11977922837;telefone;cadastro
100.000.467-87;(11) 99574-7226;telefone;enriquecimento
100.000.467-87;(11) 97199-5701;telefone;bureau
100.000.467-87;11936092407;telefone;enriquecimento
100.000.468-68;11928824809;telefone;cadastro
100.000.468-68;(11) 93165-8249;telefone;enriquecimento
100.000.469-49;11969144114;telefone;cadastro
100.000.470-82;11969590884;telefone;cadastro
100.000.471-63;(11) 95524-7029;telefone;cadastro
100.000.471-63;cliente471_0@exemplo.com;email;bureau
100.000.471-63;cliente471_1@exemplo.com;email;enriquecimento
100.000.472-44;11953309319;telefone;enriquecimento
100.000.473-25;(11) 91160-8113;telefone;bureau
100.000.473-25;cliente473_0@exemplo.com;email;enriquecimento
100.000.474-06;11923665188;telefone;cadastro
100.000.474-06;(11) 98639-7410;telefone;bureau
100.000.474-06;11990512805;telefone;enriquecimento
100.000.474-06;(11) 96215-2370;telefone;bureau
100.000.474-06;cliente474_0@exemplo.com;email;bureau
100.000.474-06;cliente474_1@exemplo.com;email;enriquecimento
100.000.475-97;(11) 97756-7894;telefone;cadastro
100.000.475-97;11941219836;telefone;enriquecimento
100.000.475-97;11926650536;telefone;cadastro
100.000.475-97;(11) 94268-8154;telefone;bureau
100.000.475-97;cliente475_0@exemplo.com;email;cadastro
100.000.476-78;11928021013;telefone;enriquecimento
100.000.476-78;11915316025;telefone;cadastro
100.000.476-78;11996979318;telefone;bureau
100.000.476-78;(11) 91318-0065;telefone;enriquecimento
100.000.476-78;cliente476_0@exemplo.com;email;bureau
100.000.477-59;11969372673;telefone;enriquecimento
100.000.477-59;11975987111;telefone;bureau
100.000.477-59;(11) 93583-2275;telefone;enriquecimento
100.000.477-59;(11) 93740-9946;telefone;bureau
100.000.477-59;cliente477_0@exemplo.com;email;enriquecimento
100.000.477-59;cliente477_1@exemplo.com;email;cadastro
100.000.478-30;11948299416;telefone;enriquecimento
100.000.478-30;11937031585;telefone;enriquecimento
100.000.478-30;cliente478_0@exemplo.com;email;bureau
100.000.479-10;11974693042;telefone;cadastro
100.000.479-10;(11) 92117-1324;telefone;bureau
100.000.479-10;cliente479_0@exemplo.com;email;bureau
100.000.479-10;cliente479_1@exemplo.com;email;enriquecimento
100.000.480-54;(11) 93626-8523;telefone;bureau
100.000.480-54;(11) 91172-2586;telefone;cadastro
100.000.480-54;11960232033;telefone;cadastro
100.000.480-54;cliente480_0@exemplo.com;email;cadastro
100.000.481-35;(11) 93606-8867;telefone;bureau
100.000.481-35;cliente481_0@exemplo.com;email;bureau
100.000.482-16;(11) 94312-3836;telefone;cadastro
100.000.482-16;11958508204;telefone;cadastro
100.000.482-16;11999345471;telefone;bureau
100.000.482-16;(11) 97113-2251;telefone;bureau
100.000.483-05;11979596863;telefone;cadastro
100.000.483-05;11966766698;telefone;bureau
100.000.483-05;11950563223;telefone;enriquecimento
100.000.483-05;11961377017;telefone;enriquecimento
100.000.483-05;cliente483_0@exemplo.com;email;enriquecimento
100.000.483-05;cliente483_1@exemplo.com;email;enriquecimento
100.000.484-88;11975997979;telefone;enriquecimento
100.000.484-88;(11) 91937-3966;telefone;enriquecimento
100.000.484-88;11965947629;telefone;cadastro
100.000.485-69;(11) 93452-5524;telefone;enriquecimento
100.000.485-69;(11) 93575-4346;telefone;cadastro
100.000.485-69;cliente485_0@exemplo.com;email;cadastro
100.000.486-40;11974142265;telefone;bureau
100.000.487-20;11960421010;telefone;bureau
100.000.487-20;(11) 94567-9876;telefone;cadastro
100.000.487-20;cliente487_0@exemplo.com;email;enriquecimento
100.000.488-01;11957785434;telefone;cadastro
100.000.488-01;11923445578;telefone;cadastro
100.000.488-01;11963929804;telefone;cadastro
100.000.488-01;(11) 92863-7880;telefone;bureau
100.000.488-01;cliente488_0@exemplo.com;email;bureau
100.000.488-01;cliente488_1@exemplo.com;email;bureau
100.000.489-92;11912232081;telefone;bureau
100.000.489-92;11953691252;telefone;enriquecimento
100.000.490-26;11923482938;telefone;bureau
100.000.490-26;(11) 93618-2785;telefone;enriquecimento
100.000.490-26;11986758128;telefone;bureau
100.000.490-26;11914260842;telefone;enriquecimento
100.000.490-26;cliente490_0@exemplo.com;email;enriquecimento
100.000.491-07;11998549488;telefone;enriquecimento
100.000.491-07;(11) 92415-5900;telefone;cadastro
100.000.492-98;(11) 92213-8886;telefone;cadastro
100.000.492-98;cliente492_0@exemplo.com;email;enriquecimento
100.000.493-79;11941322048;telefone;cadastro
100.000.493-79;(11) 92176-8256;telefone;enriquecimento
100.000.493-79;(11) 98948-3803;telefone;cadastro
100.000.493-79;11925583513;telefone;cadastro
100.000.494-50;(11) 95290-1755;telefone;cadastro
100.000.494-50;11926952687;telefone;enriquecimento
100.000.494-50;(11) 93981-5335;telefone;cadastro
100.000.494-50;11971821057;telefone;enriquecimento
100.000.494-50;cliente494_0@exemplo.com;email;enriquecimento
100.000.495-30;(11) 97742-8032;telefone;enriquecimento
100.000.496-11;(11) 93049-5346;telefone;bureau
100.000.496-11;(11) 94020-8616;telefone;enriquecimento
100.000.496-11;11934027688;telefone;enriquecimento
100.000.496-11;(11) 96258-7561;telefone;bureau
100.000.497-00;(11) 94789-8265;telefone;enriquecimento
100.000.497-00;(11) 98355-2661;telefone;bureau
100.000.497-00;11987897778;telefone;cadastro
100.000.497-00;(11) 91726-4306;telefone;bureau
100.000.497-00;cliente497_0@exemplo.com;email;enriquecimento
100.000.498-83;11958617120;telefone;cadastro
100.000.498-83;11987266743;telefone;cadastro
100.000.499-64;11925750026;telefone;enriquecimento
100.000.499-64;(11) 99725-4650;telefone;enriquecimento
100.000.499-64;11929940502;telefone;bureau
100.000.499-64;(11) 91456-2440;telefone;cadastro
100.000.499-64;cliente499_0@exemplo.com;email;bureau
100.000.500-32;(11) 99728-3256;telefone;bureau
100.000.500-32;(11) 96974-2764;telefone;bureau
100.000.500-32;(11) 92109-1349;telefone;cadastro
100.000.500-32;11978417285;telefone;bureau
100.000.500-32;cliente500_0@exemplo.com;email;cadastro
100.000.500-32;cliente500_1@exemplo.com;email;enriquecimento
100.000.501-13;11982143514;telefone;bureau
100.000.501-13;(11) 91265-0315;telefone;enriquecimento
100.000.501-13;cliente501_0@exemplo.com;email;enriquecimento
100.000.501-13;cliente501_1@exemplo.com;email;bureau
100.000.502-02;(11) 91071-4575;telefone;enriquecimento
100.000.502-02;cliente502_0@exemplo.com;email;cadastro
100.000.503-85;11983071775;telefone;cadastro
100.000.503-85;cliente503_0@exemplo.com;email;enriquecimento
100.000.503-85;cliente503_1@exemplo.com;email;cadastro
100.000.504-66;(11) 99135-9046;telefone;bureau
100.000.504-66;11923288780;telefone;bureau
100.000.504-66;11916004304;telefone;enriquecimento
100.000.504-66;cliente504_0@exemplo.com;email;enriquecimento
100.000.505-47;11944987131;telefone;bureau
100.000.505-47;(11) 96369-5060;telefone;bureau
100.000.505-47;11967088619;telefone;enriquecimento
100.000.505-47;11929225877;telefone;cadastro
100.000.505-47;cliente505_0@exemplo.com;email;enriquecimento
100.000.505-47;cliente505_1@exemplo.com;email;cadastro
100.000.506-28;(11) 96086-0721;telefone;bureau
100.000.506-28;11920405175;telefone;bureau
100.000.506-28;cliente506_0@exemplo.com;email;bureau
100.000.506-28;cliente506_1@exemplo.com;email;enriquecimento
100.000.507-09;11960621018;telefone;cadastro
100.000.507-09;11939826611;telefone;bureau
100.000.508-90;11923296433;telefone;bureau
100.000.508-90;11962286305;telefone;cadastro
100.000.508-90;(11) 98136-1168;telefone;bureau
100.000.508-90;cliente508_0@exemplo.com;email;cadastro
100.000.509-70;11995791097;telefone;enriquecimento
100.000.509-70;11943435196;telefone;enriquecimento
100.000.509-70;(11) 97144-3076;telefone;cadastro
100.000.509-70;cliente509_0@exemplo.com;email;enriquecimento
100.000.510-04;11951025192;telefone;cadastro
100.000.510-04;11951974837;telefone;bureau
100.000.510-04;11920293588;telefone;bureau
100.000.511-95;(11) 97437-8331;telefone;enriquecimento
100.000.511-95;11981458772;telefone;enriquecimento
100.000.511-95;11964421457;telefone;cadastro
100.000.511-95;(11) 91097-8481;telefone;enriquecimento
100.000.511-95;cliente511_0@exemplo.com;email;bureau
100.000.511-95;cliente511_1@exemplo.com;email;bureau
100.000.512-76;11980265183;telefone;cadastro
100.000.512-76;11959264742;telefone;bureau
100.000.512-76;(11) 91683-2563;telefone;enriquecimento
100.000.512-76;11960101289;telefone;cadastro
100.000.512-76;cliente512_0@exemplo.com;email;bureau
100.000.512-76;cliente512_1@exemplo.com;email;cadastro
100.000.513-57;(11) 99629-8460;telefone;enriquecimento
100.000.513-57;11972150455;telefone;bureau
100.000.513-57;11917717080;telefone;cadastro
100.000.513-57;11992615071;telefone;bureau
100.000.514-38;11965125778;telefone;cadastro
100.000.514-38;cliente514_0@exemplo.com;email;enriquecimento
100.000.515-19;(11) 99808-4362;telefone;cadastro
100.000.515-19;11957477880;telefone;enriquecimento
100.000.515-19;11910779834;telefone;enriquecimento
100.000.516-08;(11) 99928-7389;telefone;enriquecimento
100.000.516-08;(11) 97564-1573;telefone;cadastro
100.000.516-08;cliente516_0@exemplo.com;email;bureau
100.000.516-08;cliente516_1@exemplo.com;email;bureau
100.000.517-80;(11) 93087-6492;telefone;cadastro
100.000.518-61;11975220319;telefone;bureau
100.000.518-61;(11) 99289-4635;telefone;cadastro
100.000.518-61;11943482865;telefone;cadastro
100.000.518-61;(11) 92543-7721;telefone;bureau
100.000.519-42;(11) 94078-7425;telefone;cadastro
100.000.519-42;11963859314;telefone;enriquecimento
100.000.520-86;11974316496;telefone;bureau
100.000.520-86;11916933082;telefone;enriquecimento
100.000.520-86;cliente520_0@exemplo.com;email;bureau
100.000.521-67;11947602351;telefone;cadastro
100.000.521-67;(11) 93480-8805;telefone;bureau
100.000.521-67;(11) 97593-9337;telefone;enriquecimento
100.000.522-48;11938190192;telefone;cadastro
100.000.522-48;11924276138;telefone;bureau
100.000.522-48;(11) 99077-6943;telefone;cadastro
100.000.522-48;cliente522_0@exemplo.com;email;enriquecimento
100.000.522-48;cliente522_1@exemplo.com;email;enriquecimento
100.000.523-29;11915880227;telefone;cadastro
100.000.523-29;11966131539;telefone;enriquecimento
100.000.523-29;cliente523_0@exemplo.com;email;cadastro
100.000.523-29;cliente523_1@exemplo.com;email;cadastro
100.000.524-00;(11) 92730-5260;telefone;bureau
100.000.524-00;cliente524_0@exemplo.com;email;enriquecimento
100.000.524-00;cliente524_1@exemplo.com;email;cadastro
100.000.525-90;(11) 98549-7282;telefone;enriquecimento
100.000.525-90;(11) 94643-9333;telefone;cadastro
100.000.525-90;11986758847;telefone;bureau
100.000.525-90;11978826270;telefone;enriquecimento
100.000.525-90;cliente525_0@exemplo.com;email;cadastro
100.000.525-90;cliente525_1@exemplo.com;email;cadastro
100.000.526-71;(11) 94727-9846;telefone;bureau
100.000.526-71;(11) 94629-7151;telefone;bureau
100.000.526-71;(11) 94342-1297;telefone;enriquecimento
100.000.527-52;(11) 99207-1729;telefone;bureau
100.000.527-52;(11) 99401-4298;telefone;cadastro
100.000.527-52;(11) 95771-2141;telefone;enriquecimento
100.000.528-33;(11) 94454-0283;telefone;enriquecimento
100.000.528-33;11983937567;telefone;bureau
100.000.528-33;11953521847;telefone;bureau
100.000.528-33;11963078200;telefone;enriquecimento
100.000.528-33;cliente528_0@exemplo.com;email;bureau
100.000.528-33;cliente528_1@exemplo.com;email;bureau
100.000.529-14;11951629000;telefone;cadastro
100.000.529-14;11933855089;telefone;bureau
100.000.530-58;11990972685;telefone;cadastro
100.000.530-58;(11) 96153-8339;telefone;cadastro
100.000.530-58;cliente530_0@exemplo.com;email;cadastro
100.000.530-58;cliente530_1@exemplo.com;email;enriquecimento
100.000.531-39;11921403835;telefone;enriquecimento
100.000.531-39;cliente531_0@exemplo.com;email;bureau
100.000.532-10;11912846476;telefone;bureau
100.000.532-10;(11) 92379-9637;telefone;enriquecimento
100.000.532-10;11965738565;telefone;enriquecimento
100.000.533-09;11940134894;telefone;enriquecimento
100.000.533-09;cliente533_0@exemplo.com;email;cadastro
100.000.534-81;11990478491;telefone;enriquecimento
100.000.534-81;11999559917;telefone;bureau
100.000.534-81;cliente534_0@exemplo.com;email;cadastro
100.000.534-81;cliente534_1@exemplo.com;email;bureau
100.000.535-62;(11) 99802-7250;telefone;enriquecimento
100.000.536-43;11927117558;telefone;cadastro
100.000.536-43;11952857838;telefone;bureau
100.000.536-43;(11) 97459-7455;telefone;enriquecimento
100.000.536-43;cliente536_0@exemplo.com;email;enriquecimento
100.000.536-43;cliente536_1@exemplo.com;email;cadastro
100.000.537-24;11980725487;telefone;enriquecimento
100.000.537-24;(11) 93943-8509;telefone;cadastro
100.000.538-05;(11) 95843-3612;telefone;bureau
100.000.539-96;11925735123;telefone;enriquecimento
100.000.539-96;11929203413;telefone;bureau
100.000.539-96;cliente539_0@exemplo.com;email;enriquecimento
100.000.540-20;11920343529;telefone;enriquecimento
100.000.540-20;11965900995;telefone;cadastro
100.000.540-20;(11) 92880-5567;telefone;enriquecimento
100.000.540-20;cliente540_0@exemplo.com;email;bureau
100.000.541-00;(11) 97755-1168;telefone;enriquecimento
100.000.541-00;cliente541_0@exemplo.com;email;enriquecimento
100.000.542-91;(11) 94648-4083;telefone;bureau
100.000.542-91;11979994685;telefone;enriquecimento
100.000.542-91;cliente542_0@exemplo.com;email;enriquecimento
100.000.542-91;cliente542_1@exemplo.com;email;enriquecimento
100.000.543-72;(11) 96106-5827;telefone;bureau
100.000.543-72;11996791517;telefone;cadastro
100.000.543-72;(11) 92401-2339;telefone;bureau
100.000.543-72;11955026244;telefone;enriquecimento
100.000.543-72;cliente543_0@exemplo.com;email;bureau
100.000.544-53;(11) 98652-0583;telefone;bureau
100.000.544-53;cliente544_0@exemplo.com;email;cadastro
100.000.544-53;cliente544_1@exemplo.com;email;cadastro
100.000.545-34;11957759672;telefone;bureau
100.000.545-34;11923070100;telefone;bureau
100.000.545-34;cliente545_0@exemplo.com;email;enriquecimento
100.000.545-34;cliente545_1@exemplo.com;email;bureau
100.000.546-15;11920570029;telefone;bureau
100.000.546-15;(11) 94108-0809;telefone;enriquecimento
100.000.546-15;cliente546_0@exemplo.com;email;enriquecimento
100.000.546-15;cliente546_1@exemplo.com;email;bureau
100.000.547-04;11955502589;telefone;bureau
100.000.547-04;(11) 99368-0829;telefone;bureau
100.000.547-04;11962027391;telefone;enriquecimento
100.000.547-04;cliente547_0@exemplo.com;email;cadastro
100.000.547-04;cliente547_1@exemplo.com;email;cadastro
100.000.548-87;11952106611;telefone;enriquecimento
100.000.548-87;cliente548_0@exemplo.com;email;bureau
100.000.549-68;(11) 96933-0327;telefone;bureau
100.000.549-68;11926638464;telefone;enriquecimento
100.000.549-68;11958784400;telefone;enriquecimento
100.000.549-68;(11) 99317-2511;telefone;enriquecimento
100.000.549-68;cliente549_0@exemplo.com;email;enriquecimento
100.000.550-00;(11) 94285-8752;telefone;bureau
100.000.550-00;cliente550_0@exemplo.com;email;cadastro
100.000.550-00;cliente550_1@exemplo.com;email;bureau
100.000.551-82;11996232807;telefone;enriquecimento
100.000.551-82;cliente551_0@exemplo.com;email;cadastro
100.000.552-63;(11) 93853-9411;telefone;enriquecimento
100.000.552-63;cliente552_0@exemplo.com;email;enriquecimento
100.000.553-44;11967728351;telefone;bureau
100.000.553-44;11938386094;telefone;enriquecimento
100.000.553-44;(11) 96676-3408;telefone;cadastro
100.000.553-44;(11) 99532-0504;telefone;enriquecimento
100.000.553-44;cliente553_0@exemplo.com;email;cadastro
100.000.554-25;11955905032;telefone;cadastro
100.000.554-25;cliente554_0@exemplo.com;email;cadastro
100.000.555-06;11986546634;telefone;enriquecimento
100.000.555-06;(11) 99014-5249;telefone;bureau
100.000.555-06;11987643527;telefone;enriquecimento
100.000.555-06;cliente555_0@exemplo.com;email;bureau
100.000.555-06;cliente555_1@exemplo.com;email;bureau
100.000.556-97;11970473000;telefone;enriquecimento
100.000.556-97;(11) 92687-3477;telefone;cadastro
100.000.556-97;(11) 98762-8449;telefone;cadastro
100.000.556-97;(11) 93518-6888;telefone;cadastro
100.000.557-78;(11) 91217-3155;telefone;bureau
100.000.557-78;11926743037;telefone;enriquecimento
100.000.557-78;(11) 97120-2946;telefone;cadastro
100.000.557-78;cliente557_0@exemplo.com;email;enriquecimento
100.000.557-78;cliente557_1@exemplo.com;email;bureau
100.000.558-59;11995108432;telefone;enriquecimento
100.000.558-59;11923317762;telefone;enriquecimento
100.000.558-59;11923933416;telefone;bureau
100.000.558-59;11965201022;telefone;enriquecimento
100.000.558-59;cliente558_0@exemplo.com;email;bureau
100.000.558-59;cliente558_1@exemplo.com;email;enriquecimento
100.000.559-30;11925368078;telefone;cadastro
100.000.559-30;(11) 92670-2129;telefone;bureau
100.000.559-30;cliente559_0@exemplo.com;email;enriquecimento
100.000.560-73;(11) 94550-0464;telefone;cadastro
100.000.560-73;11965662309;telefone;cadastro
100.000.560-73;(11) 96564-0853;telefone;enriquecimento
100.000.561-54;(11) 93585-8441;telefone;bureau
100.000.561-54;11916923083;telefone;cadastro
100.000.561-54;11927296700;telefone;enriquecimento
100.000.561-54;(11) 93331-5937;telefone;bureau
100.000.561-54;cliente561_0@exemplo.com;email;enriquecimento
100.000.562-35;(11) 93134-7754;telefone;enriquecimento
100.000.562-35;11922517871;telefone;enriquecimento
100.000.562-35;(11) 98962-9793;telefone;cadastro
100.000.562-35;cliente562_0@exemplo.com;email;bureau
100.000.562-35;cliente562_1@exemplo.com;email;bureau
100.000.563-16;11949852264;telefone;bureau
100.000.563-16;11942917490;telefone;enriquecimento
100.000.563-16;cliente563_0@exemplo.com;email;cadastro
100.000.564-05;(11) 92437-1585;telefone;enriquecimento
100.000.564-05;cliente564_0@exemplo.com;email;cadastro
100.000.565-88;11993977718;telefone;cadastro
100.000.565-88;cliente565_0@exemplo.com;email;enriquecimento
100.000.565-88;cliente565_1@exemplo.com;email;cadastro
100.000.566-69;11956544523;telefone;enriquecimento
100.000.566-69;cliente566_0@exemplo.com;email;enriquecimento
100.000.566-69;cliente566_1@exemplo.com;email;cadastro
100.000.567-40;(11) 92540-6645;telefone;cadastro
100.000.567-40;(11) 92859-7882;telefone;enriquecimento
100.000.567-40;cliente567_0@exemplo.com;email;bureau
100.000.567-40;cliente567_1@exemplo.com;email;bureau
100.000.568-20;11935911301;telefone;enriquecimento
100.000.568-20;11947726289;telefone;cadastro
100.000.568-20;11988863503;telefone;cadastro
100.000.568-20;(11) 97547-5674;telefone;bureau
100.000.568-20;cliente568_0@exemplo.com;email;cadastro
100.000.569-01;(11) 91862-5670;telefone;cadastro
100.000.569-01;11978633149;telefone;enriquecimento
100.000.569-01;(11) 99105-1682;telefone;cadastro
100.000.569-01;cliente569_0@exemplo.com;email;bureau
100.000.569-01;cliente569_1@exemplo.com;email;bureau
100.000.570-45;11926415312;telefone;bureau
100.000.570-45;(11) 95414-0102;telefone;enriquecimento
100.000.570-45;11986164433;telefone;bureau
100.000.570-45;cliente570_0@exemplo.com;email;bureau
100.000.570-45;cliente570_1@exemplo.com;email;bureau
100.000.571-26;(11) 96841-2302;telefone;enriquecimento
100.000.571-26;cliente571_0@exemplo.com;email;bureau
100.000.572-07;11987364953;telefone;enriquecimento
100.000.572-07;(11) 91239-3947;telefone;bureau
100.000.572-07;(11) 91062-3711;telefone;bureau
100.000.572-07;cliente572_0@exemplo.com;email;cadastro
100.000.573-98;(11) 95257-2475;telefone;cadastro
100.000.573-98;11984685481;telefone;bureau
100.000.573-98;(11) 91631-8000;telefone;enriquecimento
100.000.573-98;(11) 97101-2928;telefone;cadastro
100.000.574-79;(11) 96847-6310;telefone;bureau
100.000.574-79;11959510172;telefone;enriquecimento
100.000.574-79;(11) 91066-3217;telefone;enriquecimento
100.000.574-79;cliente574_0@exemplo.com;email;cadastro
100.000.575-50;(11) 92849-0280;telefone;cadastro
100.000.575-50;11952860106;telefone;bureau
100.000.575-50;(11) 98840-0641;telefone;cadastro
100.000.575-50;(11) 96547-1370;telefone;cadastro
100.000.575-50;cliente575_0@exemplo.com;email;bureau
100.000.575-50;cliente575_1@exemplo.com;email;cadastro
100.000.576-30;(11) 98496-2645;telefone;enriquecimento
100.000.576-30;(11) 99685-6891;telefone;bureau
100.000.576-30;(11) 93763-4253;telefone;cadastro
100.000.576-30;cliente576_0@exemplo.com;email;cadastro
100.000.577-11;11970937796;telefone;bureau
100.000.577-11;11924181508;telefone;cadastro
100.000.577-11;(11) 93936-4802;telefone;enriquecimento
100.000.577-11;cliente577_0@exemplo.com;email;enriquecimento
100.000.578-00;(11) 92479-0683;telefone;enriquecimento
100.000.578-00;cliente578_0@exemplo.com;email;cadastro
100.000.579-83;(11) 97740-2853;telefone;bureau
100.000.579-83;(11) 96923-5732;telefone;cadastro
100.000.579-83;11997056537;telefone;bureau
100.000.579-83;(11) 93602-9062;telefone;enriquecimento
100.000.579-83;cliente579_0@exemplo.com;email;enriquecimento
100.000.580-17;(11) 91478-9956;telefone;enriquecimento
100.000.581-06;(11) 97646-0815;telefone;bureau
100.000.582-89;(11) 93284-8229;telefone;cadastro
100.000.582-89;(11) 93514-4941;telefone;enriquecimento
100.000.582-89;11971098100;telefone;bureau
100.000.582-89;(11) 97369-9826;telefone;enriquecimento
100.000.582-89;cliente582_0@exemplo.com;email;cadastro
100.000.583-60;11912334156;telefone;cadastro
100.000.583-60;11949011532;telefone;enriquecimento
100.000.584-40;(11) 94453-9524;telefone;bureau
100.000.584-40;11971572485;telefone;enriquecimento
100.000.584-40;(11) 95479-3672;telefone;bureau
100.000.584-40;cliente584_0@exemplo.com;email;cadastro
100.000.584-40;cliente584_1@exemplo.com;email;cadastro
100.000.585-21;(11) 98752-2039;telefone;enriquecimento
100.000.585-21;11967810328;telefone;enriquecimento
100.000.585-21;(11) 93601-7047;telefone;cadastro
100.000.586-02;11954452330;telefone;cadastro
100.000.586-02;(11) 94707-7262;telefone;bureau
100.000.587-93;11976964850;telefone;enriquecimento
100.000.587-93;(11) 92974-7600;telefone;cadastro
100.000.587-93;11948893851;telefone;enriquecimento
100.000.587-93;cliente587_0@exemplo.com;email;enriquecimento
100.000.588-74;11957278935;telefone;cadastro
100.000.588-74;(11) 94374-6828;telefone;enriquecimento
100.000.588-74;(11) 97737-6391;telefone;enriquecimento
100.000.588-74;11930808715;telefone;bureau
100.000.588-74;cliente588_0@exemplo.com;email;enriquecimento
100.000.588-74;cliente588_1@exemplo.com;email;bureau
100.000.589-55;11945065845;telefone;bureau
100.000.589-55;11990133190;telefone;cadastro
100.000.589-55;(11) 95328-2519;telefone;cadastro
100.000.589-55;11936777331;telefone;bureau
100.000.590-99;(11) 95204-5107;telefone;bureau
100.000.590-99;11957990755;telefone;enriquecimento
100.000.590-99;11966439314;telefone;cadastro
100.000.590-99;11985015510;telefone;enriquecimento
100.000.590-99;cliente590_0@exemplo.com;email;cadastro
100.000.591-70;11926902822;telefone;cadastro
100.000.591-70;(11) 97952-5894;telefone;bureau
100.000.591-70;(11) 91729-4228;telefone;bureau
100.000.591-70;cliente591_0@exemplo.com;email;bureau
100.000.591-70;cliente591_1@exemplo.com;email;enriquecimento
100.000.592-50;(11) 98543-6973;telefone;cadastro
100.000.592-50;cliente592_0@exemplo.com;email;bureau
100.000.593-31;(11) 92539-5963;telefone;bureau
100.000.593-31;(11) 92624-4964;telefone;cadastro
100.000.593-31;11943179439;telefone;bureau
100.000.593-31;11977887931;telefone;cadastro
100.000.594-12;11992833614;telefone;bureau
100.000.594-12;(11) 91290-6871;telefone;cadastro
100.000.594-12;11998243507;telefone;cadastro
100.000.594-12;(11) 98337-4285;telefone;bureau
100.000.594-12;cliente594_0@exemplo.com;email;enriquecimento
100.000.595-01;11929886575;telefone;cadastro
100.000.595-01;(11) 98572-6861;telefone;cadastro
100.000.595-01;11914574615;telefone;bureau
100.000.595-01;(11) 99319-8410;telefone;enriquecimento
100.000.595-01;cliente595_0@exemplo.com;email;bureau
100.000.596-84;(11) 97885-9755;telefone;cadastro
100.000.596-84;11957226789;telefone;enriquecimento
100.000.596-84;cliente596_0@exemplo.com;email;enriquecimento
100.000.596-84;cliente596_1@exemplo.com;email;enriquecimento
100.000.597-65;(11) 99131-4709;telefone;cadastro
100.000.597-65;11978045733;telefone;enriquecimento
100.000.597-65;11927370722;telefone;enriquecimento
100.000.597-65;11987943552;telefone;enriquecimento
100.000.597-65;cliente597_0@exemplo.com;email;cadastro
100.000.597-65;cliente597_1@exemplo.com;email;bureau
100.000.598-46;(11) 94175-8221;telefone;enriquecimento
100.000.598-46;(11) 96155-0809;telefone;bureau
100.000.598-46;(11) 91863-9582;telefone;bureau
100.000.598-46;cliente598_0@exemplo.com;email;cadastro
100.000.599-27;11960684499;telefone;cadastro
100.000.599-27;(11) 98468-7900;telefone;bureau
100.000.599-27;11943889297;telefone;enriquecimento
