data,id_cliente,tag_anterior,tag,motivo,quem_marcou
2026-08-03,C0000013,,S260803-M2-LOC-ND-L0,entrada na esteira; enriquecimento básico + WhatsApp válido,Planejamento
2026-08-03,C0000072,,S260803-A2-LOC-ND-L0,entrada na esteira; enriquecimento completo + novos telefones,Planejamento
2026-08-03,C0000082,,S260803-B2-LOC-ND-L0,entrada na esteira; enriquecimento básico,Planejamento
2026-08-03,C0000096,,S260803-M2-LOC-ND-L0,entrada na esteira; enriquecimento básico + WhatsApp válido,Planejamento
2026-08-03,C0000136,,S260803-B1-LOC-ND-L0,entrada na esteira; enriquecimento básico,Planejamento
2026-08-03,C0000156,,S260803-M3-LOC-ND-L0,entrada na esteira; enriquecimento básico,Planejamento
2026-08-03,C0000197,,S260803-M2-LOC-ND-L0,entrada na esteira; enriquecimento básico + WhatsApp válido,Planejamento
2026-08-03,C0000208,,S260803-A3-LOC-ND-L0,entrada na esteira; enriquecimento completo + localizador,Planejamento
2026-08-03,C0000300,,S260803-M1-LOC-ND-L0,entrada na esteira; enriquecimento completo,Planejamento
2026-08-03,C0000312,,S260803-A1-LOC-ND-L0,entrada na esteira; enriquecimento completo,Planejamento
2026-08-03,C0000343,,S260803-M2-LOC-ND-L0,entrada na esteira; enriquecimento básico + WhatsApp válido,Planejamento
2026-08-03,C0000347,,S260803-M1-LOC-ND-L0,entrada na esteira; enriquecimento completo,Planejamento
2026-08-03,C0000355,,S260803-B2-LOC-ND-L0,entrada na esteira; enriquecimento básico,Planejamento
2026-08-04,C0000020,,S260804-B3-LOC-ND-L0,entrada na esteira; enriquecimento só digital,Planejamento
2026-08-04,C0000038,,S260804-A1-LOC-ND-L0,entrada na esteira; enriquecimento completo,Planejamento
2026-08-04,C0000054,,S260804-B2-LOC-ND-L0,entrada na esteira; enriquecimento básico,Planejamento
2026-08-04,C0000139,,S260804-M1-LOC-ND-L0,entrada na esteira; enriquecimento completo,Planejamento
2026-08-04,C0000150,,S260804-B2-LOC-ND-L0,entrada na esteira; enriquecimento básico,Planejamento
2026-08-04,C0000182,,S260804-B3-LOC-ND-L0,entrada na esteira; enriquecimento só digital,Planejamento
2026-08-04,C0000201,,S260804-M3-LOC-ND-L0,entrada na esteira; enriquecimento básico,Planejamento
2026-08-04,C0000250,,S260804-M1-LOC-ND-L0,entrada na esteira; enriquecimento completo,Planejamento
2026-08-04,C0000293,,S260804-B2-LOC-ND-L0,entrada na esteira; enriquecimento básico,Planejamento
2026-08-04,C0000348,,S260804-A1-LOC-ND-L0,entrada na esteira; enriquecimento completo,Planejamento
2026-08-04,C0000351,,S260804-M3-LOC-ND-L0,entrada na esteira; enriquecimento básico,Planejamento
2026-08-04,C0000390,,S260804-A2-LOC-ND-L0,entrada na esteira; enriquecimento completo + novos telefones,Planejamento
2026-08-04,C0000013,S260803-M2-LOC-ND-L0,S260803-M2-LOC-ND-L1,localização por WhatsApp sem contato,WhatsApp
2026-08-04,C0000082,S260803-B2-LOC-ND-L0,S260803-B2-LOC-ND-L1,localização por WhatsApp sem contato,WhatsApp
2026-08-04,C0000096,S260803-M2-LOC-ND-L0,S260803-M2-LOC-ND-L1,localização por WhatsApp sem contato,WhatsApp
2026-08-04,C0000136,S260803-B1-LOC-ND-L0,S260803-B1-LOC-ND-L1,localização por WhatsApp sem contato,WhatsApp
2026-08-04,C0000197,S260803-M2-LOC-ND-L0,S260803-M2-LOC-ND-L1,localização por WhatsApp sem contato,WhatsApp
2026-08-04,C0000208,S260803-A3-LOC-ND-L0,S260803-A3-LOC-ND-L1,localização por WhatsApp sem contato,WhatsApp
2026-08-04,C0000300,S260803-M1-LOC-ND-L0,S260803-M1-LOC-ND-L1,localização por WhatsApp sem contato,WhatsApp
2026-08-04,C0000312,S260803-A1-LOC-ND-L0,S260803-A1-CPA-WA-T1,contato no WhatsApp → CPC A,WhatsApp
2026-08-04,C0000343,S260803-M2-LOC-ND-L0,S260803-M2-LOC-ND-L1,localização por WhatsApp sem contato,WhatsApp
2026-08-04,C0000347,S260803-M1-LOC-ND-L0,S260803-M1-CPA-WA-T1,contato no WhatsApp → CPC A,WhatsApp
2026-08-04,C0000355,S260803-B2-LOC-ND-L0,S260803-B2-LOC-ND-L1,localização por WhatsApp sem contato,WhatsApp
2026-08-05,C0000002,,S260805-B1-LOC-ND-L0,entrada na esteira; enriquecimento básico,Planejamento
2026-08-05,C0000009,,S260805-M1-LOC-ND-L0,entrada na esteira; enriquecimento completo,Planejamento
2026-08-05,C0000080,,S260805-M3-LOC-ND-L0,entrada na esteira; enriquecimento básico,Planejamento
2026-08-05,C0000084,,S260805-M3-LOC-ND-L0,entrada na esteira; enriquecimento básico,Planejamento
2026-08-05,C0000151,,S260805-M1-LOC-ND-L0,entrada na esteira; enriquecimento completo,Planejamento
2026-08-05,C0000177,,S260805-B2-LOC-ND-L0,entrada na esteira; enriquecimento básico,Planejamento
2026-08-05,C0000181,,S260805-B2-LOC-ND-L0,entrada na esteira; enriquecimento básico,Planejamento
2026-08-05,C0000194,,S260805-A2-LOC-ND-L0,entrada na esteira; enriquecimento completo + novos telefones,Planejamento
2026-08-05,C0000244,,S260805-B3-LOC-ND-L0,entrada na esteira; enriquecimento só digital,Planejamento
2026-08-05,C0000283,,S260805-B2-LOC-ND-L0,entrada na esteira; enriquecimento básico,Planejamento
2026-08-05,C0000285,,S260805-B1-LOC-ND-L0,entrada na esteira; enriquecimento básico,Planejamento
2026-08-05,C0000038,S260804-A1-LOC-ND-L0,S260804-A1-LOC-ND-L1,localização por WhatsApp sem contato,WhatsApp
2026-08-05,C0000054,S260804-B2-LOC-ND-L0,S260804-B2-LOC-ND-L1,localização por WhatsApp sem contato,WhatsApp
2026-08-05,C0000139,S260804-M1-LOC-ND-L0,S260804-M1-LOC-ND-L1,localização por WhatsApp sem contato,WhatsApp
2026-08-05,C0000150,S260804-B2-LOC-ND-L0,S260804-B2-LOC-ND-L1,localização por WhatsApp sem contato,WhatsApp
2026-08-05,C0000182,S260804-B3-LOC-ND-L0,S260804-B3-LOC-ND-L1,localização por WhatsApp sem contato,WhatsApp
2026-08-05,C0000201,S260804-M3-LOC-ND-L0,S260804-M3-LOC-ND-L1,localização por WhatsApp sem contato,WhatsApp
2026-08-05,C0000250,S260804-M1-LOC-ND-L0,S260804-M1-LOC-ND-L1,localização por WhatsApp sem contato,WhatsApp
2026-08-05,C0000293,S260804-B2-LOC-ND-L0,S260804-B2-LOC-ND-L1,localização por WhatsApp sem contato,WhatsApp
2026-08-05,C0000348,S260804-A1-LOC-ND-L0,S260804-A1-LOC-ND-L1,localização por WhatsApp sem contato,WhatsApp
2026-08-05,C0000351,S260804-M3-LOC-ND-L0,S260804-M3-LOC-ND-L1,localização por WhatsApp sem contato,WhatsApp
2026-08-05,C0000390,S260804-A2-LOC-ND-L0,S260804-A2-LOC-ND-L1,localização por WhatsApp sem contato,WhatsApp
2026-08-06,C0000019,,S260806-B1-LOC-ND-L0,entrada na esteira; enriquecimento básico,Planejamento
2026-08-06,C0000022,,S260806-B1-LOC-ND-L0,entrada na esteira; enriquecimento básico,Planejamento
2026-08-06,C0000026,,S260806-B1-LOC-ND-L0,entrada na esteira; enriquecimento básico,Planejamento
2026-08-06,C0000061,,S260806-B1-LOC-ND-L0,entrada na esteira; enriquecimento básico,Planejamento
2026-08-06,C0000067,,S260806-M1-LOC-ND-L0,entrada na esteira; enriquecimento completo,Planejamento
2026-08-06,C0000103,,S260806-A1-LOC-ND-L0,entrada na esteira; enriquecimento completo,Planejamento
2026-08-06,C0000119,,S260806-M2-LOC-ND-L0,entrada na esteira; enriquecimento básico + WhatsApp válido,Planejamento
2026-08-06,C0000137,,S260806-A1-LOC-ND-L0,entrada na esteira; enriquecimento completo,Planejamento
2026-08-06,C0000163,,S260806-M1-LOC-ND-L0,entrada na esteira; enriquecimento completo,Planejamento
2026-08-06,C0000200,,S260806-M1-LOC-ND-L0,entrada na esteira; enriquecimento completo,Planejamento
2026-08-06,C0000216,,S260806-A1-LOC-ND-L0,entrada na esteira; enriquecimento completo,Planejamento
2026-08-06,C0000218,,S260806-B1-LOC-ND-L0,entrada na esteira; enriquecimento básico,Planejamento
2026-08-06,C0000227,,S260806-B3-LOC-ND-L0,entrada na esteira; enriquecimento só digital,Planejamento
2026-08-06,C0000234,,S260806-A1-LOC-ND-L0,entrada na esteira; enriquecimento completo,Planejamento
2026-08-06,C0000261,,S260806-M1-LOC-ND-L0,entrada na esteira; enriquecimento completo,Planejamento
2026-08-06,C0000287,,S260806-B2-LOC-ND-L0,entrada na esteira; enriquecimento básico,Planejamento
2026-08-06,C0000288,,S260806-M2-LOC-ND-L0,entrada na esteira; enriquecimento básico + WhatsApp válido,Planejamento
2026-08-06,C0000331,,S260806-B2-LOC-ND-L0,entrada na esteira; enriquecimento básico,Planejamento
2026-08-06,C0000333,,S260806-A2-LOC-ND-L0,entrada na esteira; enriquecimento completo + novos telefones,Planejamento
2026-08-06,C0000350,,S260806-B3-LOC-ND-L0,entrada na esteira; enriquecimento só digital,Planejamento
2026-08-06,C0000013,S260803-M2-LOC-ND-L1,S260803-M2-LOC-ND-L3,localização por RCS sem contato,RCS
2026-08-06,C0000072,S260803-A2-LOC-ND-L0,S260803-A2-LOC-ND-L3,localização por RCS sem contato,RCS
2026-08-06,C0000082,S260803-B2-LOC-ND-L1,S260803-B2-LOC-ND-L3,localização por RCS sem contato,RCS
2026-08-06,C0000096,S260803-M2-LOC-ND-L1,S260803-M2-LOC-ND-L3,localização por RCS sem contato,RCS
2026-08-06,C0000136,S260803-B1-LOC-ND-L1,S260803-B1-LOC-ND-L3,localização por RCS sem contato,RCS
2026-08-06,C0000156,S260803-M3-LOC-ND-L0,S260803-M3-LOC-ND-L3,localização por RCS sem contato,RCS
2026-08-06,C0000197,S260803-M2-LOC-ND-L1,S260803-M2-LOC-ND-L3,localização por RCS sem contato,RCS
2026-08-06,C0000208,S260803-A3-LOC-ND-L1,S260803-A3-LOC-ND-L3,localização por RCS sem contato,RCS
2026-08-06,C0000300,S260803-M1-LOC-ND-L1,S260803-M1-LOC-ND-L3,localização por RCS sem contato,RCS
2026-08-06,C0000343,S260803-M2-LOC-ND-L1,S260803-M2-LOC-ND-L3,localização por RCS sem contato,RCS
2026-08-06,C0000347,S260803-M1-CPA-WA-T1,S260803-M1-CPB-WA-T1,sem resposta na ação de negociação → CPC B,WhatsApp
2026-08-06,C0000355,S260803-B2-LOC-ND-L1,S260803-B2-LOC-ND-L3,localização por RCS sem contato,RCS
2026-08-06,C0000002,S260805-B1-LOC-ND-L0,S260805-B1-LOC-ND-L1,localização por WhatsApp sem contato,WhatsApp
2026-08-06,C0000009,S260805-M1-LOC-ND-L0,S260805-M1-LOC-ND-L1,localização por WhatsApp sem contato,WhatsApp
2026-08-06,C0000080,S260805-M3-LOC-ND-L0,S260805-M3-LOC-ND-L1,localização por WhatsApp sem contato,WhatsApp
2026-08-06,C0000084,S260805-M3-LOC-ND-L0,S260805-M3-LOC-ND-L1,localização por WhatsApp sem contato,WhatsApp
2026-08-06,C0000151,S260805-M1-LOC-ND-L0,S260805-M1-CPA-WA-T1,contato no WhatsApp → CPC A,WhatsApp
2026-08-06,C0000151,S260805-M1-CPA-WA-T1,S260805-M1-COL-WA,acordo ativo (colchão),Sist. acordos
2026-08-06,C0000177,S260805-B2-LOC-ND-L0,S260805-B2-LOC-ND-L1,localização por WhatsApp sem contato,WhatsApp
2026-08-06,C0000244,S260805-B3-LOC-ND-L0,S260805-B3-LOC-ND-L1,localização por WhatsApp sem contato,WhatsApp
2026-08-06,C0000283,S260805-B2-LOC-ND-L0,S260805-B2-LOC-ND-L1,localização por WhatsApp sem contato,WhatsApp
2026-08-06,C0000285,S260805-B1-LOC-ND-L0,S260805-B1-LOC-ND-L1,localização por WhatsApp sem contato,WhatsApp
2026-08-07,C0000063,,S260807-B1-LOC-ND-L0,entrada na esteira; enriquecimento básico,Planejamento
2026-08-07,C0000069,,S260807-M2-LOC-ND-L0,entrada na esteira; enriquecimento básico + WhatsApp válido,Planejamento
2026-08-07,C0000092,,S260807-A1-LOC-ND-L0,entrada na esteira; enriquecimento completo,Planejamento
2026-08-07,C0000113,,S260807-M2-LOC-ND-L0,entrada na esteira; enriquecimento básico + WhatsApp válido,Planejamento
2026-08-07,C0000144,,S260807-M1-LOC-ND-L0,entrada na esteira; enriquecimento completo,Planejamento
2026-08-07,C0000166,,S260807-M2-LOC-ND-L0,entrada na esteira; enriquecimento básico + WhatsApp válido,Planejamento
2026-08-07,C0000202,,S260807-M1-LOC-ND-L0,entrada na esteira; enriquecimento completo,Planejamento
2026-08-07,C0000225,,S260807-A1-LOC-ND-L0,entrada na esteira; enriquecimento completo,Planejamento
2026-08-07,C0000239,,S260807-B3-LOC-ND-L0,entrada na esteira; enriquecimento só digital,Planejamento
2026-08-07,C0000241,,S260807-M3-LOC-ND-L0,entrada na esteira; enriquecimento básico,Planejamento
2026-08-07,C0000266,,S260807-A1-LOC-ND-L0,entrada na esteira; enriquecimento completo,Planejamento
2026-08-07,C0000314,,S260807-A2-LOC-ND-L0,entrada na esteira; enriquecimento completo + novos telefones,Planejamento
2026-08-07,C0000357,,S260807-M1-LOC-ND-L0,entrada na esteira; enriquecimento completo,Planejamento
2026-08-07,C0000364,,S260807-A1-LOC-ND-L0,entrada na esteira; enriquecimento completo,Planejamento
2026-08-07,C0000020,S260804-B3-LOC-ND-L0,S260804-B3-LOC-ND-L3,localização por RCS sem contato,RCS
2026-08-07,C0000038,S260804-A1-LOC-ND-L1,S260804-A1-LOC-ND-L3,localização por RCS sem contato,RCS
2026-08-07,C0000054,S260804-B2-LOC-ND-L1,S260804-B2-CPA-RC-T1,contato no RCS → CPC A,RCS
2026-08-07,C0000054,S260804-B2-CPA-RC-T1,S260804-B2-COL-RC,acordo ativo (colchão),Sist. acordos
2026-08-07,C0000139,S260804-M1-LOC-ND-L1,S260804-M1-LOC-ND-L3,localização por RCS sem contato,RCS
2026-08-07,C0000150,S260804-B2-LOC-ND-L1,S260804-B2-LOC-ND-L3,localização por RCS sem contato,RCS
2026-08-07,C0000182,S260804-B3-LOC-ND-L1,S260804-B3-LOC-ND-L3,localização por RCS sem contato,RCS
2026-08-07,C0000201,S260804-M3-LOC-ND-L1,S260804-M3-CPA-RC-T1,contato no RCS → CPC A,RCS
2026-08-07,C0000250,S260804-M1-LOC-ND-L1,S260804-M1-CPA-RC-T1,contato no RCS → CPC A,RCS
2026-08-07,C0000293,S260804-B2-LOC-ND-L1,S260804-B2-LOC-ND-L3,localização por RCS sem contato,RCS
2026-08-07,C0000348,S260804-A1-LOC-ND-L1,S260804-A1-LOC-ND-L3,localização por RCS sem contato,RCS
2026-08-07,C0000351,S260804-M3-LOC-ND-L1,S260804-M3-LOC-ND-L3,localização por RCS sem contato,RCS
2026-08-07,C0000390,S260804-A2-LOC-ND-L1,S260804-A2-LOC-ND-L3,localização por RCS sem contato,RCS
2026-08-07,C0000019,S260806-B1-LOC-ND-L0,S260806-B1-LOC-ND-L1,localização por WhatsApp sem contato,WhatsApp
2026-08-07,C0000022,S260806-B1-LOC-ND-L0,S260806-B1-LOC-ND-L1,localização por WhatsApp sem contato,WhatsApp
2026-08-07,C0000061,S260806-B1-LOC-ND-L0,S260806-B1-LOC-ND-L1,localização por WhatsApp sem contato,WhatsApp
2026-08-07,C0000067,S260806-M1-LOC-ND-L0,S260806-M1-LOC-ND-L1,localização por WhatsApp sem contato,WhatsApp
2026-08-07,C0000103,S260806-A1-LOC-ND-L0,S260806-A1-LOC-ND-L1,localização por WhatsApp sem contato,WhatsApp
2026-08-07,C0000137,S260806-A1-LOC-ND-L0,S260806-A1-LOC-ND-L1,localização por WhatsApp sem contato,WhatsApp
2026-08-07,C0000163,S260806-M1-LOC-ND-L0,S260806-M1-LOC-ND-L1,localização por WhatsApp sem contato,WhatsApp
2026-08-07,C0000200,S260806-M1-LOC-ND-L0,S260806-M1-LOC-ND-L1,localização por WhatsApp sem contato,WhatsApp
2026-08-07,C0000216,S260806-A1-LOC-ND-L0,S260806-A1-LOC-ND-L1,localização por WhatsApp sem contato,WhatsApp
2026-08-07,C0000218,S260806-B1-LOC-ND-L0,S260806-B1-LOC-ND-L1,localização por WhatsApp sem contato,WhatsApp
2026-08-07,C0000227,S260806-B3-LOC-ND-L0,S260806-B3-LOC-ND-L1,localização por WhatsApp sem contato,WhatsApp
2026-08-07,C0000234,S260806-A1-LOC-ND-L0,S260806-A1-LOC-ND-L1,localização por WhatsApp sem contato,WhatsApp
2026-08-07,C0000287,S260806-B2-LOC-ND-L0,S260806-B2-LOC-ND-L1,localização por WhatsApp sem contato,WhatsApp
2026-08-07,C0000331,S260806-B2-LOC-ND-L0,S260806-B2-LOC-ND-L1,localização por WhatsApp sem contato,WhatsApp
2026-08-07,C0000333,S260806-A2-LOC-ND-L0,S260806-A2-LOC-ND-L1,localização por WhatsApp sem contato,WhatsApp
2026-08-07,C0000350,S260806-B3-LOC-ND-L0,S260806-B3-LOC-ND-L1,localização por WhatsApp sem contato,WhatsApp
2026-08-07,C0000314,S260807-A2-LOC-ND-L0,S260807-A2-BLQ-ND,bloqueado: opt-out geral,Planejamento
2026-08-08,C0000015,,S260808-M2-LOC-ND-L0,entrada na esteira; enriquecimento básico + WhatsApp válido,Planejamento
2026-08-08,C0000097,,S260808-B3-LOC-ND-L0,entrada na esteira; enriquecimento só digital,Planejamento
2026-08-08,C0000101,,S260808-B1-LOC-ND-L0,entrada na esteira; enriquecimento básico,Planejamento
2026-08-08,C0000189,,S260808-B2-LOC-ND-L0,entrada na esteira; enriquecimento básico,Planejamento
2026-08-08,C0000198,,S260808-B3-LOC-ND-L0,entrada na esteira; enriquecimento só digital,Planejamento
2026-08-08,C0000226,,S260808-A3-LOC-ND-L0,entrada na esteira; enriquecimento completo + localizador,Planejamento
2026-08-08,C0000249,,S260808-B2-LOC-ND-L0,entrada na esteira; enriquecimento básico,Planejamento
2026-08-08,C0000279,,S260808-B3-LOC-ND-L0,entrada na esteira; enriquecimento só digital,Planejamento
2026-08-08,C0000353,,S260808-M3-LOC-ND-L0,entrada na esteira; enriquecimento básico,Planejamento
2026-08-08,C0000372,,S260808-A2-LOC-ND-L0,entrada na esteira; enriquecimento completo + novos telefones,Planejamento
2026-08-08,C0000375,,S260808-B1-LOC-ND-L0,entrada na esteira; enriquecimento básico,Planejamento
2026-08-08,C0000013,S260803-M2-LOC-ND-L3,S260803-M2-LOC-ND-L5,localização por Agente virtual+Discador sem contato,Agente virtual
2026-08-08,C0000072,S260803-A2-LOC-ND-L3,S260803-A2-LOC-ND-L5,localização por Agente virtual+Discador sem contato,Agente virtual
2026-08-08,C0000082,S260803-B2-LOC-ND-L3,S260803-B2-LOC-ND-L5,localização por Agente virtual+Discador sem contato,Agente virtual
2026-08-08,C0000096,S260803-M2-LOC-ND-L3,S260803-M2-LOC-ND-L5,localização por Agente virtual+Discador sem contato,Agente virtual
2026-08-08,C0000136,S260803-B1-LOC-ND-L3,S260803-B1-LOC-ND-L5,localização por Agente virtual+Discador sem contato,Agente virtual
2026-08-08,C0000156,S260803-M3-LOC-ND-L3,S260803-M3-LOC-ND-L5,localização por Agente virtual+Discador sem contato,Agente virtual
2026-08-08,C0000197,S260803-M2-LOC-ND-L3,S260803-M2-LOC-ND-L5,localização por Agente virtual+Discador sem contato,Agente virtual
2026-08-08,C0000208,S260803-A3-LOC-ND-L3,S260803-A3-LOC-ND-L5,localização por Agente virtual+Discador sem contato,Agente virtual
2026-08-08,C0000300,S260803-M1-LOC-ND-L3,S260803-M1-LOC-ND-L5,localização por Agente virtual+Discador sem contato,Agente virtual
2026-08-08,C0000312,S260803-A1-CPA-WA-T1,S260803-A1-CPB-WA-T1,sem resposta na ação de negociação → CPC B,WhatsApp
2026-08-08,C0000343,S260803-M2-LOC-ND-L3,S260803-M2-LOC-ND-L5,localização por Agente virtual+Discador sem contato,Agente virtual
2026-08-08,C0000347,S260803-M1-CPB-WA-T1,S260803-M1-CPB-WA-T2,2ª tentativa no canal sem resposta,WhatsApp
2026-08-08,C0000355,S260803-B2-LOC-ND-L3,S260803-B2-LOC-ND-L5,localização por Agente virtual+Discador sem contato,Agente virtual
2026-08-08,C0000002,S260805-B1-LOC-ND-L1,S260805-B1-LOC-ND-L3,localização por RCS sem contato,RCS
2026-08-08,C0000009,S260805-M1-LOC-ND-L1,S260805-M1-LOC-ND-L3,localização por RCS sem contato,RCS
2026-08-08,C0000080,S260805-M3-LOC-ND-L1,S260805-M3-LOC-ND-L3,localização por RCS sem contato,RCS
2026-08-08,C0000084,S260805-M3-LOC-ND-L1,S260805-M3-LOC-ND-L3,localização por RCS sem contato,RCS
2026-08-08,C0000177,S260805-B2-LOC-ND-L1,S260805-B2-LOC-ND-L3,localização por RCS sem contato,RCS
2026-08-08,C0000181,S260805-B2-LOC-ND-L0,S260805-B2-LOC-ND-L3,localização por RCS sem contato,RCS
2026-08-08,C0000194,S260805-A2-LOC-ND-L0,S260805-A2-LOC-ND-L3,localização por RCS sem contato,RCS
2026-08-08,C0000244,S260805-B3-LOC-ND-L1,S260805-B3-LOC-ND-L3,localização por RCS sem contato,RCS
2026-08-08,C0000283,S260805-B2-LOC-ND-L1,S260805-B2-LOC-ND-L3,localização por RCS sem contato,RCS
2026-08-08,C0000285,S260805-B1-LOC-ND-L1,S260805-B1-LOC-ND-L3,localização por RCS sem contato,RCS
2026-08-08,C0000063,S260807-B1-LOC-ND-L0,S260807-B1-LOC-ND-L1,localização por WhatsApp sem contato,WhatsApp
2026-08-08,C0000069,S260807-M2-LOC-ND-L0,S260807-M2-LOC-ND-L1,localização por WhatsApp sem contato,WhatsApp
2026-08-08,C0000113,S260807-M2-LOC-ND-L0,S260807-M2-LOC-ND-L1,localização por WhatsApp sem contato,WhatsApp
2026-08-08,C0000144,S260807-M1-LOC-ND-L0,S260807-M1-LOC-ND-L1,localização por WhatsApp sem contato,WhatsApp
2026-08-08,C0000166,S260807-M2-LOC-ND-L0,S260807-M2-CPA-WA-T1,contato no WhatsApp → CPC A,WhatsApp
2026-08-08,C0000202,S260807-M1-LOC-ND-L0,S260807-M1-LOC-ND-L1,localização por WhatsApp sem contato,WhatsApp
2026-08-08,C0000239,S260807-B3-LOC-ND-L0,S260807-B3-LOC-ND-L1,localização por WhatsApp sem contato,WhatsApp
2026-08-08,C0000241,S260807-M3-LOC-ND-L0,S260807-M3-LOC-ND-L1,localização por WhatsApp sem contato,WhatsApp
2026-08-08,C0000266,S260807-A1-LOC-ND-L0,S260807-A1-LOC-ND-L1,localização por WhatsApp sem contato,WhatsApp
2026-08-08,C0000357,S260807-M1-LOC-ND-L0,S260807-M1-LOC-ND-L1,localização por WhatsApp sem contato,WhatsApp
2026-08-08,C0000364,S260807-A1-LOC-ND-L0,S260807-A1-LOC-ND-L1,localização por WhatsApp sem contato,WhatsApp
2026-08-08,C0000372,S260808-A2-LOC-ND-L0,S260808-A2-BLQ-ND,bloqueado: opt-out geral,Planejamento
2026-08-09,C0000070,,S260809-M1-LOC-ND-L0,entrada na esteira; enriquecimento completo,Planejamento
2026-08-09,C0000138,,S260809-M1-LOC-ND-L0,entrada na esteira; enriquecimento completo,Planejamento
2026-08-09,C0000178,,S260809-B3-LOC-ND-L0,entrada na esteira; enriquecimento só digital,Planejamento
2026-08-09,C0000203,,S260809-B1-LOC-ND-L0,entrada na esteira; enriquecimento básico,Planejamento
2026-08-09,C0000210,,S260809-M3-LOC-ND-L0,entrada na esteira; enriquecimento básico,Planejamento
2026-08-09,C0000233,,S260809-M2-LOC-ND-L0,entrada na esteira; enriquecimento básico + WhatsApp válido,Planejamento
2026-08-09,C0000273,,S260809-M2-LOC-ND-L0,entrada na esteira; enriquecimento básico + WhatsApp válido,Planejamento
2026-08-09,C0000289,,S260809-B1-LOC-ND-L0,entrada na esteira; enriquecimento básico,Planejamento
2026-08-09,C0000295,,S260809-M1-LOC-ND-L0,entrada na esteira; enriquecimento completo,Planejamento
2026-08-09,C0000337,,S260809-B3-LOC-ND-L0,entrada na esteira; enriquecimento só digital,Planejamento
2026-08-10,C0000107,,S260810-M1-LOC-ND-L0,entrada na esteira; enriquecimento completo,Planejamento
2026-08-10,C0000126,,S260810-B3-LOC-ND-L0,entrada na esteira; enriquecimento só digital,Planejamento
2026-08-10,C0000127,,S260810-M3-LOC-ND-L0,entrada na esteira; enriquecimento básico,Planejamento
2026-08-10,C0000255,,S260810-B2-LOC-ND-L0,entrada na esteira; enriquecimento básico,Planejamento
2026-08-10,C0000282,,S260810-B1-LOC-ND-L0,entrada na esteira; enriquecimento básico,Planejamento
2026-08-10,C0000311,,S260810-B1-LOC-ND-L0,entrada na esteira; enriquecimento básico,Planejamento
2026-08-10,C0000359,,S260810-B1-LOC-ND-L0,entrada na esteira; enriquecimento básico,Planejamento
2026-08-10,C0000382,,S260810-M3-LOC-ND-L0,entrada na esteira; enriquecimento básico,Planejamento
2026-08-10,C0000013,S260803-M2-LOC-ND-L5,S260803-M2-LOC-ND-L7,localização por SMS sem contato,SMS
2026-08-10,C0000072,S260803-A2-LOC-ND-L5,S260803-A2-LOC-ND-L7,localização por SMS+E-mail sem contato,SMS
2026-08-10,C0000082,S260803-B2-LOC-ND-L5,S260803-B2-LOC-ND-L7,localização por SMS sem contato,SMS
2026-08-10,C0000096,S260803-M2-LOC-ND-L5,S260803-M2-LOC-ND-L7,localização por SMS+E-mail sem contato,SMS
2026-08-10,C0000136,S260803-B1-LOC-ND-L5,S260803-B1-LOC-ND-L7,localização por SMS+E-mail sem contato,SMS
2026-08-10,C0000156,S260803-M3-LOC-ND-L5,S260803-M3-LOC-ND-L7,localização por SMS sem contato,SMS
2026-08-10,C0000197,S260803-M2-LOC-ND-L5,S260803-M2-LOC-ND-L7,localização por SMS+E-mail sem contato,SMS
2026-08-10,C0000208,S260803-A3-LOC-ND-L5,S260803-A3-LOC-ND-L7,localização por SMS+E-mail sem contato,SMS
2026-08-10,C0000300,S260803-M1-LOC-ND-L5,S260803-M1-LOC-ND-L7,localização por SMS+E-mail sem contato,SMS
2026-08-10,C0000312,S260803-A1-CPB-WA-T1,S260803-A1-CPB-WA-T2,2ª tentativa no canal sem resposta,WhatsApp
2026-08-10,C0000347,S260803-M1-CPB-WA-T2,S260803-M1-CPB-WA-T3,3ª tentativa no canal sem resposta,WhatsApp
2026-08-10,C0000355,S260803-B2-LOC-ND-L5,S260803-B2-LOC-ND-L7,localização por SMS+E-mail sem contato,SMS
2026-08-10,C0000201,S260804-M3-CPA-RC-T1,S260804-M3-CPB-RC-T1,sem resposta na ação de negociação → CPC B,RCS
2026-08-10,C0000250,S260804-M1-CPA-RC-T1,S260804-M1-CPB-RC-T1,sem resposta na ação de negociação → CPC B,RCS
2026-08-10,C0000002,S260805-B1-LOC-ND-L3,S260805-B1-LOC-ND-L5,localização por Agente virtual+Discador sem contato,Agente virtual
2026-08-10,C0000009,S260805-M1-LOC-ND-L3,S260805-M1-LOC-ND-L5,localização por Agente virtual+Discador sem contato,Agente virtual
2026-08-10,C0000080,S260805-M3-LOC-ND-L3,S260805-M3-CPA-AV-T1,contato no Agente virtual → CPC A,Agente virtual
2026-08-10,C0000084,S260805-M3-LOC-ND-L3,S260805-M3-LOC-ND-L5,localização por Agente virtual+Discador sem contato,Agente virtual
2026-08-10,C0000151,S260805-M1-COL-WA,S260805-M1-PRE-WA-D-3,parcela a vencer,Sist. acordos
2026-08-10,C0000177,S260805-B2-LOC-ND-L3,S260805-B2-LOC-ND-L5,localização por Agente virtual+Discador sem contato,Agente virtual
2026-08-10,C0000181,S260805-B2-LOC-ND-L3,S260805-B2-LOC-ND-L5,localização por Agente virtual+Discador sem contato,Agente virtual
2026-08-10,C0000283,S260805-B2-LOC-ND-L3,S260805-B2-LOC-ND-L5,localização por Agente virtual+Discador sem contato,Agente virtual
2026-08-10,C0000285,S260805-B1-LOC-ND-L3,S260805-B1-LOC-ND-L5,localização por Agente virtual+Discador sem contato,Agente virtual
2026-08-10,C0000063,S260807-B1-LOC-ND-L1,S260807-B1-LOC-ND-L3,localização por RCS sem contato,RCS
2026-08-10,C0000069,S260807-M2-LOC-ND-L1,S260807-M2-LOC-ND-L3,localização por RCS sem contato,RCS
2026-08-10,C0000092,S260807-A1-LOC-ND-L0,S260807-A1-LOC-ND-L3,localização por RCS sem contato,RCS
2026-08-10,C0000113,S260807-M2-LOC-ND-L1,S260807-M2-LOC-ND-L3,localização por RCS sem contato,RCS
2026-08-10,C0000144,S260807-M1-LOC-ND-L1,S260807-M1-LOC-ND-L3,localização por RCS sem contato,RCS
2026-08-10,C0000202,S260807-M1-LOC-ND-L1,S260807-M1-LOC-ND-L3,localização por RCS sem contato,RCS
2026-08-10,C0000225,S260807-A1-LOC-ND-L0,S260807-A1-LOC-ND-L3,localização por RCS sem contato,RCS
2026-08-10,C0000239,S260807-B3-LOC-ND-L1,S260807-B3-LOC-ND-L3,localização por RCS sem contato,RCS
2026-08-10,C0000241,S260807-M3-LOC-ND-L1,S260807-M3-LOC-ND-L3,localização por RCS sem contato,RCS
2026-08-10,C0000266,S260807-A1-LOC-ND-L1,S260807-A1-LOC-ND-L3,localização por RCS sem contato,RCS
2026-08-10,C0000357,S260807-M1-LOC-ND-L1,S260807-M1-LOC-ND-L3,localização por RCS sem contato,RCS
2026-08-10,C0000364,S260807-A1-LOC-ND-L1,S260807-A1-LOC-ND-L3,localização por RCS sem contato,RCS
2026-08-11,C0000046,,S260811-A1-LOC-ND-L0,entrada na esteira; enriquecimento completo,Planejamento
2026-08-11,C0000050,,S260811-A1-LOC-ND-L0,entrada na esteira; enriquecimento completo,Planejamento
2026-08-11,C0000077,,S260811-B3-LOC-ND-L0,entrada na esteira; enriquecimento só digital,Planejamento
2026-08-11,C0000098,,S260811-M3-LOC-ND-L0,entrada na esteira; enriquecimento básico,Planejamento
2026-08-11,C0000111,,S260811-A1-LOC-ND-L0,entrada na esteira; enriquecimento completo,Planejamento
2026-08-11,C0000122,,S260811-A1-LOC-ND-L0,entrada na esteira; enriquecimento completo,Planejamento
2026-08-11,C0000147,,S260811-B1-LOC-ND-L0,entrada na esteira; enriquecimento básico,Planejamento
2026-08-11,C0000155,,S260811-B3-LOC-ND-L0,entrada na esteira; enriquecimento só digital,Planejamento
2026-08-11,C0000169,,S260811-B3-LOC-ND-L0,entrada na esteira; enriquecimento só digital,Planejamento
2026-08-11,C0000184,,S260811-M1-LOC-ND-L0,entrada na esteira; enriquecimento completo,Planejamento
2026-08-11,C0000213,,S260811-M3-LOC-ND-L0,entrada na esteira; enriquecimento básico,Planejamento
2026-08-11,C0000272,,S260811-M2-LOC-ND-L0,entrada na esteira; enriquecimento básico + WhatsApp válido,Planejamento
2026-08-11,C0000281,,S260811-M2-LOC-ND-L0,entrada na esteira; enriquecimento básico + WhatsApp válido,Planejamento
2026-08-11,C0000338,,S260811-B1-LOC-ND-L0,entrada na esteira; enriquecimento básico,Planejamento
2026-08-11,C0000384,,S260811-B2-LOC-ND-L0,entrada na esteira; enriquecimento básico,Planejamento
2026-08-11,C0000395,,S260811-B1-LOC-ND-L0,entrada na esteira; enriquecimento básico,Planejamento
2026-08-11,C0000013,S260803-M2-LOC-ND-L7,S260803-M2-NCP-ND-G1,"D+8 sem contato → Não CPC, entra no giro",Automático
2026-08-11,C0000072,S260803-A2-LOC-ND-L7,S260803-A2-NCP-ND-G1,"D+8 sem contato → Não CPC, entra no giro",Automático
2026-08-11,C0000082,S260803-B2-LOC-ND-L7,S260803-B2-NCP-ND-G1,"D+8 sem contato → Não CPC, entra no giro",Automático
2026-08-11,C0000096,S260803-M2-LOC-ND-L7,S260803-M2-NCP-ND-G1,"D+8 sem contato → Não CPC, entra no giro",Automático
2026-08-11,C0000136,S260803-B1-LOC-ND-L7,S260803-B1-NCP-ND-G1,"D+8 sem contato → Não CPC, entra no giro",Automático
2026-08-11,C0000156,S260803-M3-LOC-ND-L7,S260803-M3-NCP-ND-G1,"D+8 sem contato → Não CPC, entra no giro",Automático
2026-08-11,C0000197,S260803-M2-LOC-ND-L7,S260803-M2-NCP-ND-G1,"D+8 sem contato → Não CPC, entra no giro",Automático
2026-08-11,C0000208,S260803-A3-LOC-ND-L7,S260803-A3-NCP-ND-G1,"D+8 sem contato → Não CPC, entra no giro",Automático
2026-08-11,C0000300,S260803-M1-LOC-ND-L7,S260803-M1-NCP-ND-G1,"D+8 sem contato → Não CPC, entra no giro",Automático
2026-08-11,C0000343,S260803-M2-LOC-ND-L5,S260803-M2-NCP-ND-G1,"D+8 sem contato → Não CPC, entra no giro",Automático
2026-08-11,C0000355,S260803-B2-LOC-ND-L7,S260803-B2-NCP-ND-G1,"D+8 sem contato → Não CPC, entra no giro",Automático
2026-08-11,C0000020,S260804-B3-LOC-ND-L3,S260804-B3-LOC-ND-L7,localização por SMS sem contato,SMS
2026-08-11,C0000038,S260804-A1-LOC-ND-L3,S260804-A1-LOC-ND-L7,localização por SMS sem contato,SMS
2026-08-11,C0000139,S260804-M1-LOC-ND-L3,S260804-M1-LOC-ND-L7,localização por SMS+E-mail sem contato,SMS
2026-08-11,C0000150,S260804-B2-LOC-ND-L3,S260804-B2-LOC-ND-L7,localização por SMS+E-mail sem contato,SMS
2026-08-11,C0000182,S260804-B3-LOC-ND-L3,S260804-B3-LOC-ND-L7,localização por SMS+E-mail sem contato,SMS
2026-08-11,C0000293,S260804-B2-LOC-ND-L3,S260804-B2-LOC-ND-L7,localização por SMS+E-mail sem contato,SMS
2026-08-11,C0000348,S260804-A1-LOC-ND-L3,S260804-A1-LOC-ND-L7,localização por SMS sem contato,SMS
2026-08-11,C0000351,S260804-M3-LOC-ND-L3,S260804-M3-LOC-ND-L7,localização por SMS+E-mail sem contato,SMS
2026-08-11,C0000390,S260804-A2-LOC-ND-L3,S260804-A2-LOC-ND-L7,localização por SMS+E-mail sem contato,SMS
2026-08-11,C0000151,S260805-M1-PRE-WA-D-3,S260805-M1-PRE-WA-D-2,parcela a vencer,Sist. acordos
2026-08-11,C0000019,S260806-B1-LOC-ND-L1,S260806-B1-LOC-ND-L5,localização por Agente virtual+Discador sem contato,Agente virtual
2026-08-11,C0000022,S260806-B1-LOC-ND-L1,S260806-B1-LOC-ND-L5,localização por Agente virtual+Discador sem contato,Agente virtual
2026-08-11,C0000026,S260806-B1-LOC-ND-L0,S260806-B1-CPA-AV-T1,contato no Agente virtual → CPC A,Agente virtual
2026-08-11,C0000061,S260806-B1-LOC-ND-L1,S260806-B1-CPA-AV-T1,contato no Agente virtual → CPC A,Agente virtual
2026-08-11,C0000067,S260806-M1-LOC-ND-L1,S260806-M1-CPA-DC-T1,contato no Discador → CPC A,Discador
2026-08-11,C0000103,S260806-A1-LOC-ND-L1,S260806-A1-CPA-AV-T1,contato no Agente virtual → CPC A,Agente virtual
2026-08-11,C0000119,S260806-M2-LOC-ND-L0,S260806-M2-LOC-ND-L5,localização por Agente virtual+Discador sem contato,Agente virtual
2026-08-11,C0000137,S260806-A1-LOC-ND-L1,S260806-A1-CPA-DC-T1,contato no Discador → CPC A,Discador
2026-08-11,C0000163,S260806-M1-LOC-ND-L1,S260806-M1-CPA-AV-T1,contato no Agente virtual → CPC A,Agente virtual
2026-08-11,C0000200,S260806-M1-LOC-ND-L1,S260806-M1-LOC-ND-L5,localização por Agente virtual+Discador sem contato,Agente virtual
2026-08-11,C0000216,S260806-A1-LOC-ND-L1,S260806-A1-LOC-ND-L5,localização por Agente virtual+Discador sem contato,Agente virtual
2026-08-11,C0000218,S260806-B1-LOC-ND-L1,S260806-B1-LOC-ND-L5,localização por Agente virtual+Discador sem contato,Agente virtual
2026-08-11,C0000234,S260806-A1-LOC-ND-L1,S260806-A1-LOC-ND-L5,localização por Agente virtual+Discador sem contato,Agente virtual
2026-08-11,C0000261,S260806-M1-LOC-ND-L0,S260806-M1-LOC-ND-L5,localização por Agente virtual+Discador sem contato,Agente virtual
2026-08-11,C0000287,S260806-B2-LOC-ND-L1,S260806-B2-LOC-ND-L5,localização por Agente virtual+Discador sem contato,Agente virtual
2026-08-11,C0000288,S260806-M2-LOC-ND-L0,S260806-M2-LOC-ND-L5,localização por Agente virtual+Discador sem contato,Agente virtual
2026-08-11,C0000331,S260806-B2-LOC-ND-L1,S260806-B2-LOC-ND-L5,localização por Agente virtual+Discador sem contato,Agente virtual
2026-08-11,C0000333,S260806-A2-LOC-ND-L1,S260806-A2-LOC-ND-L5,localização por Agente virtual+Discador sem contato,Agente virtual
2026-08-11,C0000015,S260808-M2-LOC-ND-L0,S260808-M2-LOC-ND-L3,localização por RCS sem contato,RCS
2026-08-11,C0000097,S260808-B3-LOC-ND-L0,S260808-B3-LOC-ND-L3,localização por RCS sem contato,RCS
2026-08-11,C0000101,S260808-B1-LOC-ND-L0,S260808-B1-LOC-ND-L3,localização por RCS sem contato,RCS
2026-08-11,C0000189,S260808-B2-LOC-ND-L0,S260808-B2-LOC-ND-L3,localização por RCS sem contato,RCS
2026-08-11,C0000198,S260808-B3-LOC-ND-L0,S260808-B3-LOC-ND-L3,localização por RCS sem contato,RCS
2026-08-11,C0000226,S260808-A3-LOC-ND-L0,S260808-A3-LOC-ND-L3,localização por RCS sem contato,RCS
2026-08-11,C0000249,S260808-B2-LOC-ND-L0,S260808-B2-LOC-ND-L3,localização por RCS sem contato,RCS
2026-08-11,C0000279,S260808-B3-LOC-ND-L0,S260808-B3-LOC-ND-L3,localização por RCS sem contato,RCS
2026-08-11,C0000353,S260808-M3-LOC-ND-L0,S260808-M3-LOC-ND-L3,localização por RCS sem contato,RCS
2026-08-11,C0000375,S260808-B1-LOC-ND-L0,S260808-B1-LOC-ND-L3,localização por RCS sem contato,RCS
2026-08-12,C0000055,,S260812-M1-LOC-ND-L0,entrada na esteira; enriquecimento completo,Planejamento
2026-08-12,C0000075,,S260812-M2-LOC-ND-L0,entrada na esteira; enriquecimento básico + WhatsApp válido,Planejamento
2026-08-12,C0000083,,S260812-M2-LOC-ND-L0,entrada na esteira; enriquecimento básico + WhatsApp válido,Planejamento
2026-08-12,C0000106,,S260812-B3-LOC-ND-L0,entrada na esteira; enriquecimento só digital,Planejamento
2026-08-12,C0000112,,S260812-A2-LOC-ND-L0,entrada na esteira; enriquecimento completo + novos telefones,Planejamento
2026-08-12,C0000123,,S260812-A1-LOC-ND-L0,entrada na esteira; enriquecimento completo,Planejamento
2026-08-12,C0000161,,S260812-M2-LOC-ND-L0,entrada na esteira; enriquecimento básico + WhatsApp válido,Planejamento
2026-08-12,C0000206,,S260812-M3-LOC-ND-L0,entrada na esteira; enriquecimento básico,Planejamento
2026-08-12,C0000224,,S260812-B1-LOC-ND-L0,entrada na esteira; enriquecimento básico,Planejamento
2026-08-12,C0000264,,S260812-A3-LOC-ND-L0,entrada na esteira; enriquecimento completo + localizador,Planejamento
2026-08-12,C0000286,,S260812-A1-LOC-ND-L0,entrada na esteira; enriquecimento completo,Planejamento
2026-08-12,C0000367,,S260812-B1-LOC-ND-L0,entrada na esteira; enriquecimento básico,Planejamento
2026-08-12,C0000386,,S260812-M1-LOC-ND-L0,entrada na esteira; enriquecimento completo,Planejamento
2026-08-12,C0000397,,S260812-M2-LOC-ND-L0,entrada na esteira; enriquecimento básico + WhatsApp válido,Planejamento
2026-08-12,C0000312,S260803-A1-CPB-WA-T2,S260803-A1-CPA-WA-T1,contato no WhatsApp → CPC A,WhatsApp
2026-08-12,C0000312,S260803-A1-CPA-WA-T1,S260803-A1-COL-WA,acordo ativo (colchão),Sist. acordos
2026-08-12,C0000347,S260803-M1-CPB-WA-T3,S260803-M1-CPB-RC-T1,rotação de canal para RCS,RCS
2026-08-12,C0000020,S260804-B3-LOC-ND-L7,S260804-B3-NCP-ND-G1,"D+8 sem contato → Não CPC, entra no giro",Automático
2026-08-12,C0000038,S260804-A1-LOC-ND-L7,S260804-A1-NCP-ND-G1,"D+8 sem contato → Não CPC, entra no giro",Automático
2026-08-12,C0000139,S260804-M1-LOC-ND-L7,S260804-M1-NCP-ND-G1,"D+8 sem contato → Não CPC, entra no giro",Automático
2026-08-12,C0000150,S260804-B2-LOC-ND-L7,S260804-B2-NCP-ND-G1,"D+8 sem contato → Não CPC, entra no giro",Automático
2026-08-12,C0000182,S260804-B3-LOC-ND-L7,S260804-B3-NCP-ND-G1,"D+8 sem contato → Não CPC, entra no giro",Automático
2026-08-12,C0000201,S260804-M3-CPB-RC-T1,S260804-M3-CPB-RC-T2,2ª tentativa no canal sem resposta,RCS
2026-08-12,C0000250,S260804-M1-CPB-RC-T1,S260804-M1-CPB-RC-T2,2ª tentativa no canal sem resposta,RCS
2026-08-12,C0000293,S260804-B2-LOC-ND-L7,S260804-B2-NCP-ND-G1,"D+8 sem contato → Não CPC, entra no giro",Automático
2026-08-12,C0000348,S260804-A1-LOC-ND-L7,S260804-A1-NCP-ND-G1,"D+8 sem contato → Não CPC, entra no giro",Automático
2026-08-12,C0000351,S260804-M3-LOC-ND-L7,S260804-M3-NCP-ND-G1,"D+8 sem contato → Não CPC, entra no giro",Automático
2026-08-12,C0000390,S260804-A2-LOC-ND-L7,S260804-A2-NCP-ND-G1,"D+8 sem contato → Não CPC, entra no giro",Automático
2026-08-12,C0000002,S260805-B1-LOC-ND-L5,S260805-B1-LOC-ND-L7,localização por SMS+E-mail sem contato,SMS
2026-08-12,C0000080,S260805-M3-CPA-AV-T1,S260805-M3-CPA-DC-T1,contato no Discador → CPC A,Discador
2026-08-12,C0000080,S260805-M3-CPA-DC-T1,S260805-M3-COL-DC,acordo ativo (colchão),Sist. acordos
2026-08-12,C0000084,S260805-M3-LOC-ND-L5,S260805-M3-LOC-ND-L7,localização por SMS+E-mail sem contato,SMS
2026-08-12,C0000151,S260805-M1-PRE-WA-D-2,S260805-M1-PRE-WA-D-1,parcela a vencer,Sist. acordos
2026-08-12,C0000177,S260805-B2-LOC-ND-L5,S260805-B2-LOC-ND-L7,localização por SMS+E-mail sem contato,SMS
2026-08-12,C0000181,S260805-B2-LOC-ND-L5,S260805-B2-LOC-ND-L7,localização por SMS+E-mail sem contato,SMS
2026-08-12,C0000244,S260805-B3-LOC-ND-L3,S260805-B3-LOC-ND-L7,localização por SMS+E-mail sem contato,SMS
2026-08-12,C0000283,S260805-B2-LOC-ND-L5,S260805-B2-LOC-ND-L7,localização por SMS+E-mail sem contato,SMS
2026-08-12,C0000285,S260805-B1-LOC-ND-L5,S260805-B1-LOC-ND-L7,localização por SMS sem contato,SMS
2026-08-12,C0000063,S260807-B1-LOC-ND-L3,S260807-B1-LOC-ND-L5,localização por Agente virtual+Discador sem contato,Agente virtual
2026-08-12,C0000069,S260807-M2-LOC-ND-L3,S260807-M2-LOC-ND-L5,localização por Agente virtual+Discador sem contato,Agente virtual
2026-08-12,C0000092,S260807-A1-LOC-ND-L3,S260807-A1-LOC-ND-L5,localização por Agente virtual+Discador sem contato,Agente virtual
2026-08-12,C0000113,S260807-M2-LOC-ND-L3,S260807-M2-LOC-ND-L5,localização por Agente virtual+Discador sem contato,Agente virtual
2026-08-12,C0000144,S260807-M1-LOC-ND-L3,S260807-M1-LOC-ND-L5,localização por Agente virtual+Discador sem contato,Agente virtual
2026-08-12,C0000166,S260807-M2-CPA-WA-T1,S260807-M2-CPB-WA-T1,sem resposta na ação de negociação → CPC B,WhatsApp
2026-08-12,C0000202,S260807-M1-LOC-ND-L3,S260807-M1-CPA-DC-T1,contato no Discador → CPC A,Discador
2026-08-12,C0000225,S260807-A1-LOC-ND-L3,S260807-A1-LOC-ND-L5,localização por Agente virtual+Discador sem contato,Agente virtual
2026-08-12,C0000241,S260807-M3-LOC-ND-L3,S260807-M3-LOC-ND-L5,localização por Agente virtual+Discador sem contato,Agente virtual
2026-08-12,C0000266,S260807-A1-LOC-ND-L3,S260807-A1-LOC-ND-L5,localização por Agente virtual+Discador sem contato,Agente virtual
2026-08-12,C0000357,S260807-M1-LOC-ND-L3,S260807-M1-LOC-ND-L5,localização por Agente virtual+Discador sem contato,Agente virtual
2026-08-12,C0000364,S260807-A1-LOC-ND-L3,S260807-A1-LOC-ND-L5,localização por Agente virtual+Discador sem contato,Agente virtual
2026-08-12,C0000070,S260809-M1-LOC-ND-L0,S260809-M1-CPA-RC-T1,contato no RCS → CPC A,RCS
2026-08-12,C0000138,S260809-M1-LOC-ND-L0,S260809-M1-CPA-RC-T1,contato no RCS → CPC A,RCS
2026-08-12,C0000138,S260809-M1-CPA-RC-T1,S260809-M1-COL-RC,acordo ativo (colchão),Sist. acordos
2026-08-12,C0000178,S260809-B3-LOC-ND-L0,S260809-B3-LOC-ND-L3,localização por RCS sem contato,RCS
2026-08-12,C0000203,S260809-B1-LOC-ND-L0,S260809-B1-LOC-ND-L3,localização por RCS sem contato,RCS
2026-08-12,C0000210,S260809-M3-LOC-ND-L0,S260809-M3-LOC-ND-L3,localização por RCS sem contato,RCS
2026-08-12,C0000233,S260809-M2-LOC-ND-L0,S260809-M2-LOC-ND-L3,localização por RCS sem contato,RCS
2026-08-12,C0000273,S260809-M2-LOC-ND-L0,S260809-M2-LOC-ND-L3,localização por RCS sem contato,RCS
2026-08-12,C0000289,S260809-B1-LOC-ND-L0,S260809-B1-LOC-ND-L3,localização por RCS sem contato,RCS
2026-08-12,C0000295,S260809-M1-LOC-ND-L0,S260809-M1-LOC-ND-L3,localização por RCS sem contato,RCS
2026-08-12,C0000337,S260809-B3-LOC-ND-L0,S260809-B3-LOC-ND-L3,localização por RCS sem contato,RCS
2026-08-13,C0000016,,S260813-M1-LOC-ND-L0,entrada na esteira; enriquecimento completo,Planejamento
2026-08-13,C0000052,,S260813-B1-LOC-ND-L0,entrada na esteira; enriquecimento básico,Planejamento
2026-08-13,C0000115,,S260813-A3-LOC-ND-L0,entrada na esteira; enriquecimento completo + localizador,Planejamento
2026-08-13,C0000128,,S260813-B1-LOC-ND-L0,entrada na esteira; enriquecimento básico,Planejamento
2026-08-13,C0000145,,S260813-A1-LOC-ND-L0,entrada na esteira; enriquecimento completo,Planejamento
2026-08-13,C0000187,,S260813-M1-LOC-ND-L0,entrada na esteira; enriquecimento completo,Planejamento
2026-08-13,C0000232,,S260813-A3-LOC-ND-L0,entrada na esteira; enriquecimento completo + localizador,Planejamento
2026-08-13,C0000275,,S260813-A2-LOC-ND-L0,entrada na esteira; enriquecimento completo + novos telefones,Planejamento
2026-08-13,C0000302,,S260813-M2-LOC-ND-L0,entrada na esteira; enriquecimento básico + WhatsApp válido,Planejamento
2026-08-13,C0000305,,S260813-B3-LOC-ND-L0,entrada na esteira; enriquecimento só digital,Planejamento
2026-08-13,C0000319,,S260813-M1-LOC-ND-L0,entrada na esteira; enriquecimento completo,Planejamento
2026-08-13,C0000321,,S260813-M3-LOC-ND-L0,entrada na esteira; enriquecimento básico,Planejamento
2026-08-13,C0000324,,S260813-M1-LOC-ND-L0,entrada na esteira; enriquecimento completo,Planejamento
2026-08-13,C0000325,,S260813-B1-LOC-ND-L0,entrada na esteira; enriquecimento básico,Planejamento
2026-08-13,C0000330,,S260813-B1-LOC-ND-L0,entrada na esteira; enriquecimento básico,Planejamento
2026-08-13,C0000356,,S260813-B1-LOC-ND-L0,entrada na esteira; enriquecimento básico,Planejamento
2026-08-13,C0000374,,S260813-M2-LOC-ND-L0,entrada na esteira; enriquecimento básico + WhatsApp válido,Planejamento
2026-08-13,C0000376,,S260813-M2-LOC-ND-L0,entrada na esteira; enriquecimento básico + WhatsApp válido,Planejamento
2026-08-13,C0000398,,S260813-B1-LOC-ND-L0,entrada na esteira; enriquecimento básico,Planejamento
2026-08-13,C0000002,S260805-B1-LOC-ND-L7,S260805-B1-NCP-ND-G1,"D+8 sem contato → Não CPC, entra no giro",Automático
2026-08-13,C0000009,S260805-M1-LOC-ND-L5,S260805-M1-NCP-ND-G1,"D+8 sem contato → Não CPC, entra no giro",Automático
2026-08-13,C0000084,S260805-M3-LOC-ND-L7,S260805-M3-NCP-ND-G1,"D+8 sem contato → Não CPC, entra no giro",Automático
2026-08-13,C0000151,S260805-M1-PRE-WA-D-1,S260805-M1-COL-WA,acordo ativo (colchão),Sist. acordos
2026-08-13,C0000177,S260805-B2-LOC-ND-L7,S260805-B2-NCP-ND-G1,"D+8 sem contato → Não CPC, entra no giro",Automático
2026-08-13,C0000181,S260805-B2-LOC-ND-L7,S260805-B2-NCP-ND-G1,"D+8 sem contato → Não CPC, entra no giro",Automático
2026-08-13,C0000194,S260805-A2-LOC-ND-L3,S260805-A2-NCP-ND-G1,"D+8 sem contato → Não CPC, entra no giro",Automático
2026-08-13,C0000244,S260805-B3-LOC-ND-L7,S260805-B3-NCP-ND-G1,"D+8 sem contato → Não CPC, entra no giro",Automático
2026-08-13,C0000283,S260805-B2-LOC-ND-L7,S260805-B2-NCP-ND-G1,"D+8 sem contato → Não CPC, entra no giro",Automático
2026-08-13,C0000285,S260805-B1-LOC-ND-L7,S260805-B1-NCP-ND-G1,"D+8 sem contato → Não CPC, entra no giro",Automático
2026-08-13,C0000019,S260806-B1-LOC-ND-L5,S260806-B1-CPA-SM-T1,contato no SMS → CPC A,SMS
2026-08-13,C0000019,S260806-B1-CPA-SM-T1,S260806-B1-COL-SM,acordo ativo (colchão),Sist. acordos
2026-08-13,C0000022,S260806-B1-LOC-ND-L5,S260806-B1-LOC-ND-L7,localização por SMS sem contato,SMS
2026-08-13,C0000026,S260806-B1-CPA-AV-T1,S260806-B1-CPB-AV-T1,sem resposta na ação de negociação → CPC B,Agente virtual
2026-08-13,C0000061,S260806-B1-CPA-AV-T1,S260806-B1-CPB-AV-T1,sem resposta na ação de negociação → CPC B,Agente virtual
2026-08-13,C0000067,S260806-M1-CPA-DC-T1,S260806-M1-CPB-DC-T1,sem resposta na ação de negociação → CPC B,Discador
2026-08-13,C0000103,S260806-A1-CPA-AV-T1,S260806-A1-CPB-AV-T1,sem resposta na ação de negociação → CPC B,Agente virtual
2026-08-13,C0000137,S260806-A1-CPA-DC-T1,S260806-A1-CPB-DC-T1,sem resposta na ação de negociação → CPC B,Discador
2026-08-13,C0000163,S260806-M1-CPA-AV-T1,S260806-M1-CPB-AV-T1,sem resposta na ação de negociação → CPC B,Agente virtual
2026-08-13,C0000216,S260806-A1-LOC-ND-L5,S260806-A1-LOC-ND-L7,localização por SMS+E-mail sem contato,SMS
2026-08-13,C0000218,S260806-B1-LOC-ND-L5,S260806-B1-LOC-ND-L7,localização por SMS+E-mail sem contato,SMS
2026-08-13,C0000227,S260806-B3-LOC-ND-L1,S260806-B3-LOC-ND-L7,localização por SMS+E-mail sem contato,SMS
2026-08-13,C0000234,S260806-A1-LOC-ND-L5,S260806-A1-LOC-ND-L7,localização por SMS+E-mail sem contato,SMS
2026-08-13,C0000261,S260806-M1-LOC-ND-L5,S260806-M1-LOC-ND-L7,localização por SMS+E-mail sem contato,SMS
2026-08-13,C0000287,S260806-B2-LOC-ND-L5,S260806-B2-LOC-ND-L7,localização por SMS sem contato,SMS
2026-08-13,C0000288,S260806-M2-LOC-ND-L5,S260806-M2-LOC-ND-L7,localização por SMS sem contato,SMS
2026-08-13,C0000331,S260806-B2-LOC-ND-L5,S260806-B2-LOC-ND-L7,localização por SMS+E-mail sem contato,SMS
2026-08-13,C0000333,S260806-A2-LOC-ND-L5,S260806-A2-LOC-ND-L7,localização por SMS sem contato,SMS
2026-08-13,C0000350,S260806-B3-LOC-ND-L1,S260806-B3-LOC-ND-L7,localização por SMS+E-mail sem contato,SMS
2026-08-13,C0000015,S260808-M2-LOC-ND-L3,S260808-M2-LOC-ND-L5,localização por Agente virtual+Discador sem contato,Agente virtual
2026-08-13,C0000101,S260808-B1-LOC-ND-L3,S260808-B1-LOC-ND-L5,localização por Agente virtual+Discador sem contato,Agente virtual
2026-08-13,C0000189,S260808-B2-LOC-ND-L3,S260808-B2-LOC-ND-L5,localização por Agente virtual+Discador sem contato,Agente virtual
2026-08-13,C0000226,S260808-A3-LOC-ND-L3,S260808-A3-LOC-ND-L5,localização por Agente virtual+Discador sem contato,Agente virtual
2026-08-13,C0000249,S260808-B2-LOC-ND-L3,S260808-B2-LOC-ND-L5,localização por Agente virtual+Discador sem contato,Agente virtual
2026-08-13,C0000353,S260808-M3-LOC-ND-L3,S260808-M3-CPA-DC-T1,contato no Discador → CPC A,Discador
2026-08-13,C0000353,S260808-M3-CPA-DC-T1,S260808-M3-COL-DC,acordo ativo (colchão),Sist. acordos
2026-08-13,C0000375,S260808-B1-LOC-ND-L3,S260808-B1-LOC-ND-L5,localização por Agente virtual+Discador sem contato,Agente virtual
2026-08-13,C0000107,S260810-M1-LOC-ND-L0,S260810-M1-CPA-RC-T1,contato no RCS → CPC A,RCS
2026-08-13,C0000126,S260810-B3-LOC-ND-L0,S260810-B3-LOC-ND-L3,localização por RCS sem contato,RCS
2026-08-13,C0000127,S260810-M3-LOC-ND-L0,S260810-M3-LOC-ND-L3,localização por RCS sem contato,RCS
2026-08-13,C0000255,S260810-B2-LOC-ND-L0,S260810-B2-LOC-ND-L3,localização por RCS sem contato,RCS
2026-08-13,C0000282,S260810-B1-LOC-ND-L0,S260810-B1-LOC-ND-L3,localização por RCS sem contato,RCS
2026-08-13,C0000311,S260810-B1-LOC-ND-L0,S260810-B1-LOC-ND-L3,localização por RCS sem contato,RCS
2026-08-13,C0000359,S260810-B1-LOC-ND-L0,S260810-B1-LOC-ND-L3,localização por RCS sem contato,RCS
2026-08-13,C0000382,S260810-M3-LOC-ND-L0,S260810-M3-LOC-ND-L3,localização por RCS sem contato,RCS
2026-08-13,C0000055,S260812-M1-LOC-ND-L0,S260812-M1-LOC-ND-L1,localização por WhatsApp sem contato,WhatsApp
2026-08-13,C0000075,S260812-M2-LOC-ND-L0,S260812-M2-LOC-ND-L1,localização por WhatsApp sem contato,WhatsApp
2026-08-13,C0000083,S260812-M2-LOC-ND-L0,S260812-M2-LOC-ND-L1,localização por WhatsApp sem contato,WhatsApp
2026-08-13,C0000106,S260812-B3-LOC-ND-L0,S260812-B3-LOC-ND-L1,localização por WhatsApp sem contato,WhatsApp
2026-08-13,C0000123,S260812-A1-LOC-ND-L0,S260812-A1-LOC-ND-L1,localização por WhatsApp sem contato,WhatsApp
2026-08-13,C0000206,S260812-M3-LOC-ND-L0,S260812-M3-CPA-WA-T1,contato no WhatsApp → CPC A,WhatsApp
2026-08-13,C0000206,S260812-M3-CPA-WA-T1,S260812-M3-COL-WA,acordo ativo (colchão),Sist. acordos
2026-08-13,C0000224,S260812-B1-LOC-ND-L0,S260812-B1-LOC-ND-L1,localização por WhatsApp sem contato,WhatsApp
2026-08-13,C0000264,S260812-A3-LOC-ND-L0,S260812-A3-LOC-ND-L1,localização por WhatsApp sem contato,WhatsApp
2026-08-13,C0000286,S260812-A1-LOC-ND-L0,S260812-A1-LOC-ND-L1,localização por WhatsApp sem contato,WhatsApp
2026-08-13,C0000367,S260812-B1-LOC-ND-L0,S260812-B1-LOC-ND-L1,localização por WhatsApp sem contato,WhatsApp
2026-08-13,C0000386,S260812-M1-LOC-ND-L0,S260812-M1-LOC-ND-L1,localização por WhatsApp sem contato,WhatsApp
2026-08-14,C0000048,,S260814-M3-LOC-ND-L0,entrada na esteira; enriquecimento básico,Planejamento
2026-08-14,C0000081,,S260814-A1-LOC-ND-L0,entrada na esteira; enriquecimento completo,Planejamento
2026-08-14,C0000089,,S260814-B2-LOC-ND-L0,entrada na esteira; enriquecimento básico,Planejamento
2026-08-14,C0000091,,S260814-A1-LOC-ND-L0,entrada na esteira; enriquecimento completo,Planejamento
2026-08-14,C0000116,,S260814-A2-LOC-ND-L0,entrada na esteira; enriquecimento completo + novos telefones,Planejamento
2026-08-14,C0000120,,S260814-M1-LOC-ND-L0,entrada na esteira; enriquecimento completo,Planejamento
2026-08-14,C0000125,,S260814-M1-LOC-ND-L0,entrada na esteira; enriquecimento completo,Planejamento
2026-08-14,C0000173,,S260814-M1-LOC-ND-L0,entrada na esteira; enriquecimento completo,Planejamento
2026-08-14,C0000183,,S260814-A1-LOC-ND-L0,entrada na esteira; enriquecimento completo,Planejamento
2026-08-14,C0000191,,S260814-B1-LOC-ND-L0,entrada na esteira; enriquecimento básico,Planejamento
2026-08-14,C0000192,,S260814-M1-LOC-ND-L0,entrada na esteira; enriquecimento completo,Planejamento
2026-08-14,C0000242,,S260814-M1-LOC-ND-L0,entrada na esteira; enriquecimento completo,Planejamento
2026-08-14,C0000252,,S260814-M2-LOC-ND-L0,entrada na esteira; enriquecimento básico + WhatsApp válido,Planejamento
2026-08-14,C0000257,,S260814-A1-LOC-ND-L0,entrada na esteira; enriquecimento completo,Planejamento
2026-08-14,C0000268,,S260814-A1-LOC-ND-L0,entrada na esteira; enriquecimento completo,Planejamento
2026-08-14,C0000276,,S260814-B1-LOC-ND-L0,entrada na esteira; enriquecimento básico,Planejamento
2026-08-14,C0000315,,S260814-M1-LOC-ND-L0,entrada na esteira; enriquecimento completo,Planejamento
2026-08-14,C0000317,,S260814-A3-LOC-ND-L0,entrada na esteira; enriquecimento completo + localizador,Planejamento
2026-08-14,C0000342,,S260814-M2-LOC-ND-L0,entrada na esteira; enriquecimento básico + WhatsApp válido,Planejamento
2026-08-14,C0000360,,S260814-M2-LOC-ND-L0,entrada na esteira; enriquecimento básico + WhatsApp válido,Planejamento
2026-08-14,C0000096,S260803-M2-NCP-ND-G1,S260803-M2-CPA-RC-T1,contato no RCS → CPC A,RCS
2026-08-14,C0000347,S260803-M1-CPB-RC-T1,S260803-M1-CPB-RC-T2,2ª tentativa no canal sem resposta,RCS
2026-08-14,C0000054,S260804-B2-COL-RC,S260804-B2-PRE-RC-D-3,parcela a vencer,Sist. acordos
2026-08-14,C0000201,S260804-M3-CPB-RC-T2,S260804-M3-CPB-RC-T3,3ª tentativa no canal sem resposta,RCS
2026-08-14,C0000250,S260804-M1-CPB-RC-T2,S260804-M1-CPB-RC-T3,3ª tentativa no canal sem resposta,RCS
2026-08-14,C0000022,S260806-B1-LOC-ND-L7,S260806-B1-NCP-ND-G1,"D+8 sem contato → Não CPC, entra no giro",Automático
2026-08-14,C0000119,S260806-M2-LOC-ND-L5,S260806-M2-NCP-ND-G1,"D+8 sem contato → Não CPC, entra no giro",Automático
2026-08-14,C0000200,S260806-M1-LOC-ND-L5,S260806-M1-NCP-ND-G1,"D+8 sem contato → Não CPC, entra no giro",Automático
2026-08-14,C0000216,S260806-A1-LOC-ND-L7,S260806-A1-NCP-ND-G1,"D+8 sem contato → Não CPC, entra no giro",Automático
2026-08-14,C0000218,S260806-B1-LOC-ND-L7,S260806-B1-NCP-ND-G1,"D+8 sem contato → Não CPC, entra no giro",Automático
2026-08-14,C0000227,S260806-B3-LOC-ND-L7,S260806-B3-NCP-ND-G1,"D+8 sem contato → Não CPC, entra no giro",Automático
2026-08-14,C0000234,S260806-A1-LOC-ND-L7,S260806-A1-NCP-ND-G1,"D+8 sem contato → Não CPC, entra no giro",Automático
2026-08-14,C0000261,S260806-M1-LOC-ND-L7,S260806-M1-NCP-ND-G1,"D+8 sem contato → Não CPC, entra no giro",Automático
2026-08-14,C0000287,S260806-B2-LOC-ND-L7,S260806-B2-NCP-ND-G1,"D+8 sem contato → Não CPC, entra no giro",Automático
2026-08-14,C0000288,S260806-M2-LOC-ND-L7,S260806-M2-NCP-ND-G1,"D+8 sem contato → Não CPC, entra no giro",Automático
2026-08-14,C0000331,S260806-B2-LOC-ND-L7,S260806-B2-NCP-ND-G1,"D+8 sem contato → Não CPC, entra no giro",Automático
2026-08-14,C0000333,S260806-A2-LOC-ND-L7,S260806-A2-NCP-ND-G1,"D+8 sem contato → Não CPC, entra no giro",Automático
2026-08-14,C0000350,S260806-B3-LOC-ND-L7,S260806-B3-NCP-ND-G1,"D+8 sem contato → Não CPC, entra no giro",Automático
2026-08-14,C0000063,S260807-B1-LOC-ND-L5,S260807-B1-LOC-ND-L7,localização por SMS+E-mail sem contato,SMS
2026-08-14,C0000069,S260807-M2-LOC-ND-L5,S260807-M2-LOC-ND-L7,localização por SMS sem contato,SMS
2026-08-14,C0000113,S260807-M2-LOC-ND-L5,S260807-M2-LOC-ND-L7,localização por SMS+E-mail sem contato,SMS
2026-08-14,C0000144,S260807-M1-LOC-ND-L5,S260807-M1-LOC-ND-L7,localização por SMS+E-mail sem contato,SMS
2026-08-14,C0000166,S260807-M2-CPB-WA-T1,S260807-M2-CPB-WA-T2,2ª tentativa no canal sem resposta,WhatsApp
2026-08-14,C0000202,S260807-M1-CPA-DC-T1,S260807-M1-CPB-DC-T1,sem resposta na ação de negociação → CPC B,Discador
2026-08-14,C0000225,S260807-A1-LOC-ND-L5,S260807-A1-LOC-ND-L7,localização por SMS+E-mail sem contato,SMS
2026-08-14,C0000239,S260807-B3-LOC-ND-L3,S260807-B3-LOC-ND-L7,localização por SMS+E-mail sem contato,SMS
2026-08-14,C0000241,S260807-M3-LOC-ND-L5,S260807-M3-LOC-ND-L7,localização por SMS+E-mail sem contato,SMS
2026-08-14,C0000266,S260807-A1-LOC-ND-L5,S260807-A1-LOC-ND-L7,localização por SMS+E-mail sem contato,SMS
2026-08-14,C0000357,S260807-M1-LOC-ND-L5,S260807-M1-LOC-ND-L7,localização por SMS sem contato,SMS
2026-08-14,C0000364,S260807-A1-LOC-ND-L5,S260807-A1-LOC-ND-L7,localização por SMS sem contato,SMS
2026-08-14,C0000070,S260809-M1-CPA-RC-T1,S260809-M1-CPB-RC-T1,sem resposta na ação de negociação → CPC B,RCS
2026-08-14,C0000210,S260809-M3-LOC-ND-L3,S260809-M3-CPA-AV-T1,contato no Agente virtual → CPC A,Agente virtual
2026-08-14,C0000233,S260809-M2-LOC-ND-L3,S260809-M2-LOC-ND-L5,localização por Agente virtual+Discador sem contato,Agente virtual
2026-08-14,C0000273,S260809-M2-LOC-ND-L3,S260809-M2-LOC-ND-L5,localização por Agente virtual+Discador sem contato,Agente virtual
2026-08-14,C0000295,S260809-M1-LOC-ND-L3,S260809-M1-LOC-ND-L5,localização por Agente virtual+Discador sem contato,Agente virtual
2026-08-14,C0000046,S260811-A1-LOC-ND-L0,S260811-A1-LOC-ND-L3,localização por RCS sem contato,RCS
2026-08-14,C0000050,S260811-A1-LOC-ND-L0,S260811-A1-LOC-ND-L3,localização por RCS sem contato,RCS
2026-08-14,C0000077,S260811-B3-LOC-ND-L0,S260811-B3-LOC-ND-L3,localização por RCS sem contato,RCS
2026-08-14,C0000098,S260811-M3-LOC-ND-L0,S260811-M3-LOC-ND-L3,localização por RCS sem contato,RCS
2026-08-14,C0000111,S260811-A1-LOC-ND-L0,S260811-A1-LOC-ND-L3,localização por RCS sem contato,RCS
2026-08-14,C0000122,S260811-A1-LOC-ND-L0,S260811-A1-LOC-ND-L3,localização por RCS sem contato,RCS
2026-08-14,C0000147,S260811-B1-LOC-ND-L0,S260811-B1-LOC-ND-L3,localização por RCS sem contato,RCS
2026-08-14,C0000155,S260811-B3-LOC-ND-L0,S260811-B3-LOC-ND-L3,localização por RCS sem contato,RCS
2026-08-14,C0000169,S260811-B3-LOC-ND-L0,S260811-B3-LOC-ND-L3,localização por RCS sem contato,RCS
2026-08-14,C0000184,S260811-M1-LOC-ND-L0,S260811-M1-LOC-ND-L3,localização por RCS sem contato,RCS
2026-08-14,C0000213,S260811-M3-LOC-ND-L0,S260811-M3-LOC-ND-L3,localização por RCS sem contato,RCS
2026-08-14,C0000272,S260811-M2-LOC-ND-L0,S260811-M2-LOC-ND-L3,localização por RCS sem contato,RCS
2026-08-14,C0000281,S260811-M2-LOC-ND-L0,S260811-M2-LOC-ND-L3,localização por RCS sem contato,RCS
2026-08-14,C0000338,S260811-B1-LOC-ND-L0,S260811-B1-LOC-ND-L3,localização por RCS sem contato,RCS
2026-08-14,C0000384,S260811-B2-LOC-ND-L0,S260811-B2-LOC-ND-L3,localização por RCS sem contato,RCS
2026-08-14,C0000395,S260811-B1-LOC-ND-L0,S260811-B1-LOC-ND-L3,localização por RCS sem contato,RCS
2026-08-15,C0000034,,S260815-A1-LOC-ND-L0,entrada na esteira; enriquecimento completo,Planejamento
2026-08-15,C0000040,,S260815-B1-LOC-ND-L0,entrada na esteira; enriquecimento básico,Planejamento
2026-08-15,C0000068,,S260815-M2-LOC-ND-L0,entrada na esteira; enriquecimento básico + WhatsApp válido,Planejamento
2026-08-15,C0000078,,S260815-B2-LOC-ND-L0,entrada na esteira; enriquecimento básico,Planejamento
2026-08-15,C0000133,,S260815-M2-LOC-ND-L0,entrada na esteira; enriquecimento básico + WhatsApp válido,Planejamento
2026-08-15,C0000152,,S260815-M3-LOC-ND-L0,entrada na esteira; enriquecimento básico,Planejamento
2026-08-15,C0000153,,S260815-M2-LOC-ND-L0,entrada na esteira; enriquecimento básico + WhatsApp válido,Planejamento
2026-08-15,C0000196,,S260815-B2-LOC-ND-L0,entrada na esteira; enriquecimento básico,Planejamento
2026-08-15,C0000270,,S260815-B1-LOC-ND-L0,entrada na esteira; enriquecimento básico,Planejamento
2026-08-15,C0000362,,S260815-A2-LOC-ND-L0,entrada na esteira; enriquecimento completo + novos telefones,Planejamento
2026-08-15,C0000385,,S260815-A1-LOC-ND-L0,entrada na esteira; enriquecimento completo,Planejamento
2026-08-15,C0000054,S260804-B2-PRE-RC-D-3,S260804-B2-PRE-RC-D-2,parcela a vencer,Sist. acordos
2026-08-15,C0000026,S260806-B1-CPB-AV-T1,S260806-B1-CPB-AV-T2,2ª tentativa no canal sem resposta,Agente virtual
2026-08-15,C0000061,S260806-B1-CPB-AV-T1,S260806-B1-CPB-AV-T2,2ª tentativa no canal sem resposta,Agente virtual
2026-08-15,C0000067,S260806-M1-CPB-DC-T1,S260806-M1-CPB-DC-T2,2ª tentativa no canal sem resposta,Discador
2026-08-15,C0000103,S260806-A1-CPB-AV-T1,S260806-A1-CPB-AV-T2,2ª tentativa no canal sem resposta,Agente virtual
2026-08-15,C0000137,S260806-A1-CPB-DC-T1,S260806-A1-CPB-DC-T2,2ª tentativa no canal sem resposta,Discador
2026-08-15,C0000163,S260806-M1-CPB-AV-T1,S260806-M1-CPA-AV-T1,contato no Agente virtual → CPC A,Agente virtual
2026-08-15,C0000163,S260806-M1-CPA-AV-T1,S260806-M1-COL-AV,acordo ativo (colchão),Sist. acordos
2026-08-15,C0000216,S260806-A1-NCP-ND-G1,S260806-A1-CPA-WA-T1,contato no WhatsApp → CPC A,WhatsApp
2026-08-15,C0000063,S260807-B1-LOC-ND-L7,S260807-B1-NCP-ND-G1,"D+8 sem contato → Não CPC, entra no giro",Automático
2026-08-15,C0000069,S260807-M2-LOC-ND-L7,S260807-M2-NCP-ND-G1,"D+8 sem contato → Não CPC, entra no giro",Automático
2026-08-15,C0000092,S260807-A1-LOC-ND-L5,S260807-A1-NCP-ND-G1,"D+8 sem contato → Não CPC, entra no giro",Automático
2026-08-15,C0000113,S260807-M2-LOC-ND-L7,S260807-M2-NCP-ND-G1,"D+8 sem contato → Não CPC, entra no giro",Automático
2026-08-15,C0000144,S260807-M1-LOC-ND-L7,S260807-M1-NCP-ND-G1,"D+8 sem contato → Não CPC, entra no giro",Automático
2026-08-15,C0000225,S260807-A1-LOC-ND-L7,S260807-A1-NCP-ND-G1,"D+8 sem contato → Não CPC, entra no giro",Automático
2026-08-15,C0000239,S260807-B3-LOC-ND-L7,S260807-B3-NCP-ND-G1,"D+8 sem contato → Não CPC, entra no giro",Automático
2026-08-15,C0000241,S260807-M3-LOC-ND-L7,S260807-M3-NCP-ND-G1,"D+8 sem contato → Não CPC, entra no giro",Automático
2026-08-15,C0000266,S260807-A1-LOC-ND-L7,S260807-A1-NCP-ND-G1,"D+8 sem contato → Não CPC, entra no giro",Automático
2026-08-15,C0000357,S260807-M1-LOC-ND-L7,S260807-M1-NCP-ND-G1,"D+8 sem contato → Não CPC, entra no giro",Automático
2026-08-15,C0000364,S260807-A1-LOC-ND-L7,S260807-A1-NCP-ND-G1,"D+8 sem contato → Não CPC, entra no giro",Automático
2026-08-15,C0000015,S260808-M2-LOC-ND-L5,S260808-M2-LOC-ND-L7,localização por SMS sem contato,SMS
2026-08-15,C0000097,S260808-B3-LOC-ND-L3,S260808-B3-LOC-ND-L7,localização por SMS+E-mail sem contato,SMS
2026-08-15,C0000101,S260808-B1-LOC-ND-L5,S260808-B1-LOC-ND-L7,localização por SMS+E-mail sem contato,SMS
2026-08-15,C0000189,S260808-B2-LOC-ND-L5,S260808-B2-LOC-ND-L7,localização por SMS+E-mail sem contato,SMS
2026-08-15,C0000198,S260808-B3-LOC-ND-L3,S260808-B3-LOC-ND-L7,localização por SMS sem contato,SMS
2026-08-15,C0000226,S260808-A3-LOC-ND-L5,S260808-A3-LOC-ND-L7,localização por SMS sem contato,SMS
2026-08-15,C0000249,S260808-B2-LOC-ND-L5,S260808-B2-LOC-ND-L7,localização por SMS+E-mail sem contato,SMS
2026-08-15,C0000279,S260808-B3-LOC-ND-L3,S260808-B3-LOC-ND-L7,localização por SMS+E-mail sem contato,SMS
2026-08-15,C0000375,S260808-B1-LOC-ND-L5,S260808-B1-LOC-ND-L7,localização por SMS sem contato,SMS
2026-08-15,C0000107,S260810-M1-CPA-RC-T1,S260810-M1-CPB-RC-T1,sem resposta na ação de negociação → CPC B,RCS
2026-08-15,C0000127,S260810-M3-LOC-ND-L3,S260810-M3-LOC-ND-L5,localização por Agente virtual+Discador sem contato,Agente virtual
2026-08-15,C0000255,S260810-B2-LOC-ND-L3,S260810-B2-LOC-ND-L5,localização por Agente virtual+Discador sem contato,Agente virtual
2026-08-15,C0000282,S260810-B1-LOC-ND-L3,S260810-B1-LOC-ND-L5,localização por Agente virtual+Discador sem contato,Agente virtual
2026-08-15,C0000311,S260810-B1-LOC-ND-L3,S260810-B1-LOC-ND-L5,localização por Agente virtual+Discador sem contato,Agente virtual
2026-08-15,C0000359,S260810-B1-LOC-ND-L3,S260810-B1-LOC-ND-L5,localização por Agente virtual+Discador sem contato,Agente virtual
2026-08-15,C0000382,S260810-M3-LOC-ND-L3,S260810-M3-LOC-ND-L5,localização por Agente virtual+Discador sem contato,Agente virtual
2026-08-15,C0000055,S260812-M1-LOC-ND-L1,S260812-M1-LOC-ND-L3,localização por RCS sem contato,RCS
2026-08-15,C0000075,S260812-M2-LOC-ND-L1,S260812-M2-LOC-ND-L3,localização por RCS sem contato,RCS
2026-08-15,C0000083,S260812-M2-LOC-ND-L1,S260812-M2-LOC-ND-L3,localização por RCS sem contato,RCS
2026-08-15,C0000106,S260812-B3-LOC-ND-L1,S260812-B3-LOC-ND-L3,localização por RCS sem contato,RCS
2026-08-15,C0000112,S260812-A2-LOC-ND-L0,S260812-A2-CPA-RC-T1,contato no RCS → CPC A,RCS
2026-08-15,C0000123,S260812-A1-LOC-ND-L1,S260812-A1-LOC-ND-L3,localização por RCS sem contato,RCS
2026-08-15,C0000161,S260812-M2-LOC-ND-L0,S260812-M2-LOC-ND-L3,localização por RCS sem contato,RCS
2026-08-15,C0000224,S260812-B1-LOC-ND-L1,S260812-B1-LOC-ND-L3,localização por RCS sem contato,RCS
2026-08-15,C0000264,S260812-A3-LOC-ND-L1,S260812-A3-LOC-ND-L3,localização por RCS sem contato,RCS
2026-08-15,C0000286,S260812-A1-LOC-ND-L1,S260812-A1-LOC-ND-L3,localização por RCS sem contato,RCS
2026-08-15,C0000367,S260812-B1-LOC-ND-L1,S260812-B1-LOC-ND-L3,localização por RCS sem contato,RCS
2026-08-15,C0000386,S260812-M1-LOC-ND-L1,S260812-M1-CPA-RC-T1,contato no RCS → CPC A,RCS
2026-08-15,C0000397,S260812-M2-LOC-ND-L0,S260812-M2-CPA-RC-T1,contato no RCS → CPC A,RCS
2026-08-15,C0000048,S260814-M3-LOC-ND-L0,S260814-M3-LOC-ND-L1,localização por WhatsApp sem contato,WhatsApp
2026-08-15,C0000081,S260814-A1-LOC-ND-L0,S260814-A1-LOC-ND-L1,localização por WhatsApp sem contato,WhatsApp
2026-08-15,C0000089,S260814-B2-LOC-ND-L0,S260814-B2-LOC-ND-L1,localização por WhatsApp sem contato,WhatsApp
2026-08-15,C0000091,S260814-A1-LOC-ND-L0,S260814-A1-LOC-ND-L1,localização por WhatsApp sem contato,WhatsApp
2026-08-15,C0000116,S260814-A2-LOC-ND-L0,S260814-A2-LOC-ND-L1,localização por WhatsApp sem contato,WhatsApp
2026-08-15,C0000120,S260814-M1-LOC-ND-L0,S260814-M1-LOC-ND-L1,localização por WhatsApp sem contato,WhatsApp
2026-08-15,C0000125,S260814-M1-LOC-ND-L0,S260814-M1-LOC-ND-L1,localização por WhatsApp sem contato,WhatsApp
2026-08-15,C0000173,S260814-M1-LOC-ND-L0,S260814-M1-CPA-WA-T1,contato no WhatsApp → CPC A,WhatsApp
2026-08-15,C0000192,S260814-M1-LOC-ND-L0,S260814-M1-LOC-ND-L1,localização por WhatsApp sem contato,WhatsApp
2026-08-15,C0000242,S260814-M1-LOC-ND-L0,S260814-M1-CPA-WA-T1,contato no WhatsApp → CPC A,WhatsApp
2026-08-15,C0000242,S260814-M1-CPA-WA-T1,S260814-M1-COL-WA,acordo ativo (colchão),Sist. acordos
2026-08-15,C0000252,S260814-M2-LOC-ND-L0,S260814-M2-LOC-ND-L1,localização por WhatsApp sem contato,WhatsApp
2026-08-15,C0000257,S260814-A1-LOC-ND-L0,S260814-A1-LOC-ND-L1,localização por WhatsApp sem contato,WhatsApp
2026-08-15,C0000268,S260814-A1-LOC-ND-L0,S260814-A1-LOC-ND-L1,localização por WhatsApp sem contato,WhatsApp
2026-08-15,C0000276,S260814-B1-LOC-ND-L0,S260814-B1-LOC-ND-L1,localização por WhatsApp sem contato,WhatsApp
2026-08-15,C0000315,S260814-M1-LOC-ND-L0,S260814-M1-LOC-ND-L1,localização por WhatsApp sem contato,WhatsApp
2026-08-15,C0000317,S260814-A3-LOC-ND-L0,S260814-A3-LOC-ND-L1,localização por WhatsApp sem contato,WhatsApp
2026-08-15,C0000360,S260814-M2-LOC-ND-L0,S260814-M2-LOC-ND-L1,localização por WhatsApp sem contato,WhatsApp
2026-08-16,C0000099,,S260816-M1-LOC-ND-L0,entrada na esteira; enriquecimento completo,Planejamento
2026-08-16,C0000104,,S260816-B1-LOC-ND-L0,entrada na esteira; enriquecimento básico,Planejamento
2026-08-16,C0000108,,S260816-B1-LOC-ND-L0,entrada na esteira; enriquecimento básico,Planejamento
2026-08-16,C0000164,,S260816-B2-LOC-ND-L0,entrada na esteira; enriquecimento básico,Planejamento
2026-08-16,C0000205,,S260816-M2-LOC-ND-L0,entrada na esteira; enriquecimento básico + WhatsApp válido,Planejamento
2026-08-16,C0000223,,S260816-M1-LOC-ND-L0,entrada na esteira; enriquecimento completo,Planejamento
2026-08-16,C0000304,,S260816-M3-LOC-ND-L0,entrada na esteira; enriquecimento básico,Planejamento
2026-08-16,C0000316,,S260816-B2-LOC-ND-L0,entrada na esteira; enriquecimento básico,Planejamento
2026-08-16,C0000327,,S260816-B1-LOC-ND-L0,entrada na esteira; enriquecimento básico,Planejamento
2026-08-16,C0000329,,S260816-B1-LOC-ND-L0,entrada na esteira; enriquecimento básico,Planejamento
2026-08-16,C0000332,,S260816-B3-LOC-ND-L0,entrada na esteira; enriquecimento só digital,Planejamento
2026-08-16,C0000358,,S260816-B3-LOC-ND-L0,entrada na esteira; enriquecimento só digital,Planejamento
2026-08-16,C0000393,,S260816-M1-LOC-ND-L0,entrada na esteira; enriquecimento completo,Planejamento
2026-08-16,C0000394,,S260816-M3-LOC-ND-L0,entrada na esteira; enriquecimento básico,Planejamento
2026-08-16,C0000054,S260804-B2-PRE-RC-D-2,S260804-B2-LIQ-RC,acordo quitado,Sist. acordos
2026-08-16,C0000019,S260806-B1-COL-SM,S260806-B1-PRE-SM-D-3,parcela a vencer,Sist. acordos
2026-08-16,C0000015,S260808-M2-LOC-ND-L7,S260808-M2-NCP-ND-G1,"D+8 sem contato → Não CPC, entra no giro",Automático
2026-08-16,C0000097,S260808-B3-LOC-ND-L7,S260808-B3-NCP-ND-G1,"D+8 sem contato → Não CPC, entra no giro",Automático
2026-08-16,C0000101,S260808-B1-LOC-ND-L7,S260808-B1-NCP-ND-G1,"D+8 sem contato → Não CPC, entra no giro",Automático
2026-08-16,C0000189,S260808-B2-LOC-ND-L7,S260808-B2-NCP-ND-G1,"D+8 sem contato → Não CPC, entra no giro",Automático
2026-08-16,C0000198,S260808-B3-LOC-ND-L7,S260808-B3-NCP-ND-G1,"D+8 sem contato → Não CPC, entra no giro",Automático
2026-08-16,C0000226,S260808-A3-LOC-ND-L7,S260808-A3-NCP-ND-G1,"D+8 sem contato → Não CPC, entra no giro",Automático
2026-08-16,C0000249,S260808-B2-LOC-ND-L7,S260808-B2-NCP-ND-G1,"D+8 sem contato → Não CPC, entra no giro",Automático
2026-08-16,C0000279,S260808-B3-LOC-ND-L7,S260808-B3-NCP-ND-G1,"D+8 sem contato → Não CPC, entra no giro",Automático
2026-08-16,C0000353,S260808-M3-COL-DC,S260808-M3-PRE-DC-D-3,parcela a vencer,Sist. acordos
2026-08-16,C0000375,S260808-B1-LOC-ND-L7,S260808-B1-NCP-ND-G1,"D+8 sem contato → Não CPC, entra no giro",Automático
2026-08-17,C0000006,,S260817-A2-LOC-ND-L0,entrada na esteira; enriquecimento completo + novos telefones,Planejamento
2026-08-17,C0000031,,S260817-A1-LOC-ND-L0,entrada na esteira; enriquecimento completo,Planejamento
2026-08-17,C0000051,,S260817-A3-LOC-ND-L0,entrada na esteira; enriquecimento completo + localizador,Planejamento
2026-08-17,C0000056,,S260817-A1-LOC-ND-L0,entrada na esteira; enriquecimento completo,Planejamento
2026-08-17,C0000058,,S260817-A1-LOC-ND-L0,entrada na esteira; enriquecimento completo,Planejamento
2026-08-17,C0000065,,S260817-A2-LOC-ND-L0,entrada na esteira; enriquecimento completo + novos telefones,Planejamento
2026-08-17,C0000114,,S260817-M1-LOC-ND-L0,entrada na esteira; enriquecimento completo,Planejamento
2026-08-17,C0000211,,S260817-A1-LOC-ND-L0,entrada na esteira; enriquecimento completo,Planejamento
2026-08-17,C0000219,,S260817-M1-LOC-ND-L0,entrada na esteira; enriquecimento completo,Planejamento
2026-08-17,C0000222,,S260817-A3-LOC-ND-L0,entrada na esteira; enriquecimento completo + localizador,Planejamento
2026-08-17,C0000246,,S260817-M2-LOC-ND-L0,entrada na esteira; enriquecimento básico + WhatsApp válido,Planejamento
2026-08-17,C0000278,,S260817-M3-LOC-ND-L0,entrada na esteira; enriquecimento básico,Planejamento
2026-08-17,C0000334,,S260817-B1-LOC-ND-L0,entrada na esteira; enriquecimento básico,Planejamento
2026-08-17,C0000340,,S260817-M2-LOC-ND-L0,entrada na esteira; enriquecimento básico + WhatsApp válido,Planejamento
2026-08-17,C0000373,,S260817-M3-LOC-ND-L0,entrada na esteira; enriquecimento básico,Planejamento
2026-08-17,C0000396,,S260817-M3-LOC-ND-L0,entrada na esteira; enriquecimento básico,Planejamento
2026-08-17,C0000096,S260803-M2-CPA-RC-T1,S260803-M2-CPB-RC-T1,sem resposta na ação de negociação → CPC B,RCS
2026-08-17,C0000312,S260803-A1-COL-WA,S260803-A1-PRE-WA-D-3,parcela a vencer,Sist. acordos
2026-08-17,C0000347,S260803-M1-CPB-RC-T2,S260803-M1-CPB-RC-T3,3ª tentativa no canal sem resposta,RCS
2026-08-17,C0000201,S260804-M3-CPB-RC-T3,S260804-M3-CPB-AV-T1,rotação de canal para Agente virtual,Agente virtual
2026-08-17,C0000250,S260804-M1-CPB-RC-T3,S260804-M1-CPB-AV-T1,rotação de canal para Agente virtual,Agente virtual
2026-08-17,C0000019,S260806-B1-PRE-SM-D-3,S260806-B1-PRE-SM-D-2,parcela a vencer,Sist. acordos
2026-08-17,C0000026,S260806-B1-CPB-AV-T2,S260806-B1-CPB-AV-T3,3ª tentativa no canal sem resposta,Agente virtual
2026-08-17,C0000061,S260806-B1-CPB-AV-T2,S260806-B1-CPA-DC-T1,contato no Discador → CPC A,Discador
2026-08-17,C0000067,S260806-M1-CPB-DC-T2,S260806-M1-CPB-DC-T3,3ª tentativa no canal sem resposta,Discador
2026-08-17,C0000103,S260806-A1-CPB-AV-T2,S260806-A1-CPB-AV-T3,3ª tentativa no canal sem resposta,Agente virtual
2026-08-17,C0000137,S260806-A1-CPB-DC-T2,S260806-A1-CPB-DC-T3,3ª tentativa no canal sem resposta,Discador
2026-08-17,C0000216,S260806-A1-CPA-WA-T1,S260806-A1-CPB-WA-T1,sem resposta na ação de negociação → CPC B,WhatsApp
2026-08-17,C0000261,S260806-M1-NCP-ND-G1,S260806-M1-CPA-RC-T1,contato no RCS → CPC A,RCS
2026-08-17,C0000333,S260806-A2-NCP-ND-G1,S260806-A2-CPA-RC-T1,contato no RCS → CPC A,RCS
2026-08-17,C0000166,S260807-M2-CPB-WA-T2,S260807-M2-CPB-WA-T3,3ª tentativa no canal sem resposta,WhatsApp
2026-08-17,C0000202,S260807-M1-CPB-DC-T1,S260807-M1-CPB-DC-T2,2ª tentativa no canal sem resposta,Discador
2026-08-17,C0000353,S260808-M3-PRE-DC-D-3,S260808-M3-PRE-DC-D-2,parcela a vencer,Sist. acordos
2026-08-17,C0000070,S260809-M1-CPB-RC-T1,S260809-M1-CPB-RC-T2,2ª tentativa no canal sem resposta,RCS
2026-08-17,C0000178,S260809-B3-LOC-ND-L3,S260809-B3-NCP-ND-G1,"D+8 sem contato → Não CPC, entra no giro",Automático
2026-08-17,C0000203,S260809-B1-LOC-ND-L3,S260809-B1-NCP-ND-G1,"D+8 sem contato → Não CPC, entra no giro",Automático
2026-08-17,C0000210,S260809-M3-CPA-AV-T1,S260809-M3-CPB-AV-T1,sem resposta na ação de negociação → CPC B,Agente virtual
2026-08-17,C0000233,S260809-M2-LOC-ND-L5,S260809-M2-NCP-ND-G1,"D+8 sem contato → Não CPC, entra no giro",Automático
2026-08-17,C0000273,S260809-M2-LOC-ND-L5,S260809-M2-NCP-ND-G1,"D+8 sem contato → Não CPC, entra no giro",Automático
2026-08-17,C0000289,S260809-B1-LOC-ND-L3,S260809-B1-NCP-ND-G1,"D+8 sem contato → Não CPC, entra no giro",Automático
2026-08-17,C0000295,S260809-M1-LOC-ND-L5,S260809-M1-NCP-ND-G1,"D+8 sem contato → Não CPC, entra no giro",Automático
2026-08-17,C0000337,S260809-B3-LOC-ND-L3,S260809-B3-NCP-ND-G1,"D+8 sem contato → Não CPC, entra no giro",Automático
2026-08-17,C0000107,S260810-M1-CPB-RC-T1,S260810-M1-CPB-RC-T2,2ª tentativa no canal sem resposta,RCS
2026-08-17,C0000126,S260810-B3-LOC-ND-L3,S260810-B3-LOC-ND-L7,localização por SMS sem contato,SMS
2026-08-17,C0000127,S260810-M3-LOC-ND-L5,S260810-M3-LOC-ND-L7,localização por SMS sem contato,SMS
2026-08-17,C0000255,S260810-B2-LOC-ND-L5,S260810-B2-LOC-ND-L7,localização por SMS+E-mail sem contato,SMS
2026-08-17,C0000282,S260810-B1-LOC-ND-L5,S260810-B1-LOC-ND-L7,localização por SMS+E-mail sem contato,SMS
2026-08-17,C0000311,S260810-B1-LOC-ND-L5,S260810-B1-LOC-ND-L7,localização por SMS sem contato,SMS
2026-08-17,C0000359,S260810-B1-LOC-ND-L5,S260810-B1-LOC-ND-L7,localização por SMS+E-mail sem contato,SMS
2026-08-17,C0000382,S260810-M3-LOC-ND-L5,S260810-M3-LOC-ND-L7,localização por SMS sem contato,SMS
2026-08-17,C0000055,S260812-M1-LOC-ND-L3,S260812-M1-LOC-ND-L5,localização por Agente virtual+Discador sem contato,Agente virtual
2026-08-17,C0000075,S260812-M2-LOC-ND-L3,S260812-M2-LOC-ND-L5,localização por Agente virtual+Discador sem contato,Agente virtual
2026-08-17,C0000083,S260812-M2-LOC-ND-L3,S260812-M2-LOC-ND-L5,localização por Agente virtual+Discador sem contato,Agente virtual
2026-08-17,C0000112,S260812-A2-CPA-RC-T1,S260812-A2-CPB-RC-T1,sem resposta na ação de negociação → CPC B,RCS
2026-08-17,C0000123,S260812-A1-LOC-ND-L3,S260812-A1-LOC-ND-L5,localização por Agente virtual+Discador sem contato,Agente virtual
2026-08-17,C0000161,S260812-M2-LOC-ND-L3,S260812-M2-LOC-ND-L5,localização por Agente virtual+Discador sem contato,Agente virtual
2026-08-17,C0000224,S260812-B1-LOC-ND-L3,S260812-B1-LOC-ND-L5,localização por Agente virtual+Discador sem contato,Agente virtual
2026-08-17,C0000264,S260812-A3-LOC-ND-L3,S260812-A3-LOC-ND-L5,localização por Agente virtual+Discador sem contato,Agente virtual
2026-08-17,C0000286,S260812-A1-LOC-ND-L3,S260812-A1-LOC-ND-L5,localização por Agente virtual+Discador sem contato,Agente virtual
2026-08-17,C0000367,S260812-B1-LOC-ND-L3,S260812-B1-LOC-ND-L5,localização por Agente virtual+Discador sem contato,Agente virtual
2026-08-17,C0000397,S260812-M2-CPA-RC-T1,S260812-M2-CPB-RC-T1,sem resposta na ação de negociação → CPC B,RCS
2026-08-17,C0000048,S260814-M3-LOC-ND-L1,S260814-M3-LOC-ND-L3,localização por RCS sem contato,RCS
2026-08-17,C0000081,S260814-A1-LOC-ND-L1,S260814-A1-LOC-ND-L3,localização por RCS sem contato,RCS
2026-08-17,C0000089,S260814-B2-LOC-ND-L1,S260814-B2-LOC-ND-L3,localização por RCS sem contato,RCS
2026-08-17,C0000091,S260814-A1-LOC-ND-L1,S260814-A1-LOC-ND-L3,localização por RCS sem contato,RCS
2026-08-17,C0000116,S260814-A2-LOC-ND-L1,S260814-A2-LOC-ND-L3,localização por RCS sem contato,RCS
2026-08-17,C0000120,S260814-M1-LOC-ND-L1,S260814-M1-LOC-ND-L3,localização por RCS sem contato,RCS
2026-08-17,C0000125,S260814-M1-LOC-ND-L1,S260814-M1-LOC-ND-L3,localização por RCS sem contato,RCS
2026-08-17,C0000173,S260814-M1-CPA-WA-T1,S260814-M1-COL-WA,acordo ativo (colchão),Sist. acordos
2026-08-17,C0000183,S260814-A1-LOC-ND-L0,S260814-A1-LOC-ND-L3,localização por RCS sem contato,RCS
2026-08-17,C0000191,S260814-B1-LOC-ND-L0,S260814-B1-LOC-ND-L3,localização por RCS sem contato,RCS
2026-08-17,C0000192,S260814-M1-LOC-ND-L1,S260814-M1-LOC-ND-L3,localização por RCS sem contato,RCS
2026-08-17,C0000252,S260814-M2-LOC-ND-L1,S260814-M2-LOC-ND-L3,localização por RCS sem contato,RCS
2026-08-17,C0000257,S260814-A1-LOC-ND-L1,S260814-A1-LOC-ND-L3,localização por RCS sem contato,RCS
2026-08-17,C0000268,S260814-A1-LOC-ND-L1,S260814-A1-CPA-RC-T1,contato no RCS → CPC A,RCS
2026-08-17,C0000268,S260814-A1-CPA-RC-T1,S260814-A1-COL-RC,acordo ativo (colchão),Sist. acordos
2026-08-17,C0000276,S260814-B1-LOC-ND-L1,S260814-B1-LOC-ND-L3,localização por RCS sem contato,RCS
2026-08-17,C0000315,S260814-M1-LOC-ND-L1,S260814-M1-LOC-ND-L3,localização por RCS sem contato,RCS
2026-08-17,C0000317,S260814-A3-LOC-ND-L1,S260814-A3-LOC-ND-L3,localização por RCS sem contato,RCS
2026-08-17,C0000342,S260814-M2-LOC-ND-L0,S260814-M2-CPA-RC-T1,contato no RCS → CPC A,RCS
2026-08-17,C0000360,S260814-M2-LOC-ND-L1,S260814-M2-LOC-ND-L3,localização por RCS sem contato,RCS
2026-08-18,C0000029,,S260818-B3-LOC-ND-L0,entrada na esteira; enriquecimento só digital,Planejamento
2026-08-18,C0000060,,S260818-M1-LOC-ND-L0,entrada na esteira; enriquecimento completo,Planejamento
2026-08-18,C0000109,,S260818-B3-LOC-ND-L0,entrada na esteira; enriquecimento só digital,Planejamento
2026-08-18,C0000110,,S260818-M1-LOC-ND-L0,entrada na esteira; enriquecimento completo,Planejamento
2026-08-18,C0000118,,S260818-A2-LOC-ND-L0,entrada na esteira; enriquecimento completo + novos telefones,Planejamento
2026-08-18,C0000132,,S260818-A2-LOC-ND-L0,entrada na esteira; enriquecimento completo + novos telefones,Planejamento
2026-08-18,C0000140,,S260818-M2-LOC-ND-L0,entrada na esteira; enriquecimento básico + WhatsApp válido,Planejamento
2026-08-18,C0000149,,S260818-M2-LOC-ND-L0,entrada na esteira; enriquecimento básico + WhatsApp válido,Planejamento
2026-08-18,C0000160,,S260818-B3-LOC-ND-L0,entrada na esteira; enriquecimento só digital,Planejamento
2026-08-18,C0000170,,S260818-M2-LOC-ND-L0,entrada na esteira; enriquecimento básico + WhatsApp válido,Planejamento
2026-08-18,C0000204,,S260818-M1-LOC-ND-L0,entrada na esteira; enriquecimento completo,Planejamento
2026-08-18,C0000221,,S260818-B2-LOC-ND-L0,entrada na esteira; enriquecimento básico,Planejamento
2026-08-18,C0000231,,S260818-M3-LOC-ND-L0,entrada na esteira; enriquecimento básico,Planejamento
2026-08-18,C0000235,,S260818-M1-LOC-ND-L0,entrada na esteira; enriquecimento completo,Planejamento
2026-08-18,C0000248,,S260818-M2-LOC-ND-L0,entrada na esteira; enriquecimento básico + WhatsApp válido,Planejamento
2026-08-18,C0000280,,S260818-A3-LOC-ND-L0,entrada na esteira; enriquecimento completo + localizador,Planejamento
2026-08-18,C0000291,,S260818-B1-LOC-ND-L0,entrada na esteira; enriquecimento básico,Planejamento
2026-08-18,C0000318,,S260818-B3-LOC-ND-L0,entrada na esteira; enriquecimento só digital,Planejamento
2026-08-18,C0000312,S260803-A1-PRE-WA-D-3,S260803-A1-PRE-WA-D-2,parcela a vencer,Sist. acordos
2026-08-18,C0000312,S260803-A1-PRE-WA-D-2,S260803-A1-PRE-RC-D-2,contato no RCS,RCS
2026-08-18,C0000080,S260805-M3-COL-DC,S260805-M3-PRE-DC-D-3,parcela a vencer,Sist. acordos
2026-08-18,C0000283,S260805-B2-NCP-ND-G1,S260805-B2-CPA-DC-T1,contato no Discador → CPC A,Discador
2026-08-18,C0000019,S260806-B1-PRE-SM-D-2,S260806-B1-COL-SM,acordo ativo (colchão),Sist. acordos
2026-08-18,C0000353,S260808-M3-PRE-DC-D-2,S260808-M3-COL-DC,acordo ativo (colchão),Sist. acordos
2026-08-18,C0000138,S260809-M1-COL-RC,S260809-M1-PRE-RC-D-3,parcela a vencer,Sist. acordos
2026-08-18,C0000126,S260810-B3-LOC-ND-L7,S260810-B3-NCP-ND-G1,"D+8 sem contato → Não CPC, entra no giro",Automático
2026-08-18,C0000127,S260810-M3-LOC-ND-L7,S260810-M3-NCP-ND-G1,"D+8 sem contato → Não CPC, entra no giro",Automático
2026-08-18,C0000255,S260810-B2-LOC-ND-L7,S260810-B2-NCP-ND-G1,"D+8 sem contato → Não CPC, entra no giro",Automático
2026-08-18,C0000282,S260810-B1-LOC-ND-L7,S260810-B1-NCP-ND-G1,"D+8 sem contato → Não CPC, entra no giro",Automático
2026-08-18,C0000311,S260810-B1-LOC-ND-L7,S260810-B1-NCP-ND-G1,"D+8 sem contato → Não CPC, entra no giro",Automático
2026-08-18,C0000359,S260810-B1-LOC-ND-L7,S260810-B1-NCP-ND-G1,"D+8 sem contato → Não CPC, entra no giro",Automático
2026-08-18,C0000382,S260810-M3-LOC-ND-L7,S260810-M3-NCP-ND-G1,"D+8 sem contato → Não CPC, entra no giro",Automático
2026-08-18,C0000046,S260811-A1-LOC-ND-L3,S260811-A1-LOC-ND-L7,localização por SMS sem contato,SMS
2026-08-18,C0000050,S260811-A1-LOC-ND-L3,S260811-A1-LOC-ND-L7,localização por SMS sem contato,SMS
2026-08-18,C0000077,S260811-B3-LOC-ND-L3,S260811-B3-LOC-ND-L7,localização por SMS sem contato,SMS
2026-08-18,C0000098,S260811-M3-LOC-ND-L3,S260811-M3-LOC-ND-L7,localização por SMS+E-mail sem contato,SMS
2026-08-18,C0000111,S260811-A1-LOC-ND-L3,S260811-A1-LOC-ND-L7,localização por SMS+E-mail sem contato,SMS
2026-08-18,C0000122,S260811-A1-LOC-ND-L3,S260811-A1-LOC-ND-L7,localização por SMS+E-mail sem contato,SMS
2026-08-18,C0000147,S260811-B1-LOC-ND-L3,S260811-B1-LOC-ND-L7,localização por SMS+E-mail sem contato,SMS
2026-08-18,C0000155,S260811-B3-LOC-ND-L3,S260811-B3-LOC-ND-L7,localização por SMS sem contato,SMS
2026-08-18,C0000169,S260811-B3-LOC-ND-L3,S260811-B3-LOC-ND-L7,localização por SMS+E-mail sem contato,SMS
2026-08-18,C0000184,S260811-M1-LOC-ND-L3,S260811-M1-LOC-ND-L7,localização por SMS+E-mail sem contato,SMS
2026-08-18,C0000213,S260811-M3-LOC-ND-L3,S260811-M3-LOC-ND-L7,localização por SMS sem contato,SMS
2026-08-18,C0000272,S260811-M2-LOC-ND-L3,S260811-M2-LOC-ND-L7,localização por SMS+E-mail sem contato,SMS
2026-08-18,C0000281,S260811-M2-LOC-ND-L3,S260811-M2-LOC-ND-L7,localização por SMS+E-mail sem contato,SMS
2026-08-18,C0000338,S260811-B1-LOC-ND-L3,S260811-B1-LOC-ND-L7,localização por SMS sem contato,SMS
2026-08-18,C0000384,S260811-B2-LOC-ND-L3,S260811-B2-LOC-ND-L7,localização por SMS+E-mail sem contato,SMS
2026-08-18,C0000395,S260811-B1-LOC-ND-L3,S260811-B1-LOC-ND-L7,localização por SMS+E-mail sem contato,SMS
2026-08-18,C0000016,S260813-M1-LOC-ND-L0,S260813-M1-LOC-ND-L5,localização por Agente virtual+Discador sem contato,Agente virtual
2026-08-18,C0000052,S260813-B1-LOC-ND-L0,S260813-B1-LOC-ND-L5,localização por Agente virtual+Discador sem contato,Agente virtual
2026-08-18,C0000115,S260813-A3-LOC-ND-L0,S260813-A3-LOC-ND-L5,localização por Agente virtual+Discador sem contato,Agente virtual
2026-08-18,C0000128,S260813-B1-LOC-ND-L0,S260813-B1-LOC-ND-L5,localização por Agente virtual+Discador sem contato,Agente virtual
2026-08-18,C0000145,S260813-A1-LOC-ND-L0,S260813-A1-LOC-ND-L5,localização por Agente virtual+Discador sem contato,Agente virtual
2026-08-18,C0000187,S260813-M1-LOC-ND-L0,S260813-M1-LOC-ND-L5,localização por Agente virtual+Discador sem contato,Agente virtual
2026-08-18,C0000232,S260813-A3-LOC-ND-L0,S260813-A3-CPA-AV-T1,contato no Agente virtual → CPC A,Agente virtual
2026-08-18,C0000275,S260813-A2-LOC-ND-L0,S260813-A2-LOC-ND-L5,localização por Agente virtual+Discador sem contato,Agente virtual
2026-08-18,C0000302,S260813-M2-LOC-ND-L0,S260813-M2-LOC-ND-L5,localização por Agente virtual+Discador sem contato,Agente virtual
2026-08-18,C0000319,S260813-M1-LOC-ND-L0,S260813-M1-LOC-ND-L5,localização por Agente virtual+Discador sem contato,Agente virtual
2026-08-18,C0000321,S260813-M3-LOC-ND-L0,S260813-M3-LOC-ND-L5,localização por Agente virtual+Discador sem contato,Agente virtual
2026-08-18,C0000324,S260813-M1-LOC-ND-L0,S260813-M1-LOC-ND-L5,localização por Agente virtual+Discador sem contato,Agente virtual
2026-08-18,C0000325,S260813-B1-LOC-ND-L0,S260813-B1-LOC-ND-L5,localização por Agente virtual+Discador sem contato,Agente virtual
2026-08-18,C0000330,S260813-B1-LOC-ND-L0,S260813-B1-LOC-ND-L5,localização por Agente virtual+Discador sem contato,Agente virtual
2026-08-18,C0000356,S260813-B1-LOC-ND-L0,S260813-B1-LOC-ND-L5,localização por Agente virtual+Discador sem contato,Agente virtual
2026-08-18,C0000374,S260813-M2-LOC-ND-L0,S260813-M2-LOC-ND-L5,localização por Agente virtual+Discador sem contato,Agente virtual
2026-08-18,C0000376,S260813-M2-LOC-ND-L0,S260813-M2-LOC-ND-L5,localização por Agente virtual+Discador sem contato,Agente virtual
2026-08-18,C0000398,S260813-B1-LOC-ND-L0,S260813-B1-CPA-DC-T1,contato no Discador → CPC A,Discador
2026-08-18,C0000034,S260815-A1-LOC-ND-L0,S260815-A1-LOC-ND-L3,localização por RCS sem contato,RCS
2026-08-18,C0000040,S260815-B1-LOC-ND-L0,S260815-B1-LOC-ND-L3,localização por RCS sem contato,RCS
2026-08-18,C0000068,S260815-M2-LOC-ND-L0,S260815-M2-LOC-ND-L3,localização por RCS sem contato,RCS
2026-08-18,C0000078,S260815-B2-LOC-ND-L0,S260815-B2-LOC-ND-L3,localização por RCS sem contato,RCS
2026-08-18,C0000133,S260815-M2-LOC-ND-L0,S260815-M2-LOC-ND-L3,localização por RCS sem contato,RCS
2026-08-18,C0000152,S260815-M3-LOC-ND-L0,S260815-M3-CPA-RC-T1,contato no RCS → CPC A,RCS
2026-08-18,C0000152,S260815-M3-CPA-RC-T1,S260815-M3-COL-RC,acordo ativo (colchão),Sist. acordos
2026-08-18,C0000153,S260815-M2-LOC-ND-L0,S260815-M2-LOC-ND-L3,localização por RCS sem contato,RCS
2026-08-18,C0000196,S260815-B2-LOC-ND-L0,S260815-B2-LOC-ND-L3,localização por RCS sem contato,RCS
2026-08-18,C0000270,S260815-B1-LOC-ND-L0,S260815-B1-LOC-ND-L3,localização por RCS sem contato,RCS
2026-08-18,C0000362,S260815-A2-LOC-ND-L0,S260815-A2-LOC-ND-L3,localização por RCS sem contato,RCS
2026-08-18,C0000385,S260815-A1-LOC-ND-L0,S260815-A1-LOC-ND-L3,localização por RCS sem contato,RCS
2026-08-19,C0000014,,S260819-A3-LOC-ND-L0,entrada na esteira; enriquecimento completo + localizador,Planejamento
2026-08-19,C0000076,,S260819-A3-LOC-ND-L0,entrada na esteira; enriquecimento completo + localizador,Planejamento
2026-08-19,C0000131,,S260819-A1-LOC-ND-L0,entrada na esteira; enriquecimento completo,Planejamento
2026-08-19,C0000220,,S260819-M1-LOC-ND-L0,entrada na esteira; enriquecimento completo,Planejamento
2026-08-19,C0000258,,S260819-M3-LOC-ND-L0,entrada na esteira; enriquecimento básico,Planejamento
2026-08-19,C0000277,,S260819-M1-LOC-ND-L0,entrada na esteira; enriquecimento completo,Planejamento
2026-08-19,C0000320,,S260819-A2-LOC-ND-L0,entrada na esteira; enriquecimento completo + novos telefones,Planejamento
2026-08-19,C0000363,,S260819-A1-LOC-ND-L0,entrada na esteira; enriquecimento completo,Planejamento
2026-08-19,C0000096,S260803-M2-CPB-RC-T1,S260803-M2-CPB-RC-T2,2ª tentativa no canal sem resposta,RCS
2026-08-19,C0000312,S260803-A1-PRE-RC-D-2,S260803-A1-LIQ-RC,acordo quitado,Sist. acordos
2026-08-19,C0000347,S260803-M1-CPB-RC-T3,S260803-M1-CPB-AV-T1,rotação de canal para Agente virtual,Agente virtual
2026-08-19,C0000150,S260804-B2-NCP-ND-G1,S260804-B2-CPA-EM-T1,contato no E-mail → CPC A,E-mail
2026-08-19,C0000201,S260804-M3-CPB-AV-T1,S260804-M3-CPB-AV-T2,2ª tentativa no canal sem resposta,Agente virtual
2026-08-19,C0000250,S260804-M1-CPB-AV-T1,S260804-M1-CPB-AV-T2,2ª tentativa no canal sem resposta,Agente virtual
2026-08-19,C0000080,S260805-M3-PRE-DC-D-3,S260805-M3-COL-DC,acordo ativo (colchão),Sist. acordos
2026-08-19,C0000026,S260806-B1-CPB-AV-T3,S260806-B1-CPB-DC-T1,rotação de canal para Discador,Discador
2026-08-19,C0000061,S260806-B1-CPA-DC-T1,S260806-B1-CPB-DC-T1,sem resposta na ação de negociação → CPC B,Discador
2026-08-19,C0000067,S260806-M1-CPB-DC-T3,S260806-M1-CPB-SM-T1,rotação de canal para SMS,SMS
2026-08-19,C0000103,S260806-A1-CPB-AV-T3,S260806-A1-CPB-DC-T1,rotação de canal para Discador,Discador
2026-08-19,C0000137,S260806-A1-CPB-DC-T3,S260806-A1-CPB-SM-T1,rotação de canal para SMS,SMS
2026-08-19,C0000216,S260806-A1-CPB-WA-T1,S260806-A1-CPB-WA-T2,2ª tentativa no canal sem resposta,WhatsApp
2026-08-19,C0000261,S260806-M1-CPA-RC-T1,S260806-M1-CPB-RC-T1,sem resposta na ação de negociação → CPC B,RCS
2026-08-19,C0000333,S260806-A2-CPA-RC-T1,S260806-A2-CPB-RC-T1,sem resposta na ação de negociação → CPC B,RCS
2026-08-19,C0000166,S260807-M2-CPB-WA-T3,S260807-M2-CPA-RC-T1,contato no RCS → CPC A,RCS
2026-08-19,C0000202,S260807-M1-CPB-DC-T2,S260807-M1-CPB-DC-T3,3ª tentativa no canal sem resposta,Discador
2026-08-19,C0000015,S260808-M2-NCP-ND-G1,S260808-M2-CPA-RC-T1,contato no RCS → CPC A,RCS
2026-08-19,C0000015,S260808-M2-CPA-RC-T1,S260808-M2-COL-RC,acordo ativo (colchão),Sist. acordos
2026-08-19,C0000189,S260808-B2-NCP-ND-G1,S260808-B2-CPA-RC-T1,contato no RCS → CPC A,RCS
2026-08-19,C0000070,S260809-M1-CPB-RC-T2,S260809-M1-CPB-RC-T3,3ª tentativa no canal sem resposta,RCS
2026-08-19,C0000138,S260809-M1-PRE-RC-D-3,S260809-M1-COL-RC,acordo ativo (colchão),Sist. acordos
2026-08-19,C0000210,S260809-M3-CPB-AV-T1,S260809-M3-CPB-AV-T2,2ª tentativa no canal sem resposta,Agente virtual
2026-08-19,C0000107,S260810-M1-CPB-RC-T2,S260810-M1-CPB-RC-T3,3ª tentativa no canal sem resposta,RCS
2026-08-19,C0000046,S260811-A1-LOC-ND-L7,S260811-A1-NCP-ND-G1,"D+8 sem contato → Não CPC, entra no giro",Automático
2026-08-19,C0000050,S260811-A1-LOC-ND-L7,S260811-A1-NCP-ND-G1,"D+8 sem contato → Não CPC, entra no giro",Automático
2026-08-19,C0000077,S260811-B3-LOC-ND-L7,S260811-B3-NCP-ND-G1,"D+8 sem contato → Não CPC, entra no giro",Automático
2026-08-19,C0000098,S260811-M3-LOC-ND-L7,S260811-M3-NCP-ND-G1,"D+8 sem contato → Não CPC, entra no giro",Automático
2026-08-19,C0000111,S260811-A1-LOC-ND-L7,S260811-A1-NCP-ND-G1,"D+8 sem contato → Não CPC, entra no giro",Automático
2026-08-19,C0000122,S260811-A1-LOC-ND-L7,S260811-A1-NCP-ND-G1,"D+8 sem contato → Não CPC, entra no giro",Automático
2026-08-19,C0000147,S260811-B1-LOC-ND-L7,S260811-B1-NCP-ND-G1,"D+8 sem contato → Não CPC, entra no giro",Automático
2026-08-19,C0000155,S260811-B3-LOC-ND-L7,S260811-B3-NCP-ND-G1,"D+8 sem contato → Não CPC, entra no giro",Automático
2026-08-19,C0000169,S260811-B3-LOC-ND-L7,S260811-B3-NCP-ND-G1,"D+8 sem contato → Não CPC, entra no giro",Automático
2026-08-19,C0000184,S260811-M1-LOC-ND-L7,S260811-M1-NCP-ND-G1,"D+8 sem contato → Não CPC, entra no giro",Automático
2026-08-19,C0000213,S260811-M3-LOC-ND-L7,S260811-M3-NCP-ND-G1,"D+8 sem contato → Não CPC, entra no giro",Automático
2026-08-19,C0000272,S260811-M2-LOC-ND-L7,S260811-M2-NCP-ND-G1,"D+8 sem contato → Não CPC, entra no giro",Automático
2026-08-19,C0000281,S260811-M2-LOC-ND-L7,S260811-M2-NCP-ND-G1,"D+8 sem contato → Não CPC, entra no giro",Automático
2026-08-19,C0000338,S260811-B1-LOC-ND-L7,S260811-B1-NCP-ND-G1,"D+8 sem contato → Não CPC, entra no giro",Automático
2026-08-19,C0000384,S260811-B2-LOC-ND-L7,S260811-B2-NCP-ND-G1,"D+8 sem contato → Não CPC, entra no giro",Automático
2026-08-19,C0000395,S260811-B1-LOC-ND-L7,S260811-B1-NCP-ND-G1,"D+8 sem contato → Não CPC, entra no giro",Automático
2026-08-19,C0000055,S260812-M1-LOC-ND-L5,S260812-M1-LOC-ND-L7,localização por SMS sem contato,SMS
2026-08-19,C0000075,S260812-M2-LOC-ND-L5,S260812-M2-LOC-ND-L7,localização por SMS+E-mail sem contato,SMS
2026-08-19,C0000083,S260812-M2-LOC-ND-L5,S260812-M2-LOC-ND-L7,localização por SMS+E-mail sem contato,SMS
2026-08-19,C0000106,S260812-B3-LOC-ND-L3,S260812-B3-LOC-ND-L7,localização por SMS sem contato,SMS
2026-08-19,C0000112,S260812-A2-CPB-RC-T1,S260812-A2-CPA-RC-T1,contato no RCS → CPC A,RCS
2026-08-19,C0000123,S260812-A1-LOC-ND-L5,S260812-A1-LOC-ND-L7,localização por SMS+E-mail sem contato,SMS
2026-08-19,C0000206,S260812-M3-COL-WA,S260812-M3-PRE-WA-D-3,parcela a vencer,Sist. acordos
2026-08-19,C0000224,S260812-B1-LOC-ND-L5,S260812-B1-LOC-ND-L7,localização por SMS+E-mail sem contato,SMS
2026-08-19,C0000264,S260812-A3-LOC-ND-L5,S260812-A3-LOC-ND-L7,localização por SMS+E-mail sem contato,SMS
2026-08-19,C0000286,S260812-A1-LOC-ND-L5,S260812-A1-LOC-ND-L7,localização por SMS+E-mail sem contato,SMS
2026-08-19,C0000367,S260812-B1-LOC-ND-L5,S260812-B1-LOC-ND-L7,localização por SMS+E-mail sem contato,SMS
2026-08-19,C0000386,S260812-M1-CPA-RC-T1,S260812-M1-CPB-RC-T1,sem resposta na ação de negociação → CPC B,RCS
2026-08-19,C0000397,S260812-M2-CPB-RC-T1,S260812-M2-CPB-RC-T2,2ª tentativa no canal sem resposta,RCS
2026-08-19,C0000048,S260814-M3-LOC-ND-L3,S260814-M3-LOC-ND-L5,localização por Agente virtual+Discador sem contato,Agente virtual
2026-08-19,C0000081,S260814-A1-LOC-ND-L3,S260814-A1-LOC-ND-L5,localização por Agente virtual+Discador sem contato,Agente virtual
2026-08-19,C0000089,S260814-B2-LOC-ND-L3,S260814-B2-LOC-ND-L5,localização por Agente virtual+Discador sem contato,Agente virtual
2026-08-19,C0000091,S260814-A1-LOC-ND-L3,S260814-A1-LOC-ND-L5,localização por Agente virtual+Discador sem contato,Agente virtual
2026-08-19,C0000116,S260814-A2-LOC-ND-L3,S260814-A2-LOC-ND-L5,localização por Agente virtual+Discador sem contato,Agente virtual
2026-08-19,C0000120,S260814-M1-LOC-ND-L3,S260814-M1-LOC-ND-L5,localização por Agente virtual+Discador sem contato,Agente virtual
2026-08-19,C0000125,S260814-M1-LOC-ND-L3,S260814-M1-LOC-ND-L5,localização por Agente virtual+Discador sem contato,Agente virtual
2026-08-19,C0000183,S260814-A1-LOC-ND-L3,S260814-A1-LOC-ND-L5,localização por Agente virtual+Discador sem contato,Agente virtual
2026-08-19,C0000191,S260814-B1-LOC-ND-L3,S260814-B1-LOC-ND-L5,localização por Agente virtual+Discador sem contato,Agente virtual
2026-08-19,C0000192,S260814-M1-LOC-ND-L3,S260814-M1-LOC-ND-L5,localização por Agente virtual+Discador sem contato,Agente virtual
2026-08-19,C0000252,S260814-M2-LOC-ND-L3,S260814-M2-LOC-ND-L5,localização por Agente virtual+Discador sem contato,Agente virtual
2026-08-19,C0000257,S260814-A1-LOC-ND-L3,S260814-A1-LOC-ND-L5,localização por Agente virtual+Discador sem contato,Agente virtual
2026-08-19,C0000276,S260814-B1-LOC-ND-L3,S260814-B1-LOC-ND-L5,localização por Agente virtual+Discador sem contato,Agente virtual
2026-08-19,C0000315,S260814-M1-LOC-ND-L3,S260814-M1-LOC-ND-L5,localização por Agente virtual+Discador sem contato,Agente virtual
2026-08-19,C0000317,S260814-A3-LOC-ND-L3,S260814-A3-LOC-ND-L5,localização por Agente virtual+Discador sem contato,Agente virtual
2026-08-19,C0000342,S260814-M2-CPA-RC-T1,S260814-M2-CPB-RC-T1,sem resposta na ação de negociação → CPC B,RCS
2026-08-19,C0000360,S260814-M2-LOC-ND-L3,S260814-M2-CPA-DC-T1,contato no Discador → CPC A,Discador
2026-08-19,C0000099,S260816-M1-LOC-ND-L0,S260816-M1-LOC-ND-L3,localização por RCS sem contato,RCS
2026-08-19,C0000104,S260816-B1-LOC-ND-L0,S260816-B1-LOC-ND-L3,localização por RCS sem contato,RCS
2026-08-19,C0000108,S260816-B1-LOC-ND-L0,S260816-B1-LOC-ND-L3,localização por RCS sem contato,RCS
2026-08-19,C0000164,S260816-B2-LOC-ND-L0,S260816-B2-LOC-ND-L3,localização por RCS sem contato,RCS
2026-08-19,C0000205,S260816-M2-LOC-ND-L0,S260816-M2-CPA-RC-T1,contato no RCS → CPC A,RCS
2026-08-19,C0000205,S260816-M2-CPA-RC-T1,S260816-M2-COL-RC,acordo ativo (colchão),Sist. acordos
2026-08-19,C0000223,S260816-M1-LOC-ND-L0,S260816-M1-LOC-ND-L3,localização por RCS sem contato,RCS
2026-08-19,C0000304,S260816-M3-LOC-ND-L0,S260816-M3-LOC-ND-L3,localização por RCS sem contato,RCS
2026-08-19,C0000316,S260816-B2-LOC-ND-L0,S260816-B2-LOC-ND-L3,localização por RCS sem contato,RCS
2026-08-19,C0000327,S260816-B1-LOC-ND-L0,S260816-B1-LOC-ND-L3,localização por RCS sem contato,RCS
2026-08-19,C0000329,S260816-B1-LOC-ND-L0,S260816-B1-LOC-ND-L3,localização por RCS sem contato,RCS
2026-08-19,C0000332,S260816-B3-LOC-ND-L0,S260816-B3-LOC-ND-L3,localização por RCS sem contato,RCS
2026-08-19,C0000358,S260816-B3-LOC-ND-L0,S260816-B3-LOC-ND-L3,localização por RCS sem contato,RCS
2026-08-19,C0000393,S260816-M1-LOC-ND-L0,S260816-M1-CPA-RC-T1,contato no RCS → CPC A,RCS
2026-08-19,C0000394,S260816-M3-LOC-ND-L0,S260816-M3-LOC-ND-L3,localização por RCS sem contato,RCS
2026-08-20,C0000011,,S260820-B1-LOC-ND-L0,entrada na esteira; enriquecimento básico,Planejamento
2026-08-20,C0000025,,S260820-B3-LOC-ND-L0,entrada na esteira; enriquecimento só digital,Planejamento
2026-08-20,C0000028,,S260820-B3-LOC-ND-L0,entrada na esteira; enriquecimento só digital,Planejamento
2026-08-20,C0000032,,S260820-B2-LOC-ND-L0,entrada na esteira; enriquecimento básico,Planejamento
2026-08-20,C0000049,,S260820-M2-LOC-ND-L0,entrada na esteira; enriquecimento básico + WhatsApp válido,Planejamento
2026-08-20,C0000088,,S260820-B3-LOC-ND-L0,entrada na esteira; enriquecimento só digital,Planejamento
2026-08-20,C0000143,,S260820-B2-LOC-ND-L0,entrada na esteira; enriquecimento básico,Planejamento
2026-08-20,C0000154,,S260820-M1-LOC-ND-L0,entrada na esteira; enriquecimento completo,Planejamento
2026-08-20,C0000159,,S260820-B1-LOC-ND-L0,entrada na esteira; enriquecimento básico,Planejamento
2026-08-20,C0000171,,S260820-M1-LOC-ND-L0,entrada na esteira; enriquecimento completo,Planejamento
2026-08-20,C0000180,,S260820-B1-LOC-ND-L0,entrada na esteira; enriquecimento básico,Planejamento
2026-08-20,C0000207,,S260820-B3-LOC-ND-L0,entrada na esteira; enriquecimento só digital,Planejamento
2026-08-20,C0000230,,S260820-M3-LOC-ND-L0,entrada na esteira; enriquecimento básico,Planejamento
2026-08-20,C0000253,,S260820-A1-LOC-ND-L0,entrada na esteira; enriquecimento completo,Planejamento
2026-08-20,C0000263,,S260820-M1-LOC-ND-L0,entrada na esteira; enriquecimento completo,Planejamento
2026-08-20,C0000309,,S260820-M1-LOC-ND-L0,entrada na esteira; enriquecimento completo,Planejamento
2026-08-20,C0000328,,S260820-M3-LOC-ND-L0,entrada na esteira; enriquecimento básico,Planejamento
2026-08-20,C0000346,,S260820-M1-LOC-ND-L0,entrada na esteira; enriquecimento completo,Planejamento
2026-08-20,C0000349,,S260820-B2-LOC-ND-L0,entrada na esteira; enriquecimento básico,Planejamento
2026-08-20,C0000013,S260803-M2-NCP-ND-G1,S260803-M2-NCP-ND-G2,2º ciclo de giro,Automático
2026-08-20,C0000072,S260803-A2-NCP-ND-G1,S260803-A2-NCP-ND-G2,2º ciclo de giro,Automático
2026-08-20,C0000082,S260803-B2-NCP-ND-G1,S260803-B2-NCP-ND-G2,2º ciclo de giro,Automático
2026-08-20,C0000136,S260803-B1-NCP-ND-G1,S260803-B1-NCP-ND-G2,2º ciclo de giro,Automático
2026-08-20,C0000156,S260803-M3-NCP-ND-G1,S260803-M3-NCP-ND-G2,2º ciclo de giro,Automático
2026-08-20,C0000197,S260803-M2-NCP-ND-G1,S260803-M2-NCP-ND-G2,2º ciclo de giro,Automático
2026-08-20,C0000208,S260803-A3-NCP-ND-G1,S260803-A3-NCP-ND-G2,2º ciclo de giro,Automático
2026-08-20,C0000300,S260803-M1-NCP-ND-G1,S260803-M1-NCP-ND-G2,2º ciclo de giro,Automático
2026-08-20,C0000343,S260803-M2-NCP-ND-G1,S260803-M2-NCP-ND-G2,2º ciclo de giro,Automático
2026-08-20,C0000355,S260803-B2-NCP-ND-G1,S260803-B2-NCP-ND-G2,2º ciclo de giro,Automático
2026-08-20,C0000283,S260805-B2-CPA-DC-T1,S260805-B2-CPB-DC-T1,sem resposta na ação de negociação → CPC B,Discador
2026-08-20,C0000163,S260806-M1-COL-AV,S260806-M1-PRE-AV-D-3,parcela a vencer,Sist. acordos
2026-08-20,C0000233,S260809-M2-NCP-ND-G1,S260809-M2-CPA-RC-T1,contato no RCS → CPC A,RCS
2026-08-20,C0000295,S260809-M1-NCP-ND-G1,S260809-M1-CPA-RC-T1,contato no RCS → CPC A,RCS
2026-08-20,C0000337,S260809-B3-NCP-ND-G1,S260809-B3-CPA-RC-T1,contato no RCS → CPC A,RCS
2026-08-20,C0000337,S260809-B3-CPA-RC-T1,S260809-B3-COL-RC,acordo ativo (colchão),Sist. acordos
2026-08-20,C0000055,S260812-M1-LOC-ND-L7,S260812-M1-NCP-ND-G1,"D+8 sem contato → Não CPC, entra no giro",Automático
2026-08-20,C0000075,S260812-M2-LOC-ND-L7,S260812-M2-NCP-ND-G1,"D+8 sem contato → Não CPC, entra no giro",Automático
2026-08-20,C0000083,S260812-M2-LOC-ND-L7,S260812-M2-NCP-ND-G1,"D+8 sem contato → Não CPC, entra no giro",Automático
2026-08-20,C0000106,S260812-B3-LOC-ND-L7,S260812-B3-NCP-ND-G1,"D+8 sem contato → Não CPC, entra no giro",Automático
2026-08-20,C0000123,S260812-A1-LOC-ND-L7,S260812-A1-NCP-ND-G1,"D+8 sem contato → Não CPC, entra no giro",Automático
2026-08-20,C0000161,S260812-M2-LOC-ND-L5,S260812-M2-NCP-ND-G1,"D+8 sem contato → Não CPC, entra no giro",Automático
2026-08-20,C0000206,S260812-M3-PRE-WA-D-3,S260812-M3-PRE-WA-D-2,parcela a vencer,Sist. acordos
2026-08-20,C0000206,S260812-M3-PRE-WA-D-2,S260812-M3-PRE-RC-D-2,contato no RCS,RCS
2026-08-20,C0000224,S260812-B1-LOC-ND-L7,S260812-B1-NCP-ND-G1,"D+8 sem contato → Não CPC, entra no giro",Automático
2026-08-20,C0000264,S260812-A3-LOC-ND-L7,S260812-A3-NCP-ND-G1,"D+8 sem contato → Não CPC, entra no giro",Automático
2026-08-20,C0000286,S260812-A1-LOC-ND-L7,S260812-A1-NCP-ND-G1,"D+8 sem contato → Não CPC, entra no giro",Automático
2026-08-20,C0000367,S260812-B1-LOC-ND-L7,S260812-B1-NCP-ND-G1,"D+8 sem contato → Não CPC, entra no giro",Automático
2026-08-20,C0000016,S260813-M1-LOC-ND-L5,S260813-M1-LOC-ND-L7,localização por SMS+E-mail sem contato,SMS
2026-08-20,C0000052,S260813-B1-LOC-ND-L5,S260813-B1-LOC-ND-L7,localização por SMS+E-mail sem contato,SMS
2026-08-20,C0000115,S260813-A3-LOC-ND-L5,S260813-A3-LOC-ND-L7,localização por SMS+E-mail sem contato,SMS
2026-08-20,C0000128,S260813-B1-LOC-ND-L5,S260813-B1-LOC-ND-L7,localização por SMS+E-mail sem contato,SMS
2026-08-20,C0000145,S260813-A1-LOC-ND-L5,S260813-A1-LOC-ND-L7,localização por SMS sem contato,SMS
2026-08-20,C0000187,S260813-M1-LOC-ND-L5,S260813-M1-LOC-ND-L7,localização por SMS+E-mail sem contato,SMS
2026-08-20,C0000232,S260813-A3-CPA-AV-T1,S260813-A3-CPB-AV-T1,sem resposta na ação de negociação → CPC B,Agente virtual
2026-08-20,C0000275,S260813-A2-LOC-ND-L5,S260813-A2-LOC-ND-L7,localização por SMS+E-mail sem contato,SMS
2026-08-20,C0000302,S260813-M2-LOC-ND-L5,S260813-M2-LOC-ND-L7,localização por SMS sem contato,SMS
2026-08-20,C0000305,S260813-B3-LOC-ND-L0,S260813-B3-LOC-ND-L7,localização por SMS+E-mail sem contato,SMS
2026-08-20,C0000319,S260813-M1-LOC-ND-L5,S260813-M1-LOC-ND-L7,localização por SMS+E-mail sem contato,SMS
2026-08-20,C0000321,S260813-M3-LOC-ND-L5,S260813-M3-LOC-ND-L7,localização por SMS+E-mail sem contato,SMS
2026-08-20,C0000324,S260813-M1-LOC-ND-L5,S260813-M1-LOC-ND-L7,localização por SMS+E-mail sem contato,SMS
2026-08-20,C0000325,S260813-B1-LOC-ND-L5,S260813-B1-LOC-ND-L7,localização por SMS+E-mail sem contato,SMS
2026-08-20,C0000356,S260813-B1-LOC-ND-L5,S260813-B1-LOC-ND-L7,localização por SMS+E-mail sem contato,SMS
2026-08-20,C0000374,S260813-M2-LOC-ND-L5,S260813-M2-LOC-ND-L7,localização por SMS+E-mail sem contato,SMS
2026-08-20,C0000376,S260813-M2-LOC-ND-L5,S260813-M2-LOC-ND-L7,localização por SMS sem contato,SMS
2026-08-20,C0000398,S260813-B1-CPA-DC-T1,S260813-B1-CPB-DC-T1,sem resposta na ação de negociação → CPC B,Discador
2026-08-20,C0000040,S260815-B1-LOC-ND-L3,S260815-B1-LOC-ND-L5,localização por Agente virtual+Discador sem contato,Agente virtual
2026-08-20,C0000068,S260815-M2-LOC-ND-L3,S260815-M2-LOC-ND-L5,localização por Agente virtual+Discador sem contato,Agente virtual
2026-08-20,C0000078,S260815-B2-LOC-ND-L3,S260815-B2-LOC-ND-L5,localização por Agente virtual+Discador sem contato,Agente virtual
2026-08-20,C0000133,S260815-M2-LOC-ND-L3,S260815-M2-LOC-ND-L5,localização por Agente virtual+Discador sem contato,Agente virtual
2026-08-20,C0000153,S260815-M2-LOC-ND-L3,S260815-M2-LOC-ND-L5,localização por Agente virtual+Discador sem contato,Agente virtual
2026-08-20,C0000196,S260815-B2-LOC-ND-L3,S260815-B2-LOC-ND-L5,localização por Agente virtual+Discador sem contato,Agente virtual
2026-08-20,C0000270,S260815-B1-LOC-ND-L3,S260815-B1-LOC-ND-L5,localização por Agente virtual+Discador sem contato,Agente virtual
2026-08-20,C0000362,S260815-A2-LOC-ND-L3,S260815-A2-LOC-ND-L5,localização por Agente virtual+Discador sem contato,Agente virtual
2026-08-20,C0000385,S260815-A1-LOC-ND-L3,S260815-A1-CPA-DC-T1,contato no Discador → CPC A,Discador
2026-08-20,C0000385,S260815-A1-CPA-DC-T1,S260815-A1-COL-DC,acordo ativo (colchão),Sist. acordos
2026-08-20,C0000006,S260817-A2-LOC-ND-L0,S260817-A2-LOC-ND-L3,localização por RCS sem contato,RCS
2026-08-20,C0000031,S260817-A1-LOC-ND-L0,S260817-A1-LOC-ND-L3,localização por RCS sem contato,RCS
2026-08-20,C0000051,S260817-A3-LOC-ND-L0,S260817-A3-LOC-ND-L3,localização por RCS sem contato,RCS
2026-08-20,C0000056,S260817-A1-LOC-ND-L0,S260817-A1-LOC-ND-L3,localização por RCS sem contato,RCS
2026-08-20,C0000058,S260817-A1-LOC-ND-L0,S260817-A1-LOC-ND-L3,localização por RCS sem contato,RCS
2026-08-20,C0000065,S260817-A2-LOC-ND-L0,S260817-A2-LOC-ND-L3,localização por RCS sem contato,RCS
2026-08-20,C0000114,S260817-M1-LOC-ND-L0,S260817-M1-LOC-ND-L3,localização por RCS sem contato,RCS
2026-08-20,C0000211,S260817-A1-LOC-ND-L0,S260817-A1-LOC-ND-L3,localização por RCS sem contato,RCS
2026-08-20,C0000219,S260817-M1-LOC-ND-L0,S260817-M1-LOC-ND-L3,localização por RCS sem contato,RCS
2026-08-20,C0000222,S260817-A3-LOC-ND-L0,S260817-A3-LOC-ND-L3,localização por RCS sem contato,RCS
2026-08-20,C0000246,S260817-M2-LOC-ND-L0,S260817-M2-LOC-ND-L3,localização por RCS sem contato,RCS
2026-08-20,C0000278,S260817-M3-LOC-ND-L0,S260817-M3-LOC-ND-L3,localização por RCS sem contato,RCS
2026-08-20,C0000334,S260817-B1-LOC-ND-L0,S260817-B1-LOC-ND-L3,localização por RCS sem contato,RCS
2026-08-20,C0000340,S260817-M2-LOC-ND-L0,S260817-M2-LOC-ND-L3,localização por RCS sem contato,RCS
2026-08-20,C0000373,S260817-M3-LOC-ND-L0,S260817-M3-LOC-ND-L3,localização por RCS sem contato,RCS
2026-08-20,C0000396,S260817-M3-LOC-ND-L0,S260817-M3-LOC-ND-L3,localização por RCS sem contato,RCS
2026-08-21,C0000018,,S260821-B2-LOC-ND-L0,entrada na esteira; enriquecimento básico,Planejamento
2026-08-21,C0000033,,S260821-M3-LOC-ND-L0,entrada na esteira; enriquecimento básico,Planejamento
2026-08-21,C0000035,,S260821-M3-LOC-ND-L0,entrada na esteira; enriquecimento básico,Planejamento
2026-08-21,C0000044,,S260821-B1-LOC-ND-L0,entrada na esteira; enriquecimento básico,Planejamento
2026-08-21,C0000047,,S260821-M2-LOC-ND-L0,entrada na esteira; enriquecimento básico + WhatsApp válido,Planejamento
2026-08-21,C0000053,,S260821-B1-LOC-ND-L0,entrada na esteira; enriquecimento básico,Planejamento
2026-08-21,C0000059,,S260821-B1-LOC-ND-L0,entrada na esteira; enriquecimento básico,Planejamento
2026-08-21,C0000121,,S260821-M1-LOC-ND-L0,entrada na esteira; enriquecimento completo,Planejamento
2026-08-21,C0000146,,S260821-B1-LOC-ND-L0,entrada na esteira; enriquecimento básico,Planejamento
2026-08-21,C0000212,,S260821-A2-LOC-ND-L0,entrada na esteira; enriquecimento completo + novos telefones,Planejamento
2026-08-21,C0000236,,S260821-A1-LOC-ND-L0,entrada na esteira; enriquecimento completo,Planejamento
2026-08-21,C0000298,,S260821-M3-LOC-ND-L0,entrada na esteira; enriquecimento básico,Planejamento
2026-08-21,C0000306,,S260821-A1-LOC-ND-L0,entrada na esteira; enriquecimento completo,Planejamento
2026-08-21,C0000307,,S260821-B1-LOC-ND-L0,entrada na esteira; enriquecimento básico,Planejamento
2026-08-21,C0000322,,S260821-M2-LOC-ND-L0,entrada na esteira; enriquecimento básico + WhatsApp válido,Planejamento
2026-08-21,C0000352,,S260821-A2-LOC-ND-L0,entrada na esteira; enriquecimento completo + novos telefones,Planejamento
2026-08-21,C0000096,S260803-M2-CPB-RC-T2,S260803-M2-CPB-RC-T3,3ª tentativa no canal sem resposta,RCS
2026-08-21,C0000347,S260803-M1-CPB-AV-T1,S260803-M1-CPA-DC-T1,contato no Discador → CPC A,Discador
2026-08-21,C0000020,S260804-B3-NCP-ND-G1,S260804-B3-NCP-ND-G2,2º ciclo de giro,Automático
2026-08-21,C0000038,S260804-A1-NCP-ND-G1,S260804-A1-NCP-ND-G2,2º ciclo de giro,Automático
2026-08-21,C0000139,S260804-M1-NCP-ND-G1,S260804-M1-NCP-ND-G2,2º ciclo de giro,Automático
2026-08-21,C0000150,S260804-B2-CPA-EM-T1,S260804-B2-CPB-EM-T1,sem resposta na ação de negociação → CPC B,E-mail
2026-08-21,C0000182,S260804-B3-NCP-ND-G1,S260804-B3-NCP-ND-G2,2º ciclo de giro,Automático
2026-08-21,C0000201,S260804-M3-CPB-AV-T2,S260804-M3-CPB-AV-T3,3ª tentativa no canal sem resposta,Agente virtual
2026-08-21,C0000250,S260804-M1-CPB-AV-T2,S260804-M1-CPB-AV-T3,3ª tentativa no canal sem resposta,Agente virtual
2026-08-21,C0000293,S260804-B2-NCP-ND-G1,S260804-B2-NCP-ND-G2,2º ciclo de giro,Automático
2026-08-21,C0000348,S260804-A1-NCP-ND-G1,S260804-A1-NCP-ND-G2,2º ciclo de giro,Automático
2026-08-21,C0000351,S260804-M3-NCP-ND-G1,S260804-M3-NCP-ND-G2,2º ciclo de giro,Automático
2026-08-21,C0000390,S260804-A2-NCP-ND-G1,S260804-A2-NCP-ND-G2,2º ciclo de giro,Automático
2026-08-21,C0000026,S260806-B1-CPB-DC-T1,S260806-B1-CPB-DC-T2,2ª tentativa no canal sem resposta,Discador
2026-08-21,C0000061,S260806-B1-CPB-DC-T1,S260806-B1-CPB-DC-T2,2ª tentativa no canal sem resposta,Discador
2026-08-21,C0000067,S260806-M1-CPB-SM-T1,S260806-M1-CPB-SM-T2,2ª tentativa no canal sem resposta,SMS
2026-08-21,C0000103,S260806-A1-CPB-DC-T1,S260806-A1-CPB-DC-T2,2ª tentativa no canal sem resposta,Discador
2026-08-21,C0000137,S260806-A1-CPB-SM-T1,S260806-A1-CPB-SM-T2,2ª tentativa no canal sem resposta,SMS
2026-08-21,C0000163,S260806-M1-PRE-AV-D-3,S260806-M1-PRE-AV-D-2,parcela a vencer,Sist. acordos
2026-08-21,C0000216,S260806-A1-CPB-WA-T2,S260806-A1-CPB-WA-T3,3ª tentativa no canal sem resposta,WhatsApp
2026-08-21,C0000261,S260806-M1-CPB-RC-T1,S260806-M1-CPB-RC-T2,2ª tentativa no canal sem resposta,RCS
2026-08-21,C0000333,S260806-A2-CPB-RC-T1,S260806-A2-CPA-RC-T1,contato no RCS → CPC A,RCS
2026-08-21,C0000166,S260807-M2-CPA-RC-T1,S260807-M2-CPB-RC-T1,sem resposta na ação de negociação → CPC B,RCS
2026-08-21,C0000202,S260807-M1-CPB-DC-T3,S260807-M1-CPB-SM-T1,rotação de canal para SMS,SMS
2026-08-21,C0000189,S260808-B2-CPA-RC-T1,S260808-B2-CPB-RC-T1,sem resposta na ação de negociação → CPC B,RCS
2026-08-21,C0000226,S260808-A3-NCP-ND-G1,S260808-A3-CPA-DC-T1,contato no Discador → CPC A,Discador
2026-08-21,C0000226,S260808-A3-CPA-DC-T1,S260808-A3-COL-DC,acordo ativo (colchão),Sist. acordos
2026-08-21,C0000070,S260809-M1-CPB-RC-T3,S260809-M1-CPB-AV-T1,rotação de canal para Agente virtual,Agente virtual
2026-08-21,C0000210,S260809-M3-CPB-AV-T2,S260809-M3-CPB-AV-T3,3ª tentativa no canal sem resposta,Agente virtual
2026-08-21,C0000107,S260810-M1-CPB-RC-T3,S260810-M1-CPB-AV-T1,rotação de canal para Agente virtual,Agente virtual
2026-08-21,C0000106,S260812-B3-NCP-ND-G1,S260812-B3-CPA-WA-T1,contato no WhatsApp → CPC A,WhatsApp
2026-08-21,C0000112,S260812-A2-CPA-RC-T1,S260812-A2-CPB-RC-T1,sem resposta na ação de negociação → CPC B,RCS
2026-08-21,C0000206,S260812-M3-PRE-RC-D-2,S260812-M3-PRE-RC-D-1,parcela a vencer,Sist. acordos
2026-08-21,C0000386,S260812-M1-CPB-RC-T1,S260812-M1-CPA-RC-T1,contato no RCS → CPC A,RCS
2026-08-21,C0000386,S260812-M1-CPA-RC-T1,S260812-M1-COL-RC,acordo ativo (colchão),Sist. acordos
2026-08-21,C0000397,S260812-M2-CPB-RC-T2,S260812-M2-CPB-RC-T3,3ª tentativa no canal sem resposta,RCS
2026-08-21,C0000016,S260813-M1-LOC-ND-L7,S260813-M1-NCP-ND-G1,"D+8 sem contato → Não CPC, entra no giro",Automático
2026-08-21,C0000052,S260813-B1-LOC-ND-L7,S260813-B1-NCP-ND-G1,"D+8 sem contato → Não CPC, entra no giro",Automático
2026-08-21,C0000115,S260813-A3-LOC-ND-L7,S260813-A3-NCP-ND-G1,"D+8 sem contato → Não CPC, entra no giro",Automático
2026-08-21,C0000128,S260813-B1-LOC-ND-L7,S260813-B1-NCP-ND-G1,"D+8 sem contato → Não CPC, entra no giro",Automático
2026-08-21,C0000145,S260813-A1-LOC-ND-L7,S260813-A1-NCP-ND-G1,"D+8 sem contato → Não CPC, entra no giro",Automático
2026-08-21,C0000187,S260813-M1-LOC-ND-L7,S260813-M1-NCP-ND-G1,"D+8 sem contato → Não CPC, entra no giro",Automático
2026-08-21,C0000275,S260813-A2-LOC-ND-L7,S260813-A2-NCP-ND-G1,"D+8 sem contato → Não CPC, entra no giro",Automático
2026-08-21,C0000302,S260813-M2-LOC-ND-L7,S260813-M2-NCP-ND-G1,"D+8 sem contato → Não CPC, entra no giro",Automático
2026-08-21,C0000305,S260813-B3-LOC-ND-L7,S260813-B3-NCP-ND-G1,"D+8 sem contato → Não CPC, entra no giro",Automático
2026-08-21,C0000319,S260813-M1-LOC-ND-L7,S260813-M1-NCP-ND-G1,"D+8 sem contato → Não CPC, entra no giro",Automático
2026-08-21,C0000321,S260813-M3-LOC-ND-L7,S260813-M3-NCP-ND-G1,"D+8 sem contato → Não CPC, entra no giro",Automático
2026-08-21,C0000324,S260813-M1-LOC-ND-L7,S260813-M1-NCP-ND-G1,"D+8 sem contato → Não CPC, entra no giro",Automático
2026-08-21,C0000325,S260813-B1-LOC-ND-L7,S260813-B1-NCP-ND-G1,"D+8 sem contato → Não CPC, entra no giro",Automático
2026-08-21,C0000330,S260813-B1-LOC-ND-L5,S260813-B1-NCP-ND-G1,"D+8 sem contato → Não CPC, entra no giro",Automático
2026-08-21,C0000356,S260813-B1-LOC-ND-L7,S260813-B1-NCP-ND-G1,"D+8 sem contato → Não CPC, entra no giro",Automático
2026-08-21,C0000374,S260813-M2-LOC-ND-L7,S260813-M2-NCP-ND-G1,"D+8 sem contato → Não CPC, entra no giro",Automático
2026-08-21,C0000376,S260813-M2-LOC-ND-L7,S260813-M2-NCP-ND-G1,"D+8 sem contato → Não CPC, entra no giro",Automático
2026-08-21,C0000048,S260814-M3-LOC-ND-L5,S260814-M3-LOC-ND-L7,localização por SMS+E-mail sem contato,SMS
2026-08-21,C0000081,S260814-A1-LOC-ND-L5,S260814-A1-LOC-ND-L7,localização por SMS+E-mail sem contato,SMS
2026-08-21,C0000089,S260814-B2-LOC-ND-L5,S260814-B2-LOC-ND-L7,localização por SMS+E-mail sem contato,SMS
2026-08-21,C0000091,S260814-A1-LOC-ND-L5,S260814-A1-LOC-ND-L7,localização por SMS+E-mail sem contato,SMS
2026-08-21,C0000116,S260814-A2-LOC-ND-L5,S260814-A2-LOC-ND-L7,localização por SMS+E-mail sem contato,SMS
2026-08-21,C0000120,S260814-M1-LOC-ND-L5,S260814-M1-LOC-ND-L7,localização por SMS+E-mail sem contato,SMS
2026-08-21,C0000125,S260814-M1-LOC-ND-L5,S260814-M1-CPA-SM-T1,contato no SMS → CPC A,SMS
2026-08-21,C0000125,S260814-M1-CPA-SM-T1,S260814-M1-COL-SM,acordo ativo (colchão),Sist. acordos
2026-08-21,C0000183,S260814-A1-LOC-ND-L5,S260814-A1-LOC-ND-L7,localização por SMS+E-mail sem contato,SMS
2026-08-21,C0000191,S260814-B1-LOC-ND-L5,S260814-B1-LOC-ND-L7,localização por SMS+E-mail sem contato,SMS
2026-08-21,C0000192,S260814-M1-LOC-ND-L5,S260814-M1-LOC-ND-L7,localização por SMS+E-mail sem contato,SMS
2026-08-21,C0000252,S260814-M2-LOC-ND-L5,S260814-M2-LOC-ND-L7,localização por SMS+E-mail sem contato,SMS
2026-08-21,C0000257,S260814-A1-LOC-ND-L5,S260814-A1-LOC-ND-L7,localização por SMS+E-mail sem contato,SMS
2026-08-21,C0000276,S260814-B1-LOC-ND-L5,S260814-B1-CPA-EM-T1,contato no E-mail → CPC A,E-mail
2026-08-21,C0000276,S260814-B1-CPA-EM-T1,S260814-B1-COL-EM,acordo ativo (colchão),Sist. acordos
2026-08-21,C0000315,S260814-M1-LOC-ND-L5,S260814-M1-LOC-ND-L7,localização por SMS sem contato,SMS
2026-08-21,C0000317,S260814-A3-LOC-ND-L5,S260814-A3-LOC-ND-L7,localização por SMS+E-mail sem contato,SMS
2026-08-21,C0000342,S260814-M2-CPB-RC-T1,S260814-M2-CPB-RC-T2,2ª tentativa no canal sem resposta,RCS
2026-08-21,C0000360,S260814-M2-CPA-DC-T1,S260814-M2-CPB-DC-T1,sem resposta na ação de negociação → CPC B,Discador
2026-08-21,C0000099,S260816-M1-LOC-ND-L3,S260816-M1-LOC-ND-L5,localização por Agente virtual+Discador sem contato,Agente virtual
2026-08-21,C0000104,S260816-B1-LOC-ND-L3,S260816-B1-LOC-ND-L5,localização por Agente virtual+Discador sem contato,Agente virtual
2026-08-21,C0000108,S260816-B1-LOC-ND-L3,S260816-B1-CPA-AV-T1,contato no Agente virtual → CPC A,Agente virtual
2026-08-21,C0000164,S260816-B2-LOC-ND-L3,S260816-B2-LOC-ND-L5,localização por Agente virtual+Discador sem contato,Agente virtual
2026-08-21,C0000223,S260816-M1-LOC-ND-L3,S260816-M1-LOC-ND-L5,localização por Agente virtual+Discador sem contato,Agente virtual
2026-08-21,C0000304,S260816-M3-LOC-ND-L3,S260816-M3-LOC-ND-L5,localização por Agente virtual+Discador sem contato,Agente virtual
2026-08-21,C0000316,S260816-B2-LOC-ND-L3,S260816-B2-LOC-ND-L5,localização por Agente virtual+Discador sem contato,Agente virtual
2026-08-21,C0000327,S260816-B1-LOC-ND-L3,S260816-B1-LOC-ND-L5,localização por Agente virtual+Discador sem contato,Agente virtual
2026-08-21,C0000329,S260816-B1-LOC-ND-L3,S260816-B1-LOC-ND-L5,localização por Agente virtual+Discador sem contato,Agente virtual
2026-08-21,C0000393,S260816-M1-CPA-RC-T1,S260816-M1-CPB-RC-T1,sem resposta na ação de negociação → CPC B,RCS
2026-08-21,C0000394,S260816-M3-LOC-ND-L3,S260816-M3-LOC-ND-L5,localização por Agente virtual+Discador sem contato,Agente virtual
2026-08-21,C0000029,S260818-B3-LOC-ND-L0,S260818-B3-LOC-ND-L3,localização por RCS sem contato,RCS
2026-08-21,C0000060,S260818-M1-LOC-ND-L0,S260818-M1-CPA-RC-T1,contato no RCS → CPC A,RCS
2026-08-21,C0000060,S260818-M1-CPA-RC-T1,S260818-M1-COL-RC,acordo ativo (colchão),Sist. acordos
2026-08-21,C0000109,S260818-B3-LOC-ND-L0,S260818-B3-LOC-ND-L3,localização por RCS sem contato,RCS
2026-08-21,C0000110,S260818-M1-LOC-ND-L0,S260818-M1-LOC-ND-L3,localização por RCS sem contato,RCS
2026-08-21,C0000118,S260818-A2-LOC-ND-L0,S260818-A2-LOC-ND-L3,localização por RCS sem contato,RCS
2026-08-21,C0000132,S260818-A2-LOC-ND-L0,S260818-A2-CPA-RC-T1,contato no RCS → CPC A,RCS
2026-08-21,C0000140,S260818-M2-LOC-ND-L0,S260818-M2-LOC-ND-L3,localização por RCS sem contato,RCS
2026-08-21,C0000149,S260818-M2-LOC-ND-L0,S260818-M2-CPA-RC-T1,contato no RCS → CPC A,RCS
2026-08-21,C0000160,S260818-B3-LOC-ND-L0,S260818-B3-LOC-ND-L3,localização por RCS sem contato,RCS
2026-08-21,C0000170,S260818-M2-LOC-ND-L0,S260818-M2-LOC-ND-L3,localização por RCS sem contato,RCS
2026-08-21,C0000204,S260818-M1-LOC-ND-L0,S260818-M1-LOC-ND-L3,localização por RCS sem contato,RCS
2026-08-21,C0000221,S260818-B2-LOC-ND-L0,S260818-B2-LOC-ND-L3,localização por RCS sem contato,RCS
2026-08-21,C0000231,S260818-M3-LOC-ND-L0,S260818-M3-LOC-ND-L3,localização por RCS sem contato,RCS
2026-08-21,C0000235,S260818-M1-LOC-ND-L0,S260818-M1-LOC-ND-L3,localização por RCS sem contato,RCS
2026-08-21,C0000248,S260818-M2-LOC-ND-L0,S260818-M2-LOC-ND-L3,localização por RCS sem contato,RCS
2026-08-21,C0000280,S260818-A3-LOC-ND-L0,S260818-A3-LOC-ND-L3,localização por RCS sem contato,RCS
2026-08-21,C0000291,S260818-B1-LOC-ND-L0,S260818-B1-LOC-ND-L3,localização por RCS sem contato,RCS
2026-08-21,C0000318,S260818-B3-LOC-ND-L0,S260818-B3-LOC-ND-L3,localização por RCS sem contato,RCS
2026-08-21,C0000011,S260820-B1-LOC-ND-L0,S260820-B1-LOC-ND-L1,localização por WhatsApp sem contato,WhatsApp
2026-08-21,C0000025,S260820-B3-LOC-ND-L0,S260820-B3-LOC-ND-L1,localização por WhatsApp sem contato,WhatsApp
2026-08-21,C0000028,S260820-B3-LOC-ND-L0,S260820-B3-LOC-ND-L1,localização por WhatsApp sem contato,WhatsApp
2026-08-21,C0000032,S260820-B2-LOC-ND-L0,S260820-B2-LOC-ND-L1,localização por WhatsApp sem contato,WhatsApp
2026-08-21,C0000049,S260820-M2-LOC-ND-L0,S260820-M2-LOC-ND-L1,localização por WhatsApp sem contato,WhatsApp
2026-08-21,C0000088,S260820-B3-LOC-ND-L0,S260820-B3-LOC-ND-L1,localização por WhatsApp sem contato,WhatsApp
2026-08-21,C0000143,S260820-B2-LOC-ND-L0,S260820-B2-CPA-WA-T1,contato no WhatsApp → CPC A,WhatsApp
2026-08-21,C0000154,S260820-M1-LOC-ND-L0,S260820-M1-LOC-ND-L1,localização por WhatsApp sem contato,WhatsApp
2026-08-21,C0000159,S260820-B1-LOC-ND-L0,S260820-B1-LOC-ND-L1,localização por WhatsApp sem contato,WhatsApp
2026-08-21,C0000171,S260820-M1-LOC-ND-L0,S260820-M1-LOC-ND-L1,localização por WhatsApp sem contato,WhatsApp
2026-08-21,C0000180,S260820-B1-LOC-ND-L0,S260820-B1-LOC-ND-L1,localização por WhatsApp sem contato,WhatsApp
2026-08-21,C0000207,S260820-B3-LOC-ND-L0,S260820-B3-LOC-ND-L1,localização por WhatsApp sem contato,WhatsApp
2026-08-21,C0000230,S260820-M3-LOC-ND-L0,S260820-M3-LOC-ND-L1,localização por WhatsApp sem contato,WhatsApp
2026-08-21,C0000263,S260820-M1-LOC-ND-L0,S260820-M1-LOC-ND-L1,localização por WhatsApp sem contato,WhatsApp
2026-08-21,C0000309,S260820-M1-LOC-ND-L0,S260820-M1-LOC-ND-L1,localização por WhatsApp sem contato,WhatsApp
2026-08-21,C0000346,S260820-M1-LOC-ND-L0,S260820-M1-LOC-ND-L1,localização por WhatsApp sem contato,WhatsApp
2026-08-21,C0000349,S260820-B2-LOC-ND-L0,S260820-B2-LOC-ND-L1,localização por WhatsApp sem contato,WhatsApp
2026-08-22,C0000042,,S260822-B1-LOC-ND-L0,entrada na esteira; enriquecimento básico,Planejamento
2026-08-22,C0000057,,S260822-B1-LOC-ND-L0,entrada na esteira; enriquecimento básico,Planejamento
2026-08-22,C0000086,,S260822-A3-LOC-ND-L0,entrada na esteira; enriquecimento completo + localizador,Planejamento
2026-08-22,C0000095,,S260822-M1-LOC-ND-L0,entrada na esteira; enriquecimento completo,Planejamento
2026-08-22,C0000124,,S260822-B1-LOC-ND-L0,entrada na esteira; enriquecimento básico,Planejamento
2026-08-22,C0000135,,S260822-B3-LOC-ND-L0,entrada na esteira; enriquecimento só digital,Planejamento
2026-08-22,C0000157,,S260822-B1-LOC-ND-L0,entrada na esteira; enriquecimento básico,Planejamento
2026-08-22,C0000199,,S260822-A3-LOC-ND-L0,entrada na esteira; enriquecimento completo + localizador,Planejamento
2026-08-22,C0000237,,S260822-A2-LOC-ND-L0,entrada na esteira; enriquecimento completo + novos telefones,Planejamento
2026-08-22,C0000313,,S260822-A3-LOC-ND-L0,entrada na esteira; enriquecimento completo + localizador,Planejamento
2026-08-22,C0000339,,S260822-B2-LOC-ND-L0,entrada na esteira; enriquecimento básico,Planejamento
2026-08-22,C0000341,,S260822-A1-LOC-ND-L0,entrada na esteira; enriquecimento completo,Planejamento
2026-08-22,C0000354,,S260822-B1-LOC-ND-L0,entrada na esteira; enriquecimento básico,Planejamento
2026-08-22,C0000383,,S260822-M2-LOC-ND-L0,entrada na esteira; enriquecimento básico + WhatsApp válido,Planejamento
2026-08-22,C0000300,S260803-M1-NCP-ND-G2,S260803-M1-CPA-RC-T1,contato no RCS → CPC A,RCS
2026-08-22,C0000355,S260803-B2-NCP-ND-G2,S260803-B2-CPA-RC-T1,contato no RCS → CPC A,RCS
2026-08-22,C0000002,S260805-B1-NCP-ND-G1,S260805-B1-CPA-WA-T1,contato no WhatsApp → CPC A,WhatsApp
2026-08-22,C0000002,S260805-B1-CPA-WA-T1,S260805-B1-COL-WA,acordo ativo (colchão),Sist. acordos
2026-08-22,C0000009,S260805-M1-NCP-ND-G1,S260805-M1-NCP-ND-G2,2º ciclo de giro,Automático
2026-08-22,C0000084,S260805-M3-NCP-ND-G1,S260805-M3-NCP-ND-G2,2º ciclo de giro,Automático
2026-08-22,C0000177,S260805-B2-NCP-ND-G1,S260805-B2-CPA-WA-T1,contato no WhatsApp → CPC A,WhatsApp
2026-08-22,C0000177,S260805-B2-CPA-WA-T1,S260805-B2-COL-WA,acordo ativo (colchão),Sist. acordos
2026-08-22,C0000181,S260805-B2-NCP-ND-G1,S260805-B2-NCP-ND-G2,2º ciclo de giro,Automático
2026-08-22,C0000194,S260805-A2-NCP-ND-G1,S260805-A2-NCP-ND-G2,2º ciclo de giro,Automático
2026-08-22,C0000244,S260805-B3-NCP-ND-G1,S260805-B3-NCP-ND-G2,2º ciclo de giro,Automático
2026-08-22,C0000283,S260805-B2-CPB-DC-T1,S260805-B2-CPB-DC-T2,2ª tentativa no canal sem resposta,Discador
2026-08-22,C0000285,S260805-B1-NCP-ND-G1,S260805-B1-NCP-ND-G2,2º ciclo de giro,Automático
2026-08-22,C0000163,S260806-M1-PRE-AV-D-2,S260806-M1-PRE-AV-D-1,parcela a vencer,Sist. acordos
2026-08-22,C0000015,S260808-M2-COL-RC,S260808-M2-PRE-RC-D-3,parcela a vencer,Sist. acordos
2026-08-22,C0000233,S260809-M2-CPA-RC-T1,S260809-M2-CPB-RC-T1,sem resposta na ação de negociação → CPC B,RCS
2026-08-22,C0000295,S260809-M1-CPA-RC-T1,S260809-M1-CPB-RC-T1,sem resposta na ação de negociação → CPC B,RCS
2026-08-22,C0000050,S260811-A1-NCP-ND-G1,S260811-A1-CPA-RC-T1,contato no RCS → CPC A,RCS
2026-08-22,C0000281,S260811-M2-NCP-ND-G1,S260811-M2-CPA-RC-T1,contato no RCS → CPC A,RCS
2026-08-22,C0000206,S260812-M3-PRE-RC-D-1,S260812-M3-COL-RC,acordo ativo (colchão),Sist. acordos
2026-08-22,C0000206,S260812-M3-COL-RC,S260812-M3-COL-WA,contato no WhatsApp,WhatsApp
2026-08-22,C0000016,S260813-M1-NCP-ND-G1,S260813-M1-CPA-WA-T1,contato no WhatsApp → CPC A,WhatsApp
2026-08-22,C0000232,S260813-A3-CPB-AV-T1,S260813-A3-CPB-AV-T2,2ª tentativa no canal sem resposta,Agente virtual
2026-08-22,C0000319,S260813-M1-NCP-ND-G1,S260813-M1-CPA-WA-T1,contato no WhatsApp → CPC A,WhatsApp
2026-08-22,C0000325,S260813-B1-NCP-ND-G1,S260813-B1-CPA-WA-T1,contato no WhatsApp → CPC A,WhatsApp
2026-08-22,C0000325,S260813-B1-CPA-WA-T1,S260813-B1-COL-WA,acordo ativo (colchão),Sist. acordos
2026-08-22,C0000398,S260813-B1-CPB-DC-T1,S260813-B1-CPB-DC-T2,2ª tentativa no canal sem resposta,Discador
2026-08-22,C0000048,S260814-M3-LOC-ND-L7,S260814-M3-NCP-ND-G1,"D+8 sem contato → Não CPC, entra no giro",Automático
2026-08-22,C0000081,S260814-A1-LOC-ND-L7,S260814-A1-NCP-ND-G1,"D+8 sem contato → Não CPC, entra no giro",Automático
2026-08-22,C0000089,S260814-B2-LOC-ND-L7,S260814-B2-NCP-ND-G1,"D+8 sem contato → Não CPC, entra no giro",Automático
2026-08-22,C0000091,S260814-A1-LOC-ND-L7,S260814-A1-NCP-ND-G1,"D+8 sem contato → Não CPC, entra no giro",Automático
2026-08-22,C0000116,S260814-A2-LOC-ND-L7,S260814-A2-NCP-ND-G1,"D+8 sem contato → Não CPC, entra no giro",Automático
2026-08-22,C0000120,S260814-M1-LOC-ND-L7,S260814-M1-NCP-ND-G1,"D+8 sem contato → Não CPC, entra no giro",Automático
2026-08-22,C0000183,S260814-A1-LOC-ND-L7,S260814-A1-NCP-ND-G1,"D+8 sem contato → Não CPC, entra no giro",Automático
2026-08-22,C0000191,S260814-B1-LOC-ND-L7,S260814-B1-NCP-ND-G1,"D+8 sem contato → Não CPC, entra no giro",Automático
2026-08-22,C0000192,S260814-M1-LOC-ND-L7,S260814-M1-NCP-ND-G1,"D+8 sem contato → Não CPC, entra no giro",Automático
2026-08-22,C0000252,S260814-M2-LOC-ND-L7,S260814-M2-NCP-ND-G1,"D+8 sem contato → Não CPC, entra no giro",Automático
2026-08-22,C0000257,S260814-A1-LOC-ND-L7,S260814-A1-NCP-ND-G1,"D+8 sem contato → Não CPC, entra no giro",Automático
2026-08-22,C0000268,S260814-A1-COL-RC,S260814-A1-PRE-RC-D-3,parcela a vencer,Sist. acordos
2026-08-22,C0000315,S260814-M1-LOC-ND-L7,S260814-M1-NCP-ND-G1,"D+8 sem contato → Não CPC, entra no giro",Automático
2026-08-22,C0000317,S260814-A3-LOC-ND-L7,S260814-A3-NCP-ND-G1,"D+8 sem contato → Não CPC, entra no giro",Automático
2026-08-22,C0000040,S260815-B1-LOC-ND-L5,S260815-B1-LOC-ND-L7,localização por SMS+E-mail sem contato,SMS
2026-08-22,C0000068,S260815-M2-LOC-ND-L5,S260815-M2-LOC-ND-L7,localização por SMS sem contato,SMS
2026-08-22,C0000133,S260815-M2-LOC-ND-L5,S260815-M2-LOC-ND-L7,localização por SMS+E-mail sem contato,SMS
2026-08-22,C0000153,S260815-M2-LOC-ND-L5,S260815-M2-LOC-ND-L7,localização por SMS+E-mail sem contato,SMS
2026-08-22,C0000196,S260815-B2-LOC-ND-L5,S260815-B2-LOC-ND-L7,localização por SMS sem contato,SMS
2026-08-22,C0000270,S260815-B1-LOC-ND-L5,S260815-B1-LOC-ND-L7,localização por SMS+E-mail sem contato,SMS
2026-08-22,C0000362,S260815-A2-LOC-ND-L5,S260815-A2-LOC-ND-L7,localização por SMS+E-mail sem contato,SMS
2026-08-22,C0000006,S260817-A2-LOC-ND-L3,S260817-A2-LOC-ND-L5,localização por Agente virtual+Discador sem contato,Agente virtual
2026-08-22,C0000031,S260817-A1-LOC-ND-L3,S260817-A1-LOC-ND-L5,localização por Agente virtual+Discador sem contato,Agente virtual
2026-08-22,C0000051,S260817-A3-LOC-ND-L3,S260817-A3-LOC-ND-L5,localização por Agente virtual+Discador sem contato,Agente virtual
2026-08-22,C0000056,S260817-A1-LOC-ND-L3,S260817-A1-LOC-ND-L5,localização por Agente virtual+Discador sem contato,Agente virtual
2026-08-22,C0000058,S260817-A1-LOC-ND-L3,S260817-A1-LOC-ND-L5,localização por Agente virtual+Discador sem contato,Agente virtual
2026-08-22,C0000065,S260817-A2-LOC-ND-L3,S260817-A2-LOC-ND-L5,localização por Agente virtual+Discador sem contato,Agente virtual
2026-08-22,C0000114,S260817-M1-LOC-ND-L3,S260817-M1-LOC-ND-L5,localização por Agente virtual+Discador sem contato,Agente virtual
2026-08-22,C0000211,S260817-A1-LOC-ND-L3,S260817-A1-LOC-ND-L5,localização por Agente virtual+Discador sem contato,Agente virtual
2026-08-22,C0000219,S260817-M1-LOC-ND-L3,S260817-M1-LOC-ND-L5,localização por Agente virtual+Discador sem contato,Agente virtual
2026-08-22,C0000222,S260817-A3-LOC-ND-L3,S260817-A3-CPA-AV-T1,contato no Agente virtual → CPC A,Agente virtual
2026-08-22,C0000222,S260817-A3-CPA-AV-T1,S260817-A3-COL-AV,acordo ativo (colchão),Sist. acordos
2026-08-22,C0000246,S260817-M2-LOC-ND-L3,S260817-M2-LOC-ND-L5,localização por Agente virtual+Discador sem contato,Agente virtual
2026-08-22,C0000278,S260817-M3-LOC-ND-L3,S260817-M3-LOC-ND-L5,localização por Agente virtual+Discador sem contato,Agente virtual
2026-08-22,C0000334,S260817-B1-LOC-ND-L3,S260817-B1-LOC-ND-L5,localização por Agente virtual+Discador sem contato,Agente virtual
2026-08-22,C0000340,S260817-M2-LOC-ND-L3,S260817-M2-LOC-ND-L5,localização por Agente virtual+Discador sem contato,Agente virtual
2026-08-22,C0000373,S260817-M3-LOC-ND-L3,S260817-M3-LOC-ND-L5,localização por Agente virtual+Discador sem contato,Agente virtual
2026-08-22,C0000396,S260817-M3-LOC-ND-L3,S260817-M3-LOC-ND-L5,localização por Agente virtual+Discador sem contato,Agente virtual
2026-08-22,C0000014,S260819-A3-LOC-ND-L0,S260819-A3-LOC-ND-L3,localização por RCS sem contato,RCS
2026-08-22,C0000076,S260819-A3-LOC-ND-L0,S260819-A3-LOC-ND-L3,localização por RCS sem contato,RCS
2026-08-22,C0000131,S260819-A1-LOC-ND-L0,S260819-A1-LOC-ND-L3,localização por RCS sem contato,RCS
2026-08-22,C0000220,S260819-M1-LOC-ND-L0,S260819-M1-LOC-ND-L3,localização por RCS sem contato,RCS
2026-08-22,C0000258,S260819-M3-LOC-ND-L0,S260819-M3-LOC-ND-L3,localização por RCS sem contato,RCS
2026-08-22,C0000277,S260819-M1-LOC-ND-L0,S260819-M1-LOC-ND-L3,localização por RCS sem contato,RCS
2026-08-22,C0000320,S260819-A2-LOC-ND-L0,S260819-A2-LOC-ND-L3,localização por RCS sem contato,RCS
2026-08-22,C0000363,S260819-A1-LOC-ND-L0,S260819-A1-LOC-ND-L3,localização por RCS sem contato,RCS
2026-08-22,C0000018,S260821-B2-LOC-ND-L0,S260821-B2-LOC-ND-L1,localização por WhatsApp sem contato,WhatsApp
2026-08-22,C0000033,S260821-M3-LOC-ND-L0,S260821-M3-LOC-ND-L1,localização por WhatsApp sem contato,WhatsApp
2026-08-22,C0000035,S260821-M3-LOC-ND-L0,S260821-M3-LOC-ND-L1,localização por WhatsApp sem contato,WhatsApp
2026-08-22,C0000044,S260821-B1-LOC-ND-L0,S260821-B1-LOC-ND-L1,localização por WhatsApp sem contato,WhatsApp
2026-08-22,C0000047,S260821-M2-LOC-ND-L0,S260821-M2-CPA-WA-T1,contato no WhatsApp → CPC A,WhatsApp
2026-08-22,C0000053,S260821-B1-LOC-ND-L0,S260821-B1-LOC-ND-L1,localização por WhatsApp sem contato,WhatsApp
2026-08-22,C0000059,S260821-B1-LOC-ND-L0,S260821-B1-LOC-ND-L1,localização por WhatsApp sem contato,WhatsApp
2026-08-22,C0000121,S260821-M1-LOC-ND-L0,S260821-M1-LOC-ND-L1,localização por WhatsApp sem contato,WhatsApp
2026-08-22,C0000146,S260821-B1-LOC-ND-L0,S260821-B1-LOC-ND-L1,localização por WhatsApp sem contato,WhatsApp
2026-08-22,C0000212,S260821-A2-LOC-ND-L0,S260821-A2-CPA-WA-T1,contato no WhatsApp → CPC A,WhatsApp
2026-08-22,C0000212,S260821-A2-CPA-WA-T1,S260821-A2-COL-WA,acordo ativo (colchão),Sist. acordos
2026-08-22,C0000236,S260821-A1-LOC-ND-L0,S260821-A1-LOC-ND-L1,localização por WhatsApp sem contato,WhatsApp
2026-08-22,C0000298,S260821-M3-LOC-ND-L0,S260821-M3-LOC-ND-L1,localização por WhatsApp sem contato,WhatsApp
2026-08-22,C0000306,S260821-A1-LOC-ND-L0,S260821-A1-CPA-WA-T1,contato no WhatsApp → CPC A,WhatsApp
2026-08-22,C0000322,S260821-M2-LOC-ND-L0,S260821-M2-LOC-ND-L1,localização por WhatsApp sem contato,WhatsApp
2026-08-22,C0000352,S260821-A2-LOC-ND-L0,S260821-A2-CPA-WA-T1,contato no WhatsApp → CPC A,WhatsApp
2026-08-22,C0000352,S260821-A2-CPA-WA-T1,S260821-A2-COL-WA,acordo ativo (colchão),Sist. acordos
2026-08-23,C0000004,,S260823-B2-LOC-ND-L0,entrada na esteira; enriquecimento básico,Planejamento
2026-08-23,C0000008,,S260823-M1-LOC-ND-L0,entrada na esteira; enriquecimento completo,Planejamento
2026-08-23,C0000010,,S260823-A3-LOC-ND-L0,entrada na esteira; enriquecimento completo + localizador,Planejamento
2026-08-23,C0000024,,S260823-M1-LOC-ND-L0,entrada na esteira; enriquecimento completo,Planejamento
2026-08-23,C0000102,,S260823-M2-LOC-ND-L0,entrada na esteira; enriquecimento básico + WhatsApp válido,Planejamento
2026-08-23,C0000168,,S260823-M1-LOC-ND-L0,entrada na esteira; enriquecimento completo,Planejamento
2026-08-23,C0000175,,S260823-B1-LOC-ND-L0,entrada na esteira; enriquecimento básico,Planejamento
2026-08-23,C0000186,,S260823-M3-LOC-ND-L0,entrada na esteira; enriquecimento básico,Planejamento
2026-08-23,C0000215,,S260823-M1-LOC-ND-L0,entrada na esteira; enriquecimento completo,Planejamento
2026-08-23,C0000259,,S260823-B1-LOC-ND-L0,entrada na esteira; enriquecimento básico,Planejamento
2026-08-23,C0000296,,S260823-M3-LOC-ND-L0,entrada na esteira; enriquecimento básico,Planejamento
2026-08-23,C0000344,,S260823-A1-LOC-ND-L0,entrada na esteira; enriquecimento completo,Planejamento
2026-08-23,C0000345,,S260823-A1-LOC-ND-L0,entrada na esteira; enriquecimento completo,Planejamento
2026-08-23,C0000022,S260806-B1-NCP-ND-G1,S260806-B1-NCP-ND-G2,2º ciclo de giro,Automático
2026-08-23,C0000119,S260806-M2-NCP-ND-G1,S260806-M2-NCP-ND-G2,2º ciclo de giro,Automático
2026-08-23,C0000163,S260806-M1-PRE-AV-D-1,S260806-M1-COL-AV,acordo ativo (colchão),Sist. acordos
2026-08-23,C0000200,S260806-M1-NCP-ND-G1,S260806-M1-NCP-ND-G2,2º ciclo de giro,Automático
2026-08-23,C0000218,S260806-B1-NCP-ND-G1,S260806-B1-NCP-ND-G2,2º ciclo de giro,Automático
2026-08-23,C0000227,S260806-B3-NCP-ND-G1,S260806-B3-NCP-ND-G2,2º ciclo de giro,Automático
2026-08-23,C0000234,S260806-A1-NCP-ND-G1,S260806-A1-NCP-ND-G2,2º ciclo de giro,Automático
2026-08-23,C0000287,S260806-B2-NCP-ND-G1,S260806-B2-NCP-ND-G2,2º ciclo de giro,Automático
2026-08-23,C0000288,S260806-M2-NCP-ND-G1,S260806-M2-NCP-ND-G2,2º ciclo de giro,Automático
2026-08-23,C0000331,S260806-B2-NCP-ND-G1,S260806-B2-NCP-ND-G2,2º ciclo de giro,Automático
2026-08-23,C0000350,S260806-B3-NCP-ND-G1,S260806-B3-NCP-ND-G2,2º ciclo de giro,Automático
2026-08-23,C0000015,S260808-M2-PRE-RC-D-3,S260808-M2-PRE-RC-D-2,parcela a vencer,Sist. acordos
2026-08-23,C0000386,S260812-M1-COL-RC,S260812-M1-PRE-RC-D-3,parcela a vencer,Sist. acordos
2026-08-23,C0000268,S260814-A1-PRE-RC-D-3,S260814-A1-PRE-RC-D-2,parcela a vencer,Sist. acordos
2026-08-23,C0000034,S260815-A1-LOC-ND-L3,S260815-A1-NCP-ND-G1,"D+8 sem contato → Não CPC, entra no giro",Automático
2026-08-23,C0000040,S260815-B1-LOC-ND-L7,S260815-B1-NCP-ND-G1,"D+8 sem contato → Não CPC, entra no giro",Automático
2026-08-23,C0000068,S260815-M2-LOC-ND-L7,S260815-M2-NCP-ND-G1,"D+8 sem contato → Não CPC, entra no giro",Automático
2026-08-23,C0000078,S260815-B2-LOC-ND-L5,S260815-B2-NCP-ND-G1,"D+8 sem contato → Não CPC, entra no giro",Automático
2026-08-23,C0000133,S260815-M2-LOC-ND-L7,S260815-M2-NCP-ND-G1,"D+8 sem contato → Não CPC, entra no giro",Automático
2026-08-23,C0000152,S260815-M3-COL-RC,S260815-M3-PRE-RC-D-3,parcela a vencer,Sist. acordos
2026-08-23,C0000153,S260815-M2-LOC-ND-L7,S260815-M2-NCP-ND-G1,"D+8 sem contato → Não CPC, entra no giro",Automático
2026-08-23,C0000196,S260815-B2-LOC-ND-L7,S260815-B2-NCP-ND-G1,"D+8 sem contato → Não CPC, entra no giro",Automático
2026-08-23,C0000270,S260815-B1-LOC-ND-L7,S260815-B1-NCP-ND-G1,"D+8 sem contato → Não CPC, entra no giro",Automático
2026-08-23,C0000362,S260815-A2-LOC-ND-L7,S260815-A2-NCP-ND-G1,"D+8 sem contato → Não CPC, entra no giro",Automático
2026-08-24,C0000093,,S260824-M3-LOC-ND-L0,entrada na esteira; enriquecimento básico,Planejamento
2026-08-24,C0000100,,S260824-A1-LOC-ND-L0,entrada na esteira; enriquecimento completo,Planejamento
2026-08-24,C0000141,,S260824-A3-LOC-ND-L0,entrada na esteira; enriquecimento completo + localizador,Planejamento
2026-08-24,C0000165,,S260824-M2-LOC-ND-L0,entrada na esteira; enriquecimento básico + WhatsApp válido,Planejamento
2026-08-24,C0000209,,S260824-A1-LOC-ND-L0,entrada na esteira; enriquecimento completo,Planejamento
2026-08-24,C0000214,,S260824-A2-LOC-ND-L0,entrada na esteira; enriquecimento completo + novos telefones,Planejamento
2026-08-24,C0000297,,S260824-A3-LOC-ND-L0,entrada na esteira; enriquecimento completo + localizador,Planejamento
2026-08-24,C0000392,,S260824-M2-LOC-ND-L0,entrada na esteira; enriquecimento básico + WhatsApp válido,Planejamento
2026-08-24,C0000082,S260803-B2-NCP-ND-G2,S260803-B2-CPA-DC-T1,contato no Discador → CPC A,Discador
2026-08-24,C0000082,S260803-B2-CPA-DC-T1,S260803-B2-COL-DC,acordo ativo (colchão),Sist. acordos
2026-08-24,C0000096,S260803-M2-CPB-RC-T3,S260803-M2-CPA-DC-T1,contato no Discador → CPC A,Discador
2026-08-24,C0000096,S260803-M2-CPA-DC-T1,S260803-M2-COL-DC,acordo ativo (colchão),Sist. acordos
2026-08-24,C0000156,S260803-M3-NCP-ND-G2,S260803-M3-CPA-AV-T1,contato no Agente virtual → CPC A,Agente virtual
2026-08-24,C0000156,S260803-M3-CPA-AV-T1,S260803-M3-COL-AV,acordo ativo (colchão),Sist. acordos
2026-08-24,C0000300,S260803-M1-CPA-RC-T1,S260803-M1-CPB-RC-T1,sem resposta na ação de negociação → CPC B,RCS
2026-08-24,C0000347,S260803-M1-CPA-DC-T1,S260803-M1-CPB-DC-T1,sem resposta na ação de negociação → CPC B,Discador
2026-08-24,C0000355,S260803-B2-CPA-RC-T1,S260803-B2-CPB-RC-T1,sem resposta na ação de negociação → CPC B,RCS
2026-08-24,C0000150,S260804-B2-CPB-EM-T1,S260804-B2-CPB-EM-T2,2ª tentativa no canal sem resposta,E-mail
2026-08-24,C0000201,S260804-M3-CPB-AV-T3,S260804-M3-CPB-DC-T1,rotação de canal para Discador,Discador
2026-08-24,C0000250,S260804-M1-CPB-AV-T3,S260804-M1-CPA-DC-T1,contato no Discador → CPC A,Discador
2026-08-24,C0000181,S260805-B2-NCP-ND-G2,S260805-B2-CPA-RC-T1,contato no RCS → CPC A,RCS
2026-08-24,C0000283,S260805-B2-CPB-DC-T2,S260805-B2-CPB-DC-T3,3ª tentativa no canal sem resposta,Discador
2026-08-24,C0000026,S260806-B1-CPB-DC-T2,S260806-B1-CPB-DC-T3,3ª tentativa no canal sem resposta,Discador
2026-08-24,C0000061,S260806-B1-CPB-DC-T2,S260806-B1-CPB-DC-T3,3ª tentativa no canal sem resposta,Discador
2026-08-24,C0000067,S260806-M1-CPB-SM-T2,S260806-M1-CPB-SM-T3,3ª tentativa no canal sem resposta,SMS
2026-08-24,C0000103,S260806-A1-CPB-DC-T2,S260806-A1-CPB-DC-T3,3ª tentativa no canal sem resposta,Discador
2026-08-24,C0000137,S260806-A1-CPB-SM-T2,S260806-A1-CPB-SM-T3,3ª tentativa no canal sem resposta,SMS
2026-08-24,C0000216,S260806-A1-CPB-WA-T3,S260806-A1-CPB-RC-T1,rotação de canal para RCS,RCS
2026-08-24,C0000261,S260806-M1-CPB-RC-T2,S260806-M1-CPB-RC-T3,3ª tentativa no canal sem resposta,RCS
2026-08-24,C0000333,S260806-A2-CPA-RC-T1,S260806-A2-CPB-RC-T1,sem resposta na ação de negociação → CPC B,RCS
2026-08-24,C0000063,S260807-B1-NCP-ND-G1,S260807-B1-NCP-ND-G2,2º ciclo de giro,Automático
2026-08-24,C0000069,S260807-M2-NCP-ND-G1,S260807-M2-NCP-ND-G2,2º ciclo de giro,Automático
2026-08-24,C0000092,S260807-A1-NCP-ND-G1,S260807-A1-NCP-ND-G2,2º ciclo de giro,Automático
2026-08-24,C0000113,S260807-M2-NCP-ND-G1,S260807-M2-NCP-ND-G2,2º ciclo de giro,Automático
2026-08-24,C0000144,S260807-M1-NCP-ND-G1,S260807-M1-NCP-ND-G2,2º ciclo de giro,Automático
2026-08-24,C0000166,S260807-M2-CPB-RC-T1,S260807-M2-CPB-RC-T2,2ª tentativa no canal sem resposta,RCS
2026-08-24,C0000202,S260807-M1-CPB-SM-T1,S260807-M1-CPB-SM-T2,2ª tentativa no canal sem resposta,SMS
2026-08-24,C0000225,S260807-A1-NCP-ND-G1,S260807-A1-NCP-ND-G2,2º ciclo de giro,Automático
2026-08-24,C0000239,S260807-B3-NCP-ND-G1,S260807-B3-NCP-ND-G2,2º ciclo de giro,Automático
2026-08-24,C0000241,S260807-M3-NCP-ND-G1,S260807-M3-NCP-ND-G2,2º ciclo de giro,Automático
2026-08-24,C0000266,S260807-A1-NCP-ND-G1,S260807-A1-NCP-ND-G2,2º ciclo de giro,Automático
2026-08-24,C0000357,S260807-M1-NCP-ND-G1,S260807-M1-NCP-ND-G2,2º ciclo de giro,Automático
2026-08-24,C0000364,S260807-A1-NCP-ND-G1,S260807-A1-NCP-ND-G2,2º ciclo de giro,Automático
2026-08-24,C0000015,S260808-M2-PRE-RC-D-2,S260808-M2-COL-RC,acordo ativo (colchão),Sist. acordos
2026-08-24,C0000189,S260808-B2-CPB-RC-T1,S260808-B2-CPA-RC-T1,contato no RCS → CPC A,RCS
2026-08-24,C0000070,S260809-M1-CPB-AV-T1,S260809-M1-CPB-AV-T2,2ª tentativa no canal sem resposta,Agente virtual
2026-08-24,C0000210,S260809-M3-CPB-AV-T3,S260809-M3-CPA-DC-T1,contato no Discador → CPC A,Discador
2026-08-24,C0000233,S260809-M2-CPB-RC-T1,S260809-M2-CPA-RC-T1,contato no RCS → CPC A,RCS
2026-08-24,C0000295,S260809-M1-CPB-RC-T1,S260809-M1-CPB-RC-T2,2ª tentativa no canal sem resposta,RCS
2026-08-24,C0000337,S260809-B3-COL-RC,S260809-B3-LIQ-RC,acordo quitado,Sist. acordos
2026-08-24,C0000107,S260810-M1-CPB-AV-T1,S260810-M1-CPB-AV-T2,2ª tentativa no canal sem resposta,Agente virtual
2026-08-24,C0000050,S260811-A1-CPA-RC-T1,S260811-A1-CPB-RC-T1,sem resposta na ação de negociação → CPC B,RCS
2026-08-24,C0000281,S260811-M2-CPA-RC-T1,S260811-M2-CPB-RC-T1,sem resposta na ação de negociação → CPC B,RCS
2026-08-24,C0000384,S260811-B2-NCP-ND-G1,S260811-B2-CPA-AV-T1,contato no Agente virtual → CPC A,Agente virtual
2026-08-24,C0000106,S260812-B3-CPA-WA-T1,S260812-B3-CPB-WA-T1,sem resposta na ação de negociação → CPC B,WhatsApp
2026-08-24,C0000112,S260812-A2-CPB-RC-T1,S260812-A2-CPB-RC-T2,2ª tentativa no canal sem resposta,RCS
2026-08-24,C0000386,S260812-M1-PRE-RC-D-3,S260812-M1-COL-RC,acordo ativo (colchão),Sist. acordos
2026-08-24,C0000397,S260812-M2-CPB-RC-T3,S260812-M2-CPB-AV-T1,rotação de canal para Agente virtual,Agente virtual
2026-08-24,C0000016,S260813-M1-CPA-WA-T1,S260813-M1-CPB-WA-T1,sem resposta na ação de negociação → CPC B,WhatsApp
2026-08-24,C0000115,S260813-A3-NCP-ND-G1,S260813-A3-CPA-RC-T1,contato no RCS → CPC A,RCS
2026-08-24,C0000232,S260813-A3-CPB-AV-T2,S260813-A3-CPB-AV-T3,3ª tentativa no canal sem resposta,Agente virtual
2026-08-24,C0000319,S260813-M1-CPA-WA-T1,S260813-M1-CPB-WA-T1,sem resposta na ação de negociação → CPC B,WhatsApp
2026-08-24,C0000398,S260813-B1-CPB-DC-T2,S260813-B1-CPB-DC-T3,3ª tentativa no canal sem resposta,Discador
2026-08-24,C0000268,S260814-A1-PRE-RC-D-2,S260814-A1-PRE-RC-D-1,parcela a vencer,Sist. acordos
2026-08-24,C0000342,S260814-M2-CPB-RC-T2,S260814-M2-CPB-RC-T3,3ª tentativa no canal sem resposta,RCS
2026-08-24,C0000360,S260814-M2-CPB-DC-T1,S260814-M2-CPB-DC-T2,2ª tentativa no canal sem resposta,Discador
2026-08-24,C0000152,S260815-M3-PRE-RC-D-3,S260815-M3-PRE-RC-D-2,parcela a vencer,Sist. acordos
2026-08-24,C0000385,S260815-A1-COL-DC,S260815-A1-PRE-DC-D-3,parcela a vencer,Sist. acordos
2026-08-24,C0000099,S260816-M1-LOC-ND-L5,S260816-M1-NCP-ND-G1,"D+8 sem contato → Não CPC, entra no giro",Automático
2026-08-24,C0000104,S260816-B1-LOC-ND-L5,S260816-B1-NCP-ND-G1,"D+8 sem contato → Não CPC, entra no giro",Automático
2026-08-24,C0000108,S260816-B1-CPA-AV-T1,S260816-B1-CPB-AV-T1,sem resposta na ação de negociação → CPC B,Agente virtual
2026-08-24,C0000164,S260816-B2-LOC-ND-L5,S260816-B2-NCP-ND-G1,"D+8 sem contato → Não CPC, entra no giro",Automático
2026-08-24,C0000223,S260816-M1-LOC-ND-L5,S260816-M1-NCP-ND-G1,"D+8 sem contato → Não CPC, entra no giro",Automático
2026-08-24,C0000304,S260816-M3-LOC-ND-L5,S260816-M3-NCP-ND-G1,"D+8 sem contato → Não CPC, entra no giro",Automático
2026-08-24,C0000316,S260816-B2-LOC-ND-L5,S260816-B2-NCP-ND-G1,"D+8 sem contato → Não CPC, entra no giro",Automático
2026-08-24,C0000327,S260816-B1-LOC-ND-L5,S260816-B1-NCP-ND-G1,"D+8 sem contato → Não CPC, entra no giro",Automático
2026-08-24,C0000329,S260816-B1-LOC-ND-L5,S260816-B1-NCP-ND-G1,"D+8 sem contato → Não CPC, entra no giro",Automático
2026-08-24,C0000332,S260816-B3-LOC-ND-L3,S260816-B3-NCP-ND-G1,"D+8 sem contato → Não CPC, entra no giro",Automático
2026-08-24,C0000358,S260816-B3-LOC-ND-L3,S260816-B3-NCP-ND-G1,"D+8 sem contato → Não CPC, entra no giro",Automático
2026-08-24,C0000393,S260816-M1-CPB-RC-T1,S260816-M1-CPB-RC-T2,2ª tentativa no canal sem resposta,RCS
2026-08-24,C0000394,S260816-M3-LOC-ND-L5,S260816-M3-NCP-ND-G1,"D+8 sem contato → Não CPC, entra no giro",Automático
2026-08-24,C0000006,S260817-A2-LOC-ND-L5,S260817-A2-LOC-ND-L7,localização por SMS sem contato,SMS
2026-08-24,C0000031,S260817-A1-LOC-ND-L5,S260817-A1-LOC-ND-L7,localização por SMS+E-mail sem contato,SMS
2026-08-24,C0000051,S260817-A3-LOC-ND-L5,S260817-A3-LOC-ND-L7,localização por SMS+E-mail sem contato,SMS
2026-08-24,C0000056,S260817-A1-LOC-ND-L5,S260817-A1-LOC-ND-L7,localização por SMS sem contato,SMS
2026-08-24,C0000058,S260817-A1-LOC-ND-L5,S260817-A1-LOC-ND-L7,localização por SMS sem contato,SMS
2026-08-24,C0000065,S260817-A2-LOC-ND-L5,S260817-A2-CPA-SM-T1,contato no SMS → CPC A,SMS
2026-08-24,C0000065,S260817-A2-CPA-SM-T1,S260817-A2-COL-SM,acordo ativo (colchão),Sist. acordos
2026-08-24,C0000114,S260817-M1-LOC-ND-L5,S260817-M1-LOC-ND-L7,localização por SMS sem contato,SMS
2026-08-24,C0000211,S260817-A1-LOC-ND-L5,S260817-A1-LOC-ND-L7,localização por SMS sem contato,SMS
2026-08-24,C0000219,S260817-M1-LOC-ND-L5,S260817-M1-LOC-ND-L7,localização por SMS sem contato,SMS
2026-08-24,C0000246,S260817-M2-LOC-ND-L5,S260817-M2-LOC-ND-L7,localização por SMS sem contato,SMS
2026-08-24,C0000278,S260817-M3-LOC-ND-L5,S260817-M3-LOC-ND-L7,localização por SMS+E-mail sem contato,SMS
2026-08-24,C0000334,S260817-B1-LOC-ND-L5,S260817-B1-LOC-ND-L7,localização por SMS+E-mail sem contato,SMS
2026-08-24,C0000340,S260817-M2-LOC-ND-L5,S260817-M2-LOC-ND-L7,localização por SMS sem contato,SMS
2026-08-24,C0000373,S260817-M3-LOC-ND-L5,S260817-M3-LOC-ND-L7,localização por SMS+E-mail sem contato,SMS
2026-08-24,C0000396,S260817-M3-LOC-ND-L5,S260817-M3-LOC-ND-L7,localização por SMS+E-mail sem contato,SMS
2026-08-24,C0000132,S260818-A2-CPA-RC-T1,S260818-A2-CPB-RC-T1,sem resposta na ação de negociação → CPC B,RCS
2026-08-24,C0000149,S260818-M2-CPA-RC-T1,S260818-M2-CPB-RC-T1,sem resposta na ação de negociação → CPC B,RCS
2026-08-24,C0000014,S260819-A3-LOC-ND-L3,S260819-A3-LOC-ND-L5,localização por Agente virtual+Discador sem contato,Agente virtual
2026-08-24,C0000076,S260819-A3-LOC-ND-L3,S260819-A3-LOC-ND-L5,localização por Agente virtual+Discador sem contato,Agente virtual
2026-08-24,C0000131,S260819-A1-LOC-ND-L3,S260819-A1-LOC-ND-L5,localização por Agente virtual+Discador sem contato,Agente virtual
2026-08-24,C0000220,S260819-M1-LOC-ND-L3,S260819-M1-LOC-ND-L5,localização por Agente virtual+Discador sem contato,Agente virtual
2026-08-24,C0000258,S260819-M3-LOC-ND-L3,S260819-M3-LOC-ND-L5,localização por Agente virtual+Discador sem contato,Agente virtual
2026-08-24,C0000277,S260819-M1-LOC-ND-L3,S260819-M1-CPA-AV-T1,contato no Agente virtual → CPC A,Agente virtual
2026-08-24,C0000277,S260819-M1-CPA-AV-T1,S260819-M1-COL-AV,acordo ativo (colchão),Sist. acordos
2026-08-24,C0000320,S260819-A2-LOC-ND-L3,S260819-A2-LOC-ND-L5,localização por Agente virtual+Discador sem contato,Agente virtual
2026-08-24,C0000363,S260819-A1-LOC-ND-L3,S260819-A1-LOC-ND-L5,localização por Agente virtual+Discador sem contato,Agente virtual
2026-08-24,C0000143,S260820-B2-CPA-WA-T1,S260820-B2-CPB-WA-T1,sem resposta na ação de negociação → CPC B,WhatsApp
2026-08-24,C0000018,S260821-B2-LOC-ND-L1,S260821-B2-LOC-ND-L3,localização por RCS sem contato,RCS
2026-08-24,C0000033,S260821-M3-LOC-ND-L1,S260821-M3-LOC-ND-L3,localização por RCS sem contato,RCS
2026-08-24,C0000035,S260821-M3-LOC-ND-L1,S260821-M3-LOC-ND-L3,localização por RCS sem contato,RCS
2026-08-24,C0000044,S260821-B1-LOC-ND-L1,S260821-B1-CPA-RC-T1,contato no RCS → CPC A,RCS
2026-08-24,C0000047,S260821-M2-CPA-WA-T1,S260821-M2-CPB-WA-T1,sem resposta na ação de negociação → CPC B,WhatsApp
2026-08-24,C0000053,S260821-B1-LOC-ND-L1,S260821-B1-LOC-ND-L3,localização por RCS sem contato,RCS
2026-08-24,C0000059,S260821-B1-LOC-ND-L1,S260821-B1-LOC-ND-L3,localização por RCS sem contato,RCS
2026-08-24,C0000121,S260821-M1-LOC-ND-L1,S260821-M1-LOC-ND-L3,localização por RCS sem contato,RCS
2026-08-24,C0000146,S260821-B1-LOC-ND-L1,S260821-B1-LOC-ND-L3,localização por RCS sem contato,RCS
2026-08-24,C0000236,S260821-A1-LOC-ND-L1,S260821-A1-LOC-ND-L3,localização por RCS sem contato,RCS
2026-08-24,C0000298,S260821-M3-LOC-ND-L1,S260821-M3-LOC-ND-L3,localização por RCS sem contato,RCS
2026-08-24,C0000306,S260821-A1-CPA-WA-T1,S260821-A1-CPB-WA-T1,sem resposta na ação de negociação → CPC B,WhatsApp
2026-08-24,C0000307,S260821-B1-LOC-ND-L0,S260821-B1-CPA-RC-T1,contato no RCS → CPC A,RCS
2026-08-24,C0000307,S260821-B1-CPA-RC-T1,S260821-B1-COL-RC,acordo ativo (colchão),Sist. acordos
2026-08-24,C0000322,S260821-M2-LOC-ND-L1,S260821-M2-LOC-ND-L3,localização por RCS sem contato,RCS
2026-08-24,C0000093,S260824-M3-LOC-ND-L0,S260824-M3-BLQ-ND,bloqueado: opt-out geral,Planejamento
2026-08-25,C0000000,,S260825-B1-LOC-ND-L0,entrada na esteira; enriquecimento básico,Planejamento
2026-08-25,C0000074,,S260825-M1-LOC-ND-L0,entrada na esteira; enriquecimento completo,Planejamento
2026-08-25,C0000079,,S260825-M3-LOC-ND-L0,entrada na esteira; enriquecimento básico,Planejamento
2026-08-25,C0000229,,S260825-B1-LOC-ND-L0,entrada na esteira; enriquecimento básico,Planejamento
2026-08-25,C0000240,,S260825-B3-LOC-ND-L0,entrada na esteira; enriquecimento só digital,Planejamento
2026-08-25,C0000243,,S260825-B3-LOC-ND-L0,entrada na esteira; enriquecimento só digital,Planejamento
2026-08-25,C0000326,,S260825-M3-LOC-ND-L0,entrada na esteira; enriquecimento básico,Planejamento
2026-08-25,C0000365,,S260825-B3-LOC-ND-L0,entrada na esteira; enriquecimento só digital,Planejamento
2026-08-25,C0000368,,S260825-B1-LOC-ND-L0,entrada na esteira; enriquecimento básico,Planejamento
2026-08-25,C0000351,S260804-M3-NCP-ND-G2,S260804-M3-CPA-DC-T1,contato no Discador → CPC A,Discador
2026-08-25,C0000002,S260805-B1-COL-WA,S260805-B1-PRE-WA-D-3,parcela a vencer,Sist. acordos
2026-08-25,C0000350,S260806-B3-NCP-ND-G2,S260806-B3-CPA-RC-T1,contato no RCS → CPC A,RCS
2026-08-25,C0000097,S260808-B3-NCP-ND-G1,S260808-B3-NCP-ND-G2,2º ciclo de giro,Automático
2026-08-25,C0000101,S260808-B1-NCP-ND-G1,S260808-B1-NCP-ND-G2,2º ciclo de giro,Automático
2026-08-25,C0000198,S260808-B3-NCP-ND-G1,S260808-B3-NCP-ND-G2,2º ciclo de giro,Automático
2026-08-25,C0000249,S260808-B2-NCP-ND-G1,S260808-B2-NCP-ND-G2,2º ciclo de giro,Automático
2026-08-25,C0000279,S260808-B3-NCP-ND-G1,S260808-B3-NCP-ND-G2,2º ciclo de giro,Automático
2026-08-25,C0000375,S260808-B1-NCP-ND-G1,S260808-B1-NCP-ND-G2,2º ciclo de giro,Automático
2026-08-25,C0000127,S260810-M3-NCP-ND-G1,S260810-M3-CPA-SM-T1,contato no SMS → CPC A,SMS
2026-08-25,C0000075,S260812-M2-NCP-ND-G1,S260812-M2-CPA-AV-T1,contato no Agente virtual → CPC A,Agente virtual
2026-08-25,C0000075,S260812-M2-CPA-AV-T1,S260812-M2-COL-AV,acordo ativo (colchão),Sist. acordos
2026-08-25,C0000081,S260814-A1-NCP-ND-G1,S260814-A1-CPA-RC-T1,contato no RCS → CPC A,RCS
2026-08-25,C0000268,S260814-A1-PRE-RC-D-1,S260814-A1-LIQ-RC,acordo quitado,Sist. acordos
2026-08-25,C0000152,S260815-M3-PRE-RC-D-2,S260815-M3-COL-RC,acordo ativo (colchão),Sist. acordos
2026-08-25,C0000385,S260815-A1-PRE-DC-D-3,S260815-A1-PRE-DC-D-2,parcela a vencer,Sist. acordos
2026-08-25,C0000006,S260817-A2-LOC-ND-L7,S260817-A2-NCP-ND-G1,"D+8 sem contato → Não CPC, entra no giro",Automático
2026-08-25,C0000031,S260817-A1-LOC-ND-L7,S260817-A1-NCP-ND-G1,"D+8 sem contato → Não CPC, entra no giro",Automático
2026-08-25,C0000051,S260817-A3-LOC-ND-L7,S260817-A3-NCP-ND-G1,"D+8 sem contato → Não CPC, entra no giro",Automático
2026-08-25,C0000056,S260817-A1-LOC-ND-L7,S260817-A1-NCP-ND-G1,"D+8 sem contato → Não CPC, entra no giro",Automático
2026-08-25,C0000058,S260817-A1-LOC-ND-L7,S260817-A1-NCP-ND-G1,"D+8 sem contato → Não CPC, entra no giro",Automático
2026-08-25,C0000114,S260817-M1-LOC-ND-L7,S260817-M1-NCP-ND-G1,"D+8 sem contato → Não CPC, entra no giro",Automático
2026-08-25,C0000211,S260817-A1-LOC-ND-L7,S260817-A1-NCP-ND-G1,"D+8 sem contato → Não CPC, entra no giro",Automático
2026-08-25,C0000219,S260817-M1-LOC-ND-L7,S260817-M1-NCP-ND-G1,"D+8 sem contato → Não CPC, entra no giro",Automático
2026-08-25,C0000246,S260817-M2-LOC-ND-L7,S260817-M2-NCP-ND-G1,"D+8 sem contato → Não CPC, entra no giro",Automático
2026-08-25,C0000278,S260817-M3-LOC-ND-L7,S260817-M3-NCP-ND-G1,"D+8 sem contato → Não CPC, entra no giro",Automático
2026-08-25,C0000334,S260817-B1-LOC-ND-L7,S260817-B1-NCP-ND-G1,"D+8 sem contato → Não CPC, entra no giro",Automático
2026-08-25,C0000340,S260817-M2-LOC-ND-L7,S260817-M2-NCP-ND-G1,"D+8 sem contato → Não CPC, entra no giro",Automático
2026-08-25,C0000373,S260817-M3-LOC-ND-L7,S260817-M3-NCP-ND-G1,"D+8 sem contato → Não CPC, entra no giro",Automático
2026-08-25,C0000396,S260817-M3-LOC-ND-L7,S260817-M3-NCP-ND-G1,"D+8 sem contato → Não CPC, entra no giro",Automático
2026-08-25,C0000029,S260818-B3-LOC-ND-L3,S260818-B3-LOC-ND-L7,localização por SMS+E-mail sem contato,SMS
2026-08-25,C0000109,S260818-B3-LOC-ND-L3,S260818-B3-LOC-ND-L7,localização por SMS+E-mail sem contato,SMS
2026-08-25,C0000110,S260818-M1-LOC-ND-L3,S260818-M1-LOC-ND-L7,localização por SMS sem contato,SMS
2026-08-25,C0000118,S260818-A2-LOC-ND-L3,S260818-A2-LOC-ND-L7,localização por SMS sem contato,SMS
2026-08-25,C0000140,S260818-M2-LOC-ND-L3,S260818-M2-LOC-ND-L7,localização por SMS sem contato,SMS
2026-08-25,C0000160,S260818-B3-LOC-ND-L3,S260818-B3-LOC-ND-L7,localização por SMS sem contato,SMS
2026-08-25,C0000170,S260818-M2-LOC-ND-L3,S260818-M2-LOC-ND-L7,localização por SMS+E-mail sem contato,SMS
2026-08-25,C0000204,S260818-M1-LOC-ND-L3,S260818-M1-LOC-ND-L7,localização por SMS+E-mail sem contato,SMS
2026-08-25,C0000221,S260818-B2-LOC-ND-L3,S260818-B2-LOC-ND-L7,localização por SMS sem contato,SMS
2026-08-25,C0000231,S260818-M3-LOC-ND-L3,S260818-M3-LOC-ND-L7,localização por SMS+E-mail sem contato,SMS
2026-08-25,C0000235,S260818-M1-LOC-ND-L3,S260818-M1-LOC-ND-L7,localização por SMS+E-mail sem contato,SMS
2026-08-25,C0000248,S260818-M2-LOC-ND-L3,S260818-M2-CPA-EM-T1,contato no E-mail → CPC A,E-mail
2026-08-25,C0000280,S260818-A3-LOC-ND-L3,S260818-A3-LOC-ND-L7,localização por SMS+E-mail sem contato,SMS
2026-08-25,C0000291,S260818-B1-LOC-ND-L3,S260818-B1-LOC-ND-L7,localização por SMS sem contato,SMS
2026-08-25,C0000318,S260818-B3-LOC-ND-L3,S260818-B3-LOC-ND-L7,localização por SMS sem contato,SMS
2026-08-25,C0000011,S260820-B1-LOC-ND-L1,S260820-B1-LOC-ND-L5,localização por Agente virtual+Discador sem contato,Agente virtual
2026-08-25,C0000032,S260820-B2-LOC-ND-L1,S260820-B2-CPA-DC-T1,contato no Discador → CPC A,Discador
2026-08-25,C0000049,S260820-M2-LOC-ND-L1,S260820-M2-LOC-ND-L5,localização por Agente virtual+Discador sem contato,Agente virtual
2026-08-25,C0000154,S260820-M1-LOC-ND-L1,S260820-M1-LOC-ND-L5,localização por Agente virtual+Discador sem contato,Agente virtual
2026-08-25,C0000159,S260820-B1-LOC-ND-L1,S260820-B1-LOC-ND-L5,localização por Agente virtual+Discador sem contato,Agente virtual
2026-08-25,C0000171,S260820-M1-LOC-ND-L1,S260820-M1-LOC-ND-L5,localização por Agente virtual+Discador sem contato,Agente virtual
2026-08-25,C0000180,S260820-B1-LOC-ND-L1,S260820-B1-CPA-AV-T1,contato no Agente virtual → CPC A,Agente virtual
2026-08-25,C0000230,S260820-M3-LOC-ND-L1,S260820-M3-LOC-ND-L5,localização por Agente virtual+Discador sem contato,Agente virtual
2026-08-25,C0000253,S260820-A1-LOC-ND-L0,S260820-A1-LOC-ND-L5,localização por Agente virtual+Discador sem contato,Agente virtual
2026-08-25,C0000263,S260820-M1-LOC-ND-L1,S260820-M1-CPA-AV-T1,contato no Agente virtual → CPC A,Agente virtual
2026-08-25,C0000263,S260820-M1-CPA-AV-T1,S260820-M1-COL-AV,acordo ativo (colchão),Sist. acordos
2026-08-25,C0000309,S260820-M1-LOC-ND-L1,S260820-M1-CPA-DC-T1,contato no Discador → CPC A,Discador
2026-08-25,C0000309,S260820-M1-CPA-DC-T1,S260820-M1-COL-DC,acordo ativo (colchão),Sist. acordos
2026-08-25,C0000328,S260820-M3-LOC-ND-L0,S260820-M3-LOC-ND-L5,localização por Agente virtual+Discador sem contato,Agente virtual
2026-08-25,C0000346,S260820-M1-LOC-ND-L1,S260820-M1-LOC-ND-L5,localização por Agente virtual+Discador sem contato,Agente virtual
2026-08-25,C0000349,S260820-B2-LOC-ND-L1,S260820-B2-LOC-ND-L5,localização por Agente virtual+Discador sem contato,Agente virtual
2026-08-25,C0000042,S260822-B1-LOC-ND-L0,S260822-B1-LOC-ND-L3,localização por RCS sem contato,RCS
2026-08-25,C0000057,S260822-B1-LOC-ND-L0,S260822-B1-CPA-RC-T1,contato no RCS → CPC A,RCS
2026-08-25,C0000086,S260822-A3-LOC-ND-L0,S260822-A3-LOC-ND-L3,localização por RCS sem contato,RCS
2026-08-25,C0000095,S260822-M1-LOC-ND-L0,S260822-M1-LOC-ND-L3,localização por RCS sem contato,RCS
2026-08-25,C0000124,S260822-B1-LOC-ND-L0,S260822-B1-LOC-ND-L3,localização por RCS sem contato,RCS
2026-08-25,C0000135,S260822-B3-LOC-ND-L0,S260822-B3-LOC-ND-L3,localização por RCS sem contato,RCS
2026-08-25,C0000157,S260822-B1-LOC-ND-L0,S260822-B1-LOC-ND-L3,localização por RCS sem contato,RCS
2026-08-25,C0000199,S260822-A3-LOC-ND-L0,S260822-A3-LOC-ND-L3,localização por RCS sem contato,RCS
2026-08-25,C0000237,S260822-A2-LOC-ND-L0,S260822-A2-LOC-ND-L3,localização por RCS sem contato,RCS
2026-08-25,C0000313,S260822-A3-LOC-ND-L0,S260822-A3-LOC-ND-L3,localização por RCS sem contato,RCS
2026-08-25,C0000339,S260822-B2-LOC-ND-L0,S260822-B2-LOC-ND-L3,localização por RCS sem contato,RCS
2026-08-25,C0000341,S260822-A1-LOC-ND-L0,S260822-A1-LOC-ND-L3,localização por RCS sem contato,RCS
2026-08-25,C0000354,S260822-B1-LOC-ND-L0,S260822-B1-LOC-ND-L3,localização por RCS sem contato,RCS
2026-08-25,C0000383,S260822-M2-LOC-ND-L0,S260822-M2-LOC-ND-L3,localização por RCS sem contato,RCS
2026-08-26,C0000030,,S260826-B1-LOC-ND-L0,entrada na esteira; enriquecimento básico,Planejamento
2026-08-26,C0000071,,S260826-B1-LOC-ND-L0,entrada na esteira; enriquecimento básico,Planejamento
2026-08-26,C0000085,,S260826-M3-LOC-ND-L0,entrada na esteira; enriquecimento básico,Planejamento
2026-08-26,C0000090,,S260826-M1-LOC-ND-L0,entrada na esteira; enriquecimento completo,Planejamento
2026-08-26,C0000130,,S260826-B3-LOC-ND-L0,entrada na esteira; enriquecimento só digital,Planejamento
2026-08-26,C0000195,,S260826-M2-LOC-ND-L0,entrada na esteira; enriquecimento básico + WhatsApp válido,Planejamento
2026-08-26,C0000228,,S260826-M1-LOC-ND-L0,entrada na esteira; enriquecimento completo,Planejamento
2026-08-26,C0000247,,S260826-B1-LOC-ND-L0,entrada na esteira; enriquecimento básico,Planejamento
2026-08-26,C0000290,,S260826-A3-LOC-ND-L0,entrada na esteira; enriquecimento completo + localizador,Planejamento
2026-08-26,C0000377,,S260826-B1-LOC-ND-L0,entrada na esteira; enriquecimento básico,Planejamento
2026-08-26,C0000379,,S260826-A2-LOC-ND-L0,entrada na esteira; enriquecimento completo + novos telefones,Planejamento
2026-08-26,C0000389,,S260826-M2-LOC-ND-L0,entrada na esteira; enriquecimento básico + WhatsApp válido,Planejamento
2026-08-26,C0000391,,S260826-M1-LOC-ND-L0,entrada na esteira; enriquecimento completo,Planejamento
2026-08-26,C0000197,S260803-M2-NCP-ND-G2,S260803-M2-CPA-EM-T1,contato no E-mail → CPC A,E-mail
2026-08-26,C0000300,S260803-M1-CPB-RC-T1,S260803-M1-CPB-RC-T2,2ª tentativa no canal sem resposta,RCS
2026-08-26,C0000347,S260803-M1-CPB-DC-T1,S260803-M1-CPB-DC-T2,2ª tentativa no canal sem resposta,Discador
2026-08-26,C0000355,S260803-B2-CPB-RC-T1,S260803-B2-CPB-RC-T2,2ª tentativa no canal sem resposta,RCS
2026-08-26,C0000150,S260804-B2-CPB-EM-T2,S260804-B2-CPB-EM-T3,3ª tentativa no canal sem resposta,E-mail
2026-08-26,C0000201,S260804-M3-CPB-DC-T1,S260804-M3-CPB-DC-T2,2ª tentativa no canal sem resposta,Discador
2026-08-26,C0000250,S260804-M1-CPA-DC-T1,S260804-M1-CPB-DC-T1,sem resposta na ação de negociação → CPC B,Discador
2026-08-26,C0000002,S260805-B1-PRE-WA-D-3,S260805-B1-PRE-WA-D-2,parcela a vencer,Sist. acordos
2026-08-26,C0000181,S260805-B2-CPA-RC-T1,S260805-B2-CPB-RC-T1,sem resposta na ação de negociação → CPC B,RCS
2026-08-26,C0000283,S260805-B2-CPB-DC-T3,S260805-B2-CPB-SM-T1,rotação de canal para SMS,SMS
2026-08-26,C0000026,S260806-B1-CPB-DC-T3,S260806-B1-CPB-SM-T1,rotação de canal para SMS,SMS
2026-08-26,C0000061,S260806-B1-CPB-DC-T3,S260806-B1-CPB-SM-T1,rotação de canal para SMS,SMS
2026-08-26,C0000067,S260806-M1-CPB-SM-T3,S260806-M1-CPA-WA-T1,contato no WhatsApp → CPC A,WhatsApp
2026-08-26,C0000067,S260806-M1-CPA-WA-T1,S260806-M1-COL-WA,acordo ativo (colchão),Sist. acordos
2026-08-26,C0000103,S260806-A1-CPB-DC-T3,S260806-A1-CPB-SM-T1,rotação de canal para SMS,SMS
2026-08-26,C0000137,S260806-A1-CPB-SM-T3,S260806-A1-CPB-WA-T1,rotação de canal para WhatsApp,WhatsApp
2026-08-26,C0000216,S260806-A1-CPB-RC-T1,S260806-A1-CPB-RC-T2,2ª tentativa no canal sem resposta,RCS
2026-08-26,C0000261,S260806-M1-CPB-RC-T3,S260806-M1-CPA-AV-T1,contato no Agente virtual → CPC A,Agente virtual
2026-08-26,C0000333,S260806-A2-CPB-RC-T1,S260806-A2-CPB-RC-T2,2ª tentativa no canal sem resposta,RCS
2026-08-26,C0000166,S260807-M2-CPB-RC-T2,S260807-M2-CPB-RC-T3,3ª tentativa no canal sem resposta,RCS
2026-08-26,C0000202,S260807-M1-CPB-SM-T2,S260807-M1-CPB-SM-T3,3ª tentativa no canal sem resposta,SMS
2026-08-26,C0000189,S260808-B2-CPA-RC-T1,S260808-B2-CPB-RC-T1,sem resposta na ação de negociação → CPC B,RCS
2026-08-26,C0000070,S260809-M1-CPB-AV-T2,S260809-M1-CPA-AV-T1,contato no Agente virtual → CPC A,Agente virtual
2026-08-26,C0000070,S260809-M1-CPA-AV-T1,S260809-M1-COL-AV,acordo ativo (colchão),Sist. acordos
2026-08-26,C0000178,S260809-B3-NCP-ND-G1,S260809-B3-NCP-ND-G2,2º ciclo de giro,Automático
2026-08-26,C0000203,S260809-B1-NCP-ND-G1,S260809-B1-NCP-ND-G2,2º ciclo de giro,Automático
2026-08-26,C0000210,S260809-M3-CPA-DC-T1,S260809-M3-CPB-DC-T1,sem resposta na ação de negociação → CPC B,Discador
2026-08-26,C0000233,S260809-M2-CPA-RC-T1,S260809-M2-COL-RC,acordo ativo (colchão),Sist. acordos
2026-08-26,C0000273,S260809-M2-NCP-ND-G1,S260809-M2-NCP-ND-G2,2º ciclo de giro,Automático
2026-08-26,C0000289,S260809-B1-NCP-ND-G1,S260809-B1-NCP-ND-G2,2º ciclo de giro,Automático
2026-08-26,C0000295,S260809-M1-CPB-RC-T2,S260809-M1-CPB-RC-T3,3ª tentativa no canal sem resposta,RCS
2026-08-26,C0000107,S260810-M1-CPB-AV-T2,S260810-M1-CPA-AV-T1,contato no Agente virtual → CPC A,Agente virtual
2026-08-26,C0000050,S260811-A1-CPB-RC-T1,S260811-A1-CPA-RC-T1,contato no RCS → CPC A,RCS
2026-08-26,C0000281,S260811-M2-CPB-RC-T1,S260811-M2-CPB-RC-T2,2ª tentativa no canal sem resposta,RCS
2026-08-26,C0000384,S260811-B2-CPA-AV-T1,S260811-B2-CPB-AV-T1,sem resposta na ação de negociação → CPC B,Agente virtual
2026-08-26,C0000106,S260812-B3-CPB-WA-T1,S260812-B3-CPA-WA-T1,contato no WhatsApp → CPC A,WhatsApp
2026-08-26,C0000112,S260812-A2-CPB-RC-T2,S260812-A2-CPA-RC-T1,contato no RCS → CPC A,RCS
2026-08-26,C0000397,S260812-M2-CPB-AV-T1,S260812-M2-CPA-DC-T1,contato no Discador → CPC A,Discador
2026-08-26,C0000397,S260812-M2-CPA-DC-T1,S260812-M2-COL-DC,acordo ativo (colchão),Sist. acordos
2026-08-26,C0000016,S260813-M1-CPB-WA-T1,S260813-M1-CPB-WA-T2,2ª tentativa no canal sem resposta,WhatsApp
2026-08-26,C0000115,S260813-A3-CPA-RC-T1,S260813-A3-CPB-RC-T1,sem resposta na ação de negociação → CPC B,RCS
2026-08-26,C0000232,S260813-A3-CPB-AV-T3,S260813-A3-CPB-DC-T1,rotação de canal para Discador,Discador
2026-08-26,C0000319,S260813-M1-CPB-WA-T1,S260813-M1-CPA-WA-T1,contato no WhatsApp → CPC A,WhatsApp
2026-08-26,C0000324,S260813-M1-NCP-ND-G1,S260813-M1-CPA-AV-T1,contato no Agente virtual → CPC A,Agente virtual
2026-08-26,C0000398,S260813-B1-CPB-DC-T3,S260813-B1-CPB-SM-T1,rotação de canal para SMS,SMS
2026-08-26,C0000342,S260814-M2-CPB-RC-T3,S260814-M2-CPB-AV-T1,rotação de canal para Agente virtual,Agente virtual
2026-08-26,C0000360,S260814-M2-CPB-DC-T2,S260814-M2-CPA-DC-T1,contato no Discador → CPC A,Discador
2026-08-26,C0000360,S260814-M2-CPA-DC-T1,S260814-M2-COL-DC,acordo ativo (colchão),Sist. acordos
2026-08-26,C0000153,S260815-M2-NCP-ND-G1,S260815-M2-CPA-RC-T1,contato no RCS → CPC A,RCS
2026-08-26,C0000385,S260815-A1-PRE-DC-D-2,S260815-A1-LIQ-DC,acordo quitado,Sist. acordos
2026-08-26,C0000108,S260816-B1-CPB-AV-T1,S260816-B1-CPB-AV-T2,2ª tentativa no canal sem resposta,Agente virtual
2026-08-26,C0000393,S260816-M1-CPB-RC-T2,S260816-M1-CPB-RC-T3,3ª tentativa no canal sem resposta,RCS
2026-08-26,C0000029,S260818-B3-LOC-ND-L7,S260818-B3-NCP-ND-G1,"D+8 sem contato → Não CPC, entra no giro",Automático
2026-08-26,C0000109,S260818-B3-LOC-ND-L7,S260818-B3-NCP-ND-G1,"D+8 sem contato → Não CPC, entra no giro",Automático
2026-08-26,C0000110,S260818-M1-LOC-ND-L7,S260818-M1-NCP-ND-G1,"D+8 sem contato → Não CPC, entra no giro",Automático
2026-08-26,C0000118,S260818-A2-LOC-ND-L7,S260818-A2-NCP-ND-G1,"D+8 sem contato → Não CPC, entra no giro",Automático
2026-08-26,C0000132,S260818-A2-CPB-RC-T1,S260818-A2-CPB-RC-T2,2ª tentativa no canal sem resposta,RCS
2026-08-26,C0000140,S260818-M2-LOC-ND-L7,S260818-M2-NCP-ND-G1,"D+8 sem contato → Não CPC, entra no giro",Automático
2026-08-26,C0000149,S260818-M2-CPB-RC-T1,S260818-M2-CPB-RC-T2,2ª tentativa no canal sem resposta,RCS
2026-08-26,C0000160,S260818-B3-LOC-ND-L7,S260818-B3-NCP-ND-G1,"D+8 sem contato → Não CPC, entra no giro",Automático
2026-08-26,C0000170,S260818-M2-LOC-ND-L7,S260818-M2-NCP-ND-G1,"D+8 sem contato → Não CPC, entra no giro",Automático
2026-08-26,C0000204,S260818-M1-LOC-ND-L7,S260818-M1-NCP-ND-G1,"D+8 sem contato → Não CPC, entra no giro",Automático
2026-08-26,C0000221,S260818-B2-LOC-ND-L7,S260818-B2-NCP-ND-G1,"D+8 sem contato → Não CPC, entra no giro",Automático
2026-08-26,C0000231,S260818-M3-LOC-ND-L7,S260818-M3-NCP-ND-G1,"D+8 sem contato → Não CPC, entra no giro",Automático
2026-08-26,C0000235,S260818-M1-LOC-ND-L7,S260818-M1-NCP-ND-G1,"D+8 sem contato → Não CPC, entra no giro",Automático
2026-08-26,C0000280,S260818-A3-LOC-ND-L7,S260818-A3-NCP-ND-G1,"D+8 sem contato → Não CPC, entra no giro",Automático
2026-08-26,C0000291,S260818-B1-LOC-ND-L7,S260818-B1-NCP-ND-G1,"D+8 sem contato → Não CPC, entra no giro",Automático
2026-08-26,C0000318,S260818-B3-LOC-ND-L7,S260818-B3-NCP-ND-G1,"D+8 sem contato → Não CPC, entra no giro",Automático
2026-08-26,C0000014,S260819-A3-LOC-ND-L5,S260819-A3-LOC-ND-L7,localização por SMS+E-mail sem contato,SMS
2026-08-26,C0000076,S260819-A3-LOC-ND-L5,S260819-A3-LOC-ND-L7,localização por SMS+E-mail sem contato,SMS
2026-08-26,C0000131,S260819-A1-LOC-ND-L5,S260819-A1-LOC-ND-L7,localização por SMS sem contato,SMS
2026-08-26,C0000220,S260819-M1-LOC-ND-L5,S260819-M1-LOC-ND-L7,localização por SMS sem contato,SMS
2026-08-26,C0000258,S260819-M3-LOC-ND-L5,S260819-M3-CPA-SM-T1,contato no SMS → CPC A,SMS
2026-08-26,C0000258,S260819-M3-CPA-SM-T1,S260819-M3-COL-SM,acordo ativo (colchão),Sist. acordos
2026-08-26,C0000320,S260819-A2-LOC-ND-L5,S260819-A2-LOC-ND-L7,localização por SMS+E-mail sem contato,SMS
2026-08-26,C0000363,S260819-A1-LOC-ND-L5,S260819-A1-LOC-ND-L7,localização por SMS sem contato,SMS
2026-08-26,C0000143,S260820-B2-CPB-WA-T1,S260820-B2-CPA-WA-T1,contato no WhatsApp → CPC A,WhatsApp
2026-08-26,C0000018,S260821-B2-LOC-ND-L3,S260821-B2-LOC-ND-L5,localização por Agente virtual+Discador sem contato,Agente virtual
2026-08-26,C0000033,S260821-M3-LOC-ND-L3,S260821-M3-CPA-AV-T1,contato no Agente virtual → CPC A,Agente virtual
2026-08-26,C0000035,S260821-M3-LOC-ND-L3,S260821-M3-LOC-ND-L5,localização por Agente virtual+Discador sem contato,Agente virtual
2026-08-26,C0000044,S260821-B1-CPA-RC-T1,S260821-B1-COL-RC,acordo ativo (colchão),Sist. acordos
2026-08-26,C0000047,S260821-M2-CPB-WA-T1,S260821-M2-CPB-WA-T2,2ª tentativa no canal sem resposta,WhatsApp
2026-08-26,C0000053,S260821-B1-LOC-ND-L3,S260821-B1-CPA-AV-T1,contato no Agente virtual → CPC A,Agente virtual
2026-08-26,C0000059,S260821-B1-LOC-ND-L3,S260821-B1-LOC-ND-L5,localização por Agente virtual+Discador sem contato,Agente virtual
2026-08-26,C0000121,S260821-M1-LOC-ND-L3,S260821-M1-LOC-ND-L5,localização por Agente virtual+Discador sem contato,Agente virtual
2026-08-26,C0000146,S260821-B1-LOC-ND-L3,S260821-B1-LOC-ND-L5,localização por Agente virtual+Discador sem contato,Agente virtual
2026-08-26,C0000236,S260821-A1-LOC-ND-L3,S260821-A1-LOC-ND-L5,localização por Agente virtual+Discador sem contato,Agente virtual
2026-08-26,C0000298,S260821-M3-LOC-ND-L3,S260821-M3-LOC-ND-L5,localização por Agente virtual+Discador sem contato,Agente virtual
2026-08-26,C0000306,S260821-A1-CPB-WA-T1,S260821-A1-CPB-WA-T2,2ª tentativa no canal sem resposta,WhatsApp
2026-08-26,C0000322,S260821-M2-LOC-ND-L3,S260821-M2-LOC-ND-L5,localização por Agente virtual+Discador sem contato,Agente virtual
2026-08-26,C0000004,S260823-B2-LOC-ND-L0,S260823-B2-LOC-ND-L3,localização por RCS sem contato,RCS
2026-08-26,C0000008,S260823-M1-LOC-ND-L0,S260823-M1-LOC-ND-L3,localização por RCS sem contato,RCS
2026-08-26,C0000010,S260823-A3-LOC-ND-L0,S260823-A3-LOC-ND-L3,localização por RCS sem contato,RCS
2026-08-26,C0000024,S260823-M1-LOC-ND-L0,S260823-M1-LOC-ND-L3,localização por RCS sem contato,RCS
2026-08-26,C0000102,S260823-M2-LOC-ND-L0,S260823-M2-LOC-ND-L3,localização por RCS sem contato,RCS
2026-08-26,C0000168,S260823-M1-LOC-ND-L0,S260823-M1-LOC-ND-L3,localização por RCS sem contato,RCS
2026-08-26,C0000175,S260823-B1-LOC-ND-L0,S260823-B1-LOC-ND-L3,localização por RCS sem contato,RCS
2026-08-26,C0000186,S260823-M3-LOC-ND-L0,S260823-M3-LOC-ND-L3,localização por RCS sem contato,RCS
2026-08-26,C0000215,S260823-M1-LOC-ND-L0,S260823-M1-LOC-ND-L3,localização por RCS sem contato,RCS
2026-08-26,C0000259,S260823-B1-LOC-ND-L0,S260823-B1-LOC-ND-L3,localização por RCS sem contato,RCS
2026-08-26,C0000296,S260823-M3-LOC-ND-L0,S260823-M3-LOC-ND-L3,localização por RCS sem contato,RCS
2026-08-26,C0000344,S260823-A1-LOC-ND-L0,S260823-A1-LOC-ND-L3,localização por RCS sem contato,RCS
2026-08-26,C0000345,S260823-A1-LOC-ND-L0,S260823-A1-LOC-ND-L3,localização por RCS sem contato,RCS
2026-08-27,C0000001,,S260827-M2-LOC-ND-L0,entrada na esteira; enriquecimento básico + WhatsApp válido,Planejamento
2026-08-27,C0000007,,S260827-M1-LOC-ND-L0,entrada na esteira; enriquecimento completo,Planejamento
2026-08-27,C0000023,,S260827-M1-LOC-ND-L0,entrada na esteira; enriquecimento completo,Planejamento
2026-08-27,C0000039,,S260827-B1-LOC-ND-L0,entrada na esteira; enriquecimento básico,Planejamento
2026-08-27,C0000129,,S260827-A3-LOC-ND-L0,entrada na esteira; enriquecimento completo + localizador,Planejamento
2026-08-27,C0000162,,S260827-A2-LOC-ND-L0,entrada na esteira; enriquecimento completo + novos telefones,Planejamento
2026-08-27,C0000179,,S260827-M2-LOC-ND-L0,entrada na esteira; enriquecimento básico + WhatsApp válido,Planejamento
2026-08-27,C0000188,,S260827-M1-LOC-ND-L0,entrada na esteira; enriquecimento completo,Planejamento
2026-08-27,C0000217,,S260827-A1-LOC-ND-L0,entrada na esteira; enriquecimento completo,Planejamento
2026-08-27,C0000271,,S260827-B1-LOC-ND-L0,entrada na esteira; enriquecimento básico,Planejamento
2026-08-27,C0000284,,S260827-B2-LOC-ND-L0,entrada na esteira; enriquecimento básico,Planejamento
2026-08-27,C0000371,,S260827-M3-LOC-ND-L0,entrada na esteira; enriquecimento básico,Planejamento
2026-08-27,C0000378,,S260827-M2-LOC-ND-L0,entrada na esteira; enriquecimento básico + WhatsApp válido,Planejamento
2026-08-27,C0000351,S260804-M3-CPA-DC-T1,S260804-M3-CPB-DC-T1,sem resposta na ação de negociação → CPC B,Discador
2026-08-27,C0000002,S260805-B1-PRE-WA-D-2,S260805-B1-PRE-WA-D-1,parcela a vencer,Sist. acordos
2026-08-27,C0000022,S260806-B1-NCP-ND-G2,S260806-B1-CPA-AV-T1,contato no Agente virtual → CPC A,Agente virtual
2026-08-27,C0000234,S260806-A1-NCP-ND-G2,S260806-A1-CPA-DC-T1,contato no Discador → CPC A,Discador
2026-08-27,C0000350,S260806-B3-CPA-RC-T1,S260806-B3-CPB-RC-T1,sem resposta na ação de negociação → CPC B,RCS
2026-08-27,C0000126,S260810-B3-NCP-ND-G1,S260810-B3-NCP-ND-G2,2º ciclo de giro,Automático
2026-08-27,C0000127,S260810-M3-CPA-SM-T1,S260810-M3-CPB-SM-T1,sem resposta na ação de negociação → CPC B,SMS
2026-08-27,C0000255,S260810-B2-NCP-ND-G1,S260810-B2-NCP-ND-G2,2º ciclo de giro,Automático
2026-08-27,C0000282,S260810-B1-NCP-ND-G1,S260810-B1-NCP-ND-G2,2º ciclo de giro,Automático
2026-08-27,C0000311,S260810-B1-NCP-ND-G1,S260810-B1-NCP-ND-G2,2º ciclo de giro,Automático
2026-08-27,C0000359,S260810-B1-NCP-ND-G1,S260810-B1-NCP-ND-G2,2º ciclo de giro,Automático
2026-08-27,C0000382,S260810-M3-NCP-ND-G1,S260810-M3-NCP-ND-G2,2º ciclo de giro,Automático
2026-08-27,C0000081,S260814-A1-CPA-RC-T1,S260814-A1-CPB-RC-T1,sem resposta na ação de negociação → CPC B,RCS
2026-08-27,C0000125,S260814-M1-COL-SM,S260814-M1-PRE-SM-D-3,parcela a vencer,Sist. acordos
2026-08-27,C0000252,S260814-M2-NCP-ND-G1,S260814-M2-CPA-AV-T1,contato no Agente virtual → CPC A,Agente virtual
2026-08-27,C0000099,S260816-M1-NCP-ND-G1,S260816-M1-CPA-RC-T1,contato no RCS → CPC A,RCS
2026-08-27,C0000223,S260816-M1-NCP-ND-G1,S260816-M1-CPA-RC-T1,contato no RCS → CPC A,RCS
2026-08-27,C0000316,S260816-B2-NCP-ND-G1,S260816-B2-CPA-RC-T1,contato no RCS → CPC A,RCS
2026-08-27,C0000248,S260818-M2-CPA-EM-T1,S260818-M2-CPB-EM-T1,sem resposta na ação de negociação → CPC B,E-mail
2026-08-27,C0000014,S260819-A3-LOC-ND-L7,S260819-A3-NCP-ND-G1,"D+8 sem contato → Não CPC, entra no giro",Automático
2026-08-27,C0000076,S260819-A3-LOC-ND-L7,S260819-A3-NCP-ND-G1,"D+8 sem contato → Não CPC, entra no giro",Automático
2026-08-27,C0000131,S260819-A1-LOC-ND-L7,S260819-A1-NCP-ND-G1,"D+8 sem contato → Não CPC, entra no giro",Automático
2026-08-27,C0000220,S260819-M1-LOC-ND-L7,S260819-M1-NCP-ND-G1,"D+8 sem contato → Não CPC, entra no giro",Automático
2026-08-27,C0000320,S260819-A2-LOC-ND-L7,S260819-A2-NCP-ND-G1,"D+8 sem contato → Não CPC, entra no giro",Automático
2026-08-27,C0000363,S260819-A1-LOC-ND-L7,S260819-A1-NCP-ND-G1,"D+8 sem contato → Não CPC, entra no giro",Automático
2026-08-27,C0000011,S260820-B1-LOC-ND-L5,S260820-B1-LOC-ND-L7,localização por SMS+E-mail sem contato,SMS
2026-08-27,C0000025,S260820-B3-LOC-ND-L1,S260820-B3-LOC-ND-L7,localização por SMS+E-mail sem contato,SMS
2026-08-27,C0000028,S260820-B3-LOC-ND-L1,S260820-B3-LOC-ND-L7,localização por SMS sem contato,SMS
2026-08-27,C0000032,S260820-B2-CPA-DC-T1,S260820-B2-CPB-DC-T1,sem resposta na ação de negociação → CPC B,Discador
2026-08-27,C0000049,S260820-M2-LOC-ND-L5,S260820-M2-LOC-ND-L7,localização por SMS+E-mail sem contato,SMS
2026-08-27,C0000088,S260820-B3-LOC-ND-L1,S260820-B3-LOC-ND-L7,localização por SMS+E-mail sem contato,SMS
2026-08-27,C0000154,S260820-M1-LOC-ND-L5,S260820-M1-LOC-ND-L7,localização por SMS+E-mail sem contato,SMS
2026-08-27,C0000159,S260820-B1-LOC-ND-L5,S260820-B1-LOC-ND-L7,localização por SMS+E-mail sem contato,SMS
2026-08-27,C0000171,S260820-M1-LOC-ND-L5,S260820-M1-LOC-ND-L7,localização por SMS+E-mail sem contato,SMS
2026-08-27,C0000180,S260820-B1-CPA-AV-T1,S260820-B1-CPA-DC-T1,contato no Discador → CPC A,Discador
2026-08-27,C0000207,S260820-B3-LOC-ND-L1,S260820-B3-LOC-ND-L7,localização por SMS sem contato,SMS
2026-08-27,C0000230,S260820-M3-LOC-ND-L5,S260820-M3-LOC-ND-L7,localização por SMS sem contato,SMS
2026-08-27,C0000253,S260820-A1-LOC-ND-L5,S260820-A1-LOC-ND-L7,localização por SMS sem contato,SMS
2026-08-27,C0000328,S260820-M3-LOC-ND-L5,S260820-M3-LOC-ND-L7,localização por SMS sem contato,SMS
2026-08-27,C0000346,S260820-M1-LOC-ND-L5,S260820-M1-LOC-ND-L7,localização por SMS+E-mail sem contato,SMS
2026-08-27,C0000212,S260821-A2-COL-WA,S260821-A2-PRE-WA-D-3,parcela a vencer,Sist. acordos
2026-08-27,C0000042,S260822-B1-LOC-ND-L3,S260822-B1-LOC-ND-L5,localização por Agente virtual+Discador sem contato,Agente virtual
2026-08-27,C0000057,S260822-B1-CPA-RC-T1,S260822-B1-CPB-RC-T1,sem resposta na ação de negociação → CPC B,RCS
2026-08-27,C0000086,S260822-A3-LOC-ND-L3,S260822-A3-LOC-ND-L5,localização por Agente virtual+Discador sem contato,Agente virtual
2026-08-27,C0000095,S260822-M1-LOC-ND-L3,S260822-M1-LOC-ND-L5,localização por Agente virtual+Discador sem contato,Agente virtual
2026-08-27,C0000124,S260822-B1-LOC-ND-L3,S260822-B1-LOC-ND-L5,localização por Agente virtual+Discador sem contato,Agente virtual
2026-08-27,C0000157,S260822-B1-LOC-ND-L3,S260822-B1-LOC-ND-L5,localização por Agente virtual+Discador sem contato,Agente virtual
2026-08-27,C0000199,S260822-A3-LOC-ND-L3,S260822-A3-LOC-ND-L5,localização por Agente virtual+Discador sem contato,Agente virtual
2026-08-27,C0000237,S260822-A2-LOC-ND-L3,S260822-A2-LOC-ND-L5,localização por Agente virtual+Discador sem contato,Agente virtual
2026-08-27,C0000313,S260822-A3-LOC-ND-L3,S260822-A3-LOC-ND-L5,localização por Agente virtual+Discador sem contato,Agente virtual
2026-08-27,C0000339,S260822-B2-LOC-ND-L3,S260822-B2-LOC-ND-L5,localização por Agente virtual+Discador sem contato,Agente virtual
2026-08-27,C0000341,S260822-A1-LOC-ND-L3,S260822-A1-LOC-ND-L5,localização por Agente virtual+Discador sem contato,Agente virtual
2026-08-27,C0000354,S260822-B1-LOC-ND-L3,S260822-B1-LOC-ND-L5,localização por Agente virtual+Discador sem contato,Agente virtual
2026-08-27,C0000383,S260822-M2-LOC-ND-L3,S260822-M2-LOC-ND-L5,localização por Agente virtual+Discador sem contato,Agente virtual
2026-08-27,C0000100,S260824-A1-LOC-ND-L0,S260824-A1-CPA-RC-T1,contato no RCS → CPC A,RCS
2026-08-27,C0000141,S260824-A3-LOC-ND-L0,S260824-A3-LOC-ND-L3,localização por RCS sem contato,RCS
2026-08-27,C0000165,S260824-M2-LOC-ND-L0,S260824-M2-LOC-ND-L3,localização por RCS sem contato,RCS
2026-08-27,C0000209,S260824-A1-LOC-ND-L0,S260824-A1-LOC-ND-L3,localização por RCS sem contato,RCS
2026-08-27,C0000214,S260824-A2-LOC-ND-L0,S260824-A2-LOC-ND-L3,localização por RCS sem contato,RCS
2026-08-27,C0000297,S260824-A3-LOC-ND-L0,S260824-A3-LOC-ND-L3,localização por RCS sem contato,RCS
2026-08-27,C0000392,S260824-M2-LOC-ND-L0,S260824-M2-LOC-ND-L3,localização por RCS sem contato,RCS
2026-08-28,C0000066,,S260828-M1-LOC-ND-L0,entrada na esteira; enriquecimento completo,Planejamento
2026-08-28,C0000148,,S260828-M2-LOC-ND-L0,entrada na esteira; enriquecimento básico + WhatsApp válido,Planejamento
2026-08-28,C0000185,,S260828-B2-LOC-ND-L0,entrada na esteira; enriquecimento básico,Planejamento
2026-08-28,C0000193,,S260828-B3-LOC-ND-L0,entrada na esteira; enriquecimento só digital,Planejamento
2026-08-28,C0000262,,S260828-M1-LOC-ND-L0,entrada na esteira; enriquecimento completo,Planejamento
2026-08-28,C0000269,,S260828-B1-LOC-ND-L0,entrada na esteira; enriquecimento básico,Planejamento
2026-08-28,C0000294,,S260828-A1-LOC-ND-L0,entrada na esteira; enriquecimento completo,Planejamento
2026-08-28,C0000369,,S260828-M3-LOC-ND-L0,entrada na esteira; enriquecimento básico,Planejamento
2026-08-28,C0000381,,S260828-M3-LOC-ND-L0,entrada na esteira; enriquecimento básico,Planejamento
2026-08-28,C0000387,,S260828-M1-LOC-ND-L0,entrada na esteira; enriquecimento completo,Planejamento
2026-08-28,C0000013,S260803-M2-NCP-ND-G2,S260803-M2-NCP-ND-G3,3º ciclo de giro,Automático
2026-08-28,C0000072,S260803-A2-NCP-ND-G2,S260803-A2-NCP-ND-G3,3º ciclo de giro,Automático
2026-08-28,C0000082,S260803-B2-COL-DC,S260803-B2-PRE-DC-D-3,parcela a vencer,Sist. acordos
2026-08-28,C0000096,S260803-M2-COL-DC,S260803-M2-PRE-DC-D-3,parcela a vencer,Sist. acordos
2026-08-28,C0000136,S260803-B1-NCP-ND-G2,S260803-B1-NCP-ND-G3,3º ciclo de giro,Automático
2026-08-28,C0000197,S260803-M2-CPA-EM-T1,S260803-M2-CPB-EM-T1,sem resposta na ação de negociação → CPC B,E-mail
2026-08-28,C0000208,S260803-A3-NCP-ND-G2,S260803-A3-NCP-ND-G3,3º ciclo de giro,Automático
2026-08-28,C0000300,S260803-M1-CPB-RC-T2,S260803-M1-CPB-RC-T3,3ª tentativa no canal sem resposta,RCS
2026-08-28,C0000343,S260803-M2-NCP-ND-G2,S260803-M2-NCP-ND-G3,3º ciclo de giro,Automático
2026-08-28,C0000347,S260803-M1-CPB-DC-T2,S260803-M1-CPA-DC-T1,contato no Discador → CPC A,Discador
2026-08-28,C0000355,S260803-B2-CPB-RC-T2,S260803-B2-CPB-RC-T3,3ª tentativa no canal sem resposta,RCS
2026-08-28,C0000150,S260804-B2-CPB-EM-T3,S260804-B2-CPB-RC-T1,rotação de canal para RCS,RCS
2026-08-28,C0000201,S260804-M3-CPB-DC-T2,S260804-M3-CPB-DC-T3,3ª tentativa no canal sem resposta,Discador
2026-08-28,C0000250,S260804-M1-CPB-DC-T1,S260804-M1-CPB-DC-T2,2ª tentativa no canal sem resposta,Discador
2026-08-28,C0000002,S260805-B1-PRE-WA-D-1,S260805-B1-LIQ-WA,acordo quitado,Sist. acordos
2026-08-28,C0000177,S260805-B2-COL-WA,S260805-B2-PRE-WA-D-3,parcela a vencer,Sist. acordos
2026-08-28,C0000181,S260805-B2-CPB-RC-T1,S260805-B2-CPB-RC-T2,2ª tentativa no canal sem resposta,RCS
2026-08-28,C0000283,S260805-B2-CPB-SM-T1,S260805-B2-CPB-SM-T2,2ª tentativa no canal sem resposta,SMS
2026-08-28,C0000026,S260806-B1-CPB-SM-T1,S260806-B1-CPB-SM-T2,2ª tentativa no canal sem resposta,SMS
2026-08-28,C0000061,S260806-B1-CPB-SM-T1,S260806-B1-CPB-SM-T2,2ª tentativa no canal sem resposta,SMS
2026-08-28,C0000103,S260806-A1-CPB-SM-T1,S260806-A1-CPB-SM-T2,2ª tentativa no canal sem resposta,SMS
2026-08-28,C0000137,S260806-A1-CPB-WA-T1,S260806-A1-CPA-WA-T1,contato no WhatsApp → CPC A,WhatsApp
2026-08-28,C0000137,S260806-A1-CPA-WA-T1,S260806-A1-COL-WA,acordo ativo (colchão),Sist. acordos
2026-08-28,C0000216,S260806-A1-CPB-RC-T2,S260806-A1-CPB-RC-T3,3ª tentativa no canal sem resposta,RCS
2026-08-28,C0000261,S260806-M1-CPA-AV-T1,S260806-M1-CPB-AV-T1,sem resposta na ação de negociação → CPC B,Agente virtual
2026-08-28,C0000333,S260806-A2-CPB-RC-T2,S260806-A2-CPB-RC-T3,3ª tentativa no canal sem resposta,RCS
2026-08-28,C0000069,S260807-M2-NCP-ND-G2,S260807-M2-CPA-AV-T1,contato no Agente virtual → CPC A,Agente virtual
2026-08-28,C0000166,S260807-M2-CPB-RC-T3,S260807-M2-CPB-AV-T1,rotação de canal para Agente virtual,Agente virtual
2026-08-28,C0000202,S260807-M1-CPB-SM-T3,S260807-M1-CPB-WA-T1,rotação de canal para WhatsApp,WhatsApp
2026-08-28,C0000189,S260808-B2-CPB-RC-T1,S260808-B2-CPB-RC-T2,2ª tentativa no canal sem resposta,RCS
2026-08-28,C0000226,S260808-A3-COL-DC,S260808-A3-PRE-DC-D-3,parcela a vencer,Sist. acordos
2026-08-28,C0000210,S260809-M3-CPB-DC-T1,S260809-M3-CPB-DC-T2,2ª tentativa no canal sem resposta,Discador
2026-08-28,C0000233,S260809-M2-COL-RC,S260809-M2-PRE-RC-D-3,parcela a vencer,Sist. acordos
2026-08-28,C0000295,S260809-M1-CPB-RC-T3,S260809-M1-CPB-AV-T1,rotação de canal para Agente virtual,Agente virtual
2026-08-28,C0000107,S260810-M1-CPA-AV-T1,S260810-M1-CPB-AV-T1,sem resposta na ação de negociação → CPC B,Agente virtual
2026-08-28,C0000046,S260811-A1-NCP-ND-G1,S260811-A1-NCP-ND-G2,2º ciclo de giro,Automático
2026-08-28,C0000050,S260811-A1-CPA-RC-T1,S260811-A1-CPB-RC-T1,sem resposta na ação de negociação → CPC B,RCS
2026-08-28,C0000077,S260811-B3-NCP-ND-G1,S260811-B3-NCP-ND-G2,2º ciclo de giro,Automático
2026-08-28,C0000098,S260811-M3-NCP-ND-G1,S260811-M3-NCP-ND-G2,2º ciclo de giro,Automático
2026-08-28,C0000111,S260811-A1-NCP-ND-G1,S260811-A1-NCP-ND-G2,2º ciclo de giro,Automático
2026-08-28,C0000122,S260811-A1-NCP-ND-G1,S260811-A1-NCP-ND-G2,2º ciclo de giro,Automático
2026-08-28,C0000147,S260811-B1-NCP-ND-G1,S260811-B1-NCP-ND-G2,2º ciclo de giro,Automático
2026-08-28,C0000155,S260811-B3-NCP-ND-G1,S260811-B3-NCP-ND-G2,2º ciclo de giro,Automático
2026-08-28,C0000169,S260811-B3-NCP-ND-G1,S260811-B3-NCP-ND-G2,2º ciclo de giro,Automático
2026-08-28,C0000184,S260811-M1-NCP-ND-G1,S260811-M1-NCP-ND-G2,2º ciclo de giro,Automático
2026-08-28,C0000213,S260811-M3-NCP-ND-G1,S260811-M3-NCP-ND-G2,2º ciclo de giro,Automático
2026-08-28,C0000272,S260811-M2-NCP-ND-G1,S260811-M2-NCP-ND-G2,2º ciclo de giro,Automático
2026-08-28,C0000281,S260811-M2-CPB-RC-T2,S260811-M2-CPB-RC-T3,3ª tentativa no canal sem resposta,RCS
2026-08-28,C0000338,S260811-B1-NCP-ND-G1,S260811-B1-NCP-ND-G2,2º ciclo de giro,Automático
2026-08-28,C0000384,S260811-B2-CPB-AV-T1,S260811-B2-CPB-AV-T2,2ª tentativa no canal sem resposta,Agente virtual
2026-08-28,C0000395,S260811-B1-NCP-ND-G1,S260811-B1-NCP-ND-G2,2º ciclo de giro,Automático
2026-08-28,C0000106,S260812-B3-CPA-WA-T1,S260812-B3-CPB-WA-T1,sem resposta na ação de negociação → CPC B,WhatsApp
2026-08-28,C0000016,S260813-M1-CPB-WA-T2,S260813-M1-CPB-WA-T3,3ª tentativa no canal sem resposta,WhatsApp
2026-08-28,C0000115,S260813-A3-CPB-RC-T1,S260813-A3-CPB-RC-T2,2ª tentativa no canal sem resposta,RCS
2026-08-28,C0000232,S260813-A3-CPB-DC-T1,S260813-A3-CPB-DC-T2,2ª tentativa no canal sem resposta,Discador
2026-08-28,C0000324,S260813-M1-CPA-AV-T1,S260813-M1-CPB-AV-T1,sem resposta na ação de negociação → CPC B,Agente virtual
2026-08-28,C0000398,S260813-B1-CPB-SM-T1,S260813-B1-CPB-SM-T2,2ª tentativa no canal sem resposta,SMS
2026-08-28,C0000125,S260814-M1-PRE-SM-D-3,S260814-M1-PRE-SM-D-2,parcela a vencer,Sist. acordos
2026-08-28,C0000276,S260814-B1-COL-EM,S260814-B1-PRE-EM-D-3,parcela a vencer,Sist. acordos
2026-08-28,C0000342,S260814-M2-CPB-AV-T1,S260814-M2-CPB-AV-T2,2ª tentativa no canal sem resposta,Agente virtual
2026-08-28,C0000040,S260815-B1-NCP-ND-G1,S260815-B1-CPA-DC-T1,contato no Discador → CPC A,Discador
2026-08-28,C0000153,S260815-M2-CPA-RC-T1,S260815-M2-CPB-RC-T1,sem resposta na ação de negociação → CPC B,RCS
2026-08-28,C0000196,S260815-B2-NCP-ND-G1,S260815-B2-CPA-AV-T1,contato no Agente virtual → CPC A,Agente virtual
2026-08-28,C0000108,S260816-B1-CPB-AV-T2,S260816-B1-CPB-AV-T3,3ª tentativa no canal sem resposta,Agente virtual
2026-08-28,C0000393,S260816-M1-CPB-RC-T3,S260816-M1-CPB-AV-T1,rotação de canal para Agente virtual,Agente virtual
2026-08-28,C0000056,S260817-A1-NCP-ND-G1,S260817-A1-CPA-RC-T1,contato no RCS → CPC A,RCS
2026-08-28,C0000056,S260817-A1-CPA-RC-T1,S260817-A1-COL-RC,acordo ativo (colchão),Sist. acordos
2026-08-28,C0000211,S260817-A1-NCP-ND-G1,S260817-A1-CPA-RC-T1,contato no RCS → CPC A,RCS
2026-08-28,C0000211,S260817-A1-CPA-RC-T1,S260817-A1-COL-RC,acordo ativo (colchão),Sist. acordos
2026-08-28,C0000132,S260818-A2-CPB-RC-T2,S260818-A2-CPB-RC-T3,3ª tentativa no canal sem resposta,RCS
2026-08-28,C0000149,S260818-M2-CPB-RC-T2,S260818-M2-CPB-RC-T3,3ª tentativa no canal sem resposta,RCS
2026-08-28,C0000011,S260820-B1-LOC-ND-L7,S260820-B1-NCP-ND-G1,"D+8 sem contato → Não CPC, entra no giro",Automático
2026-08-28,C0000025,S260820-B3-LOC-ND-L7,S260820-B3-NCP-ND-G1,"D+8 sem contato → Não CPC, entra no giro",Automático
2026-08-28,C0000028,S260820-B3-LOC-ND-L7,S260820-B3-NCP-ND-G1,"D+8 sem contato → Não CPC, entra no giro",Automático
2026-08-28,C0000049,S260820-M2-LOC-ND-L7,S260820-M2-NCP-ND-G1,"D+8 sem contato → Não CPC, entra no giro",Automático
2026-08-28,C0000088,S260820-B3-LOC-ND-L7,S260820-B3-NCP-ND-G1,"D+8 sem contato → Não CPC, entra no giro",Automático
2026-08-28,C0000154,S260820-M1-LOC-ND-L7,S260820-M1-NCP-ND-G1,"D+8 sem contato → Não CPC, entra no giro",Automático
2026-08-28,C0000159,S260820-B1-LOC-ND-L7,S260820-B1-NCP-ND-G1,"D+8 sem contato → Não CPC, entra no giro",Automático
2026-08-28,C0000171,S260820-M1-LOC-ND-L7,S260820-M1-NCP-ND-G1,"D+8 sem contato → Não CPC, entra no giro",Automático
2026-08-28,C0000207,S260820-B3-LOC-ND-L7,S260820-B3-NCP-ND-G1,"D+8 sem contato → Não CPC, entra no giro",Automático
2026-08-28,C0000230,S260820-M3-LOC-ND-L7,S260820-M3-NCP-ND-G1,"D+8 sem contato → Não CPC, entra no giro",Automático
2026-08-28,C0000253,S260820-A1-LOC-ND-L7,S260820-A1-NCP-ND-G1,"D+8 sem contato → Não CPC, entra no giro",Automático
2026-08-28,C0000328,S260820-M3-LOC-ND-L7,S260820-M3-NCP-ND-G1,"D+8 sem contato → Não CPC, entra no giro",Automático
2026-08-28,C0000346,S260820-M1-LOC-ND-L7,S260820-M1-NCP-ND-G1,"D+8 sem contato → Não CPC, entra no giro",Automático
2026-08-28,C0000349,S260820-B2-LOC-ND-L5,S260820-B2-NCP-ND-G1,"D+8 sem contato → Não CPC, entra no giro",Automático
2026-08-28,C0000018,S260821-B2-LOC-ND-L5,S260821-B2-LOC-ND-L7,localização por SMS+E-mail sem contato,SMS
2026-08-28,C0000033,S260821-M3-CPA-AV-T1,S260821-M3-CPA-DC-T1,contato no Discador → CPC A,Discador
2026-08-28,C0000035,S260821-M3-LOC-ND-L5,S260821-M3-LOC-ND-L7,localização por SMS sem contato,SMS
2026-08-28,C0000044,S260821-B1-COL-RC,S260821-B1-PRE-RC-D-3,parcela a vencer,Sist. acordos
2026-08-28,C0000047,S260821-M2-CPB-WA-T2,S260821-M2-CPB-WA-T3,3ª tentativa no canal sem resposta,WhatsApp
2026-08-28,C0000053,S260821-B1-CPA-AV-T1,S260821-B1-CPB-AV-T1,sem resposta na ação de negociação → CPC B,Agente virtual
2026-08-28,C0000059,S260821-B1-LOC-ND-L5,S260821-B1-LOC-ND-L7,localização por SMS sem contato,SMS
2026-08-28,C0000121,S260821-M1-LOC-ND-L5,S260821-M1-LOC-ND-L7,localização por SMS sem contato,SMS
2026-08-28,C0000146,S260821-B1-LOC-ND-L5,S260821-B1-LOC-ND-L7,localização por SMS+E-mail sem contato,SMS
2026-08-28,C0000212,S260821-A2-PRE-WA-D-3,S260821-A2-PRE-WA-D-2,parcela a vencer,Sist. acordos
2026-08-28,C0000236,S260821-A1-LOC-ND-L5,S260821-A1-LOC-ND-L7,localização por SMS+E-mail sem contato,SMS
2026-08-28,C0000298,S260821-M3-LOC-ND-L5,S260821-M3-LOC-ND-L7,localização por SMS+E-mail sem contato,SMS
2026-08-28,C0000306,S260821-A1-CPB-WA-T2,S260821-A1-CPB-WA-T3,3ª tentativa no canal sem resposta,WhatsApp
2026-08-28,C0000322,S260821-M2-LOC-ND-L5,S260821-M2-LOC-ND-L7,localização por SMS+E-mail sem contato,SMS
2026-08-28,C0000004,S260823-B2-LOC-ND-L3,S260823-B2-LOC-ND-L5,localização por Agente virtual+Discador sem contato,Agente virtual
2026-08-28,C0000008,S260823-M1-LOC-ND-L3,S260823-M1-LOC-ND-L5,localização por Agente virtual+Discador sem contato,Agente virtual
2026-08-28,C0000010,S260823-A3-LOC-ND-L3,S260823-A3-LOC-ND-L5,localização por Agente virtual+Discador sem contato,Agente virtual
2026-08-28,C0000024,S260823-M1-LOC-ND-L3,S260823-M1-LOC-ND-L5,localização por Agente virtual+Discador sem contato,Agente virtual
2026-08-28,C0000102,S260823-M2-LOC-ND-L3,S260823-M2-CPA-AV-T1,contato no Agente virtual → CPC A,Agente virtual
2026-08-28,C0000102,S260823-M2-CPA-AV-T1,S260823-M2-COL-AV,acordo ativo (colchão),Sist. acordos
2026-08-28,C0000168,S260823-M1-LOC-ND-L3,S260823-M1-CPA-AV-T1,contato no Agente virtual → CPC A,Agente virtual
2026-08-28,C0000175,S260823-B1-LOC-ND-L3,S260823-B1-LOC-ND-L5,localização por Agente virtual+Discador sem contato,Agente virtual
2026-08-28,C0000186,S260823-M3-LOC-ND-L3,S260823-M3-LOC-ND-L5,localização por Agente virtual+Discador sem contato,Agente virtual
2026-08-28,C0000215,S260823-M1-LOC-ND-L3,S260823-M1-LOC-ND-L5,localização por Agente virtual+Discador sem contato,Agente virtual
2026-08-28,C0000259,S260823-B1-LOC-ND-L3,S260823-B1-LOC-ND-L5,localização por Agente virtual+Discador sem contato,Agente virtual
2026-08-28,C0000296,S260823-M3-LOC-ND-L3,S260823-M3-LOC-ND-L5,localização por Agente virtual+Discador sem contato,Agente virtual
2026-08-28,C0000344,S260823-A1-LOC-ND-L3,S260823-A1-LOC-ND-L5,localização por Agente virtual+Discador sem contato,Agente virtual
2026-08-28,C0000345,S260823-A1-LOC-ND-L3,S260823-A1-LOC-ND-L5,localização por Agente virtual+Discador sem contato,Agente virtual
2026-08-28,C0000000,S260825-B1-LOC-ND-L0,S260825-B1-LOC-ND-L3,localização por RCS sem contato,RCS
2026-08-28,C0000074,S260825-M1-LOC-ND-L0,S260825-M1-LOC-ND-L3,localização por RCS sem contato,RCS
2026-08-28,C0000079,S260825-M3-LOC-ND-L0,S260825-M3-LOC-ND-L3,localização por RCS sem contato,RCS
2026-08-28,C0000229,S260825-B1-LOC-ND-L0,S260825-B1-LOC-ND-L3,localização por RCS sem contato,RCS
2026-08-28,C0000240,S260825-B3-LOC-ND-L0,S260825-B3-LOC-ND-L3,localização por RCS sem contato,RCS
2026-08-28,C0000243,S260825-B3-LOC-ND-L0,S260825-B3-LOC-ND-L3,localização por RCS sem contato,RCS
2026-08-28,C0000326,S260825-M3-LOC-ND-L0,S260825-M3-LOC-ND-L3,localização por RCS sem contato,RCS
2026-08-28,C0000365,S260825-B3-LOC-ND-L0,S260825-B3-LOC-ND-L3,localização por RCS sem contato,RCS
2026-08-28,C0000368,S260825-B1-LOC-ND-L0,S260825-B1-LOC-ND-L3,localização por RCS sem contato,RCS
2026-08-29,C0000003,,S260829-M1-LOC-ND-L0,entrada na esteira; enriquecimento completo,Planejamento
2026-08-29,C0000005,,S260829-A3-LOC-ND-L0,entrada na esteira; enriquecimento completo + localizador,Planejamento
2026-08-29,C0000036,,S260829-M3-LOC-ND-L0,entrada na esteira; enriquecimento básico,Planejamento
2026-08-29,C0000037,,S260829-M2-LOC-ND-L0,entrada na esteira; enriquecimento básico + WhatsApp válido,Planejamento
2026-08-29,C0000105,,S260829-B1-LOC-ND-L0,entrada na esteira; enriquecimento básico,Planejamento
2026-08-29,C0000142,,S260829-B1-LOC-ND-L0,entrada na esteira; enriquecimento básico,Planejamento
2026-08-29,C0000265,,S260829-A1-LOC-ND-L0,entrada na esteira; enriquecimento completo,Planejamento
2026-08-29,C0000267,,S260829-B1-LOC-ND-L0,entrada na esteira; enriquecimento básico,Planejamento
2026-08-29,C0000310,,S260829-A3-LOC-ND-L0,entrada na esteira; enriquecimento completo + localizador,Planejamento
2026-08-29,C0000370,,S260829-M1-LOC-ND-L0,entrada na esteira; enriquecimento completo,Planejamento
2026-08-29,C0000082,S260803-B2-PRE-DC-D-3,S260803-B2-PRE-DC-D-2,parcela a vencer,Sist. acordos
2026-08-29,C0000096,S260803-M2-PRE-DC-D-3,S260803-M2-PRE-DC-D-2,parcela a vencer,Sist. acordos
2026-08-29,C0000020,S260804-B3-NCP-ND-G2,S260804-B3-NCP-ND-G3,3º ciclo de giro,Automático
2026-08-29,C0000038,S260804-A1-NCP-ND-G2,S260804-A1-NCP-ND-G3,3º ciclo de giro,Automático
2026-08-29,C0000139,S260804-M1-NCP-ND-G2,S260804-M1-NCP-ND-G3,3º ciclo de giro,Automático
2026-08-29,C0000182,S260804-B3-NCP-ND-G2,S260804-B3-NCP-ND-G3,3º ciclo de giro,Automático
2026-08-29,C0000293,S260804-B2-NCP-ND-G2,S260804-B2-NCP-ND-G3,3º ciclo de giro,Automático
2026-08-29,C0000348,S260804-A1-NCP-ND-G2,S260804-A1-NCP-ND-G3,3º ciclo de giro,Automático
2026-08-29,C0000351,S260804-M3-CPB-DC-T1,S260804-M3-CPB-DC-T2,2ª tentativa no canal sem resposta,Discador
2026-08-29,C0000390,S260804-A2-NCP-ND-G2,S260804-A2-NCP-ND-G3,3º ciclo de giro,Automático
2026-08-29,C0000177,S260805-B2-PRE-WA-D-3,S260805-B2-PRE-WA-D-2,parcela a vencer,Sist. acordos
2026-08-29,C0000022,S260806-B1-CPA-AV-T1,S260806-B1-CPB-AV-T1,sem resposta na ação de negociação → CPC B,Agente virtual
2026-08-29,C0000067,S260806-M1-COL-WA,S260806-M1-PRE-WA-D-3,parcela a vencer,Sist. acordos
2026-08-29,C0000350,S260806-B3-CPB-RC-T1,S260806-B3-CPB-RC-T2,2ª tentativa no canal sem resposta,RCS
2026-08-29,C0000226,S260808-A3-PRE-DC-D-3,S260808-A3-PRE-DC-D-2,parcela a vencer,Sist. acordos
2026-08-29,C0000233,S260809-M2-PRE-RC-D-3,S260809-M2-LIQ-RC,acordo quitado,Sist. acordos
2026-08-29,C0000127,S260810-M3-CPB-SM-T1,S260810-M3-CPB-SM-T2,2ª tentativa no canal sem resposta,SMS
2026-08-29,C0000255,S260810-B2-NCP-ND-G2,S260810-B2-CPA-RC-T1,contato no RCS → CPC A,RCS
2026-08-29,C0000255,S260810-B2-CPA-RC-T1,S260810-B2-COL-RC,acordo ativo (colchão),Sist. acordos
2026-08-29,C0000311,S260810-B1-NCP-ND-G2,S260810-B1-CPA-RC-T1,contato no RCS → CPC A,RCS
2026-08-29,C0000055,S260812-M1-NCP-ND-G1,S260812-M1-NCP-ND-G2,2º ciclo de giro,Automático
2026-08-29,C0000075,S260812-M2-COL-AV,S260812-M2-PRE-AV-D-3,parcela a vencer,Sist. acordos
2026-08-29,C0000083,S260812-M2-NCP-ND-G1,S260812-M2-NCP-ND-G2,2º ciclo de giro,Automático
2026-08-29,C0000123,S260812-A1-NCP-ND-G1,S260812-A1-NCP-ND-G2,2º ciclo de giro,Automático
2026-08-29,C0000161,S260812-M2-NCP-ND-G1,S260812-M2-NCP-ND-G2,2º ciclo de giro,Automático
2026-08-29,C0000224,S260812-B1-NCP-ND-G1,S260812-B1-NCP-ND-G2,2º ciclo de giro,Automático
2026-08-29,C0000264,S260812-A3-NCP-ND-G1,S260812-A3-NCP-ND-G2,2º ciclo de giro,Automático
2026-08-29,C0000286,S260812-A1-NCP-ND-G1,S260812-A1-NCP-ND-G2,2º ciclo de giro,Automático
2026-08-29,C0000367,S260812-B1-NCP-ND-G1,S260812-B1-NCP-ND-G2,2º ciclo de giro,Automático
2026-08-29,C0000081,S260814-A1-CPB-RC-T1,S260814-A1-CPB-RC-T2,2ª tentativa no canal sem resposta,RCS
2026-08-29,C0000125,S260814-M1-PRE-SM-D-2,S260814-M1-PRE-SM-D-1,parcela a vencer,Sist. acordos
2026-08-29,C0000183,S260814-A1-NCP-ND-G1,S260814-A1-CPA-SM-T1,contato no SMS → CPC A,SMS
2026-08-29,C0000252,S260814-M2-CPA-AV-T1,S260814-M2-CPB-AV-T1,sem resposta na ação de negociação → CPC B,Agente virtual
2026-08-29,C0000276,S260814-B1-PRE-EM-D-3,S260814-B1-PRE-EM-D-2,parcela a vencer,Sist. acordos
2026-08-29,C0000099,S260816-M1-CPA-RC-T1,S260816-M1-CPB-RC-T1,sem resposta na ação de negociação → CPC B,RCS
2026-08-29,C0000223,S260816-M1-CPA-RC-T1,S260816-M1-CPB-RC-T1,sem resposta na ação de negociação → CPC B,RCS
2026-08-29,C0000316,S260816-B2-CPA-RC-T1,S260816-B2-CPB-RC-T1,sem resposta na ação de negociação → CPC B,RCS
2026-08-29,C0000394,S260816-M3-NCP-ND-G1,S260816-M3-CPA-AV-T1,contato no Agente virtual → CPC A,Agente virtual
2026-08-29,C0000222,S260817-A3-COL-AV,S260817-A3-PRE-AV-D-3,parcela a vencer,Sist. acordos
2026-08-29,C0000140,S260818-M2-NCP-ND-G1,S260818-M2-CPA-RC-T1,contato no RCS → CPC A,RCS
2026-08-29,C0000140,S260818-M2-CPA-RC-T1,S260818-M2-COL-RC,acordo ativo (colchão),Sist. acordos
2026-08-29,C0000248,S260818-M2-CPB-EM-T1,S260818-M2-CPB-EM-T2,2ª tentativa no canal sem resposta,E-mail
2026-08-29,C0000277,S260819-M1-COL-AV,S260819-M1-PRE-AV-D-3,parcela a vencer,Sist. acordos
2026-08-29,C0000032,S260820-B2-CPB-DC-T1,S260820-B2-CPB-DC-T2,2ª tentativa no canal sem resposta,Discador
2026-08-29,C0000180,S260820-B1-CPA-DC-T1,S260820-B1-CPB-DC-T1,sem resposta na ação de negociação → CPC B,Discador
2026-08-29,C0000018,S260821-B2-LOC-ND-L7,S260821-B2-NCP-ND-G1,"D+8 sem contato → Não CPC, entra no giro",Automático
2026-08-29,C0000035,S260821-M3-LOC-ND-L7,S260821-M3-NCP-ND-G1,"D+8 sem contato → Não CPC, entra no giro",Automático
2026-08-29,C0000044,S260821-B1-PRE-RC-D-3,S260821-B1-PRE-RC-D-2,parcela a vencer,Sist. acordos
2026-08-29,C0000059,S260821-B1-LOC-ND-L7,S260821-B1-NCP-ND-G1,"D+8 sem contato → Não CPC, entra no giro",Automático
2026-08-29,C0000121,S260821-M1-LOC-ND-L7,S260821-M1-NCP-ND-G1,"D+8 sem contato → Não CPC, entra no giro",Automático
2026-08-29,C0000146,S260821-B1-LOC-ND-L7,S260821-B1-NCP-ND-G1,"D+8 sem contato → Não CPC, entra no giro",Automático
2026-08-29,C0000212,S260821-A2-PRE-WA-D-2,S260821-A2-PRE-WA-D-1,parcela a vencer,Sist. acordos
2026-08-29,C0000236,S260821-A1-LOC-ND-L7,S260821-A1-NCP-ND-G1,"D+8 sem contato → Não CPC, entra no giro",Automático
2026-08-29,C0000298,S260821-M3-LOC-ND-L7,S260821-M3-NCP-ND-G1,"D+8 sem contato → Não CPC, entra no giro",Automático
2026-08-29,C0000307,S260821-B1-COL-RC,S260821-B1-PRE-RC-D-3,parcela a vencer,Sist. acordos
2026-08-29,C0000322,S260821-M2-LOC-ND-L7,S260821-M2-NCP-ND-G1,"D+8 sem contato → Não CPC, entra no giro",Automático
2026-08-29,C0000042,S260822-B1-LOC-ND-L5,S260822-B1-LOC-ND-L7,localização por SMS sem contato,SMS
2026-08-29,C0000057,S260822-B1-CPB-RC-T1,S260822-B1-CPA-RC-T1,contato no RCS → CPC A,RCS
2026-08-29,C0000057,S260822-B1-CPA-RC-T1,S260822-B1-COL-RC,acordo ativo (colchão),Sist. acordos
2026-08-29,C0000086,S260822-A3-LOC-ND-L5,S260822-A3-LOC-ND-L7,localização por SMS sem contato,SMS
2026-08-29,C0000095,S260822-M1-LOC-ND-L5,S260822-M1-LOC-ND-L7,localização por SMS+E-mail sem contato,SMS
2026-08-29,C0000124,S260822-B1-LOC-ND-L5,S260822-B1-LOC-ND-L7,localização por SMS sem contato,SMS
2026-08-29,C0000135,S260822-B3-LOC-ND-L3,S260822-B3-LOC-ND-L7,localização por SMS sem contato,SMS
2026-08-29,C0000157,S260822-B1-LOC-ND-L5,S260822-B1-LOC-ND-L7,localização por SMS+E-mail sem contato,SMS
2026-08-29,C0000199,S260822-A3-LOC-ND-L5,S260822-A3-LOC-ND-L7,localização por SMS+E-mail sem contato,SMS
2026-08-29,C0000237,S260822-A2-LOC-ND-L5,S260822-A2-LOC-ND-L7,localização por SMS sem contato,SMS
2026-08-29,C0000313,S260822-A3-LOC-ND-L5,S260822-A3-LOC-ND-L7,localização por SMS+E-mail sem contato,SMS
2026-08-29,C0000339,S260822-B2-LOC-ND-L5,S260822-B2-LOC-ND-L7,localização por SMS+E-mail sem contato,SMS
2026-08-29,C0000341,S260822-A1-LOC-ND-L5,S260822-A1-LOC-ND-L7,localização por SMS sem contato,SMS
2026-08-29,C0000354,S260822-B1-LOC-ND-L5,S260822-B1-LOC-ND-L7,localização por SMS+E-mail sem contato,SMS
2026-08-29,C0000383,S260822-M2-LOC-ND-L5,S260822-M2-LOC-ND-L7,localização por SMS sem contato,SMS
2026-08-29,C0000100,S260824-A1-CPA-RC-T1,S260824-A1-CPB-RC-T1,sem resposta na ação de negociação → CPC B,RCS
2026-08-29,C0000141,S260824-A3-LOC-ND-L3,S260824-A3-CPA-AV-T1,contato no Agente virtual → CPC A,Agente virtual
2026-08-29,C0000165,S260824-M2-LOC-ND-L3,S260824-M2-LOC-ND-L5,localização por Agente virtual+Discador sem contato,Agente virtual
2026-08-29,C0000209,S260824-A1-LOC-ND-L3,S260824-A1-LOC-ND-L5,localização por Agente virtual+Discador sem contato,Agente virtual
2026-08-29,C0000214,S260824-A2-LOC-ND-L3,S260824-A2-LOC-ND-L5,localização por Agente virtual+Discador sem contato,Agente virtual
2026-08-29,C0000297,S260824-A3-LOC-ND-L3,S260824-A3-LOC-ND-L5,localização por Agente virtual+Discador sem contato,Agente virtual
2026-08-29,C0000392,S260824-M2-LOC-ND-L3,S260824-M2-LOC-ND-L5,localização por Agente virtual+Discador sem contato,Agente virtual
2026-08-29,C0000030,S260826-B1-LOC-ND-L0,S260826-B1-CPA-RC-T1,contato no RCS → CPC A,RCS
2026-08-29,C0000071,S260826-B1-LOC-ND-L0,S260826-B1-LOC-ND-L3,localização por RCS sem contato,RCS
2026-08-29,C0000085,S260826-M3-LOC-ND-L0,S260826-M3-CPA-RC-T1,contato no RCS → CPC A,RCS
2026-08-29,C0000090,S260826-M1-LOC-ND-L0,S260826-M1-LOC-ND-L3,localização por RCS sem contato,RCS
2026-08-29,C0000130,S260826-B3-LOC-ND-L0,S260826-B3-LOC-ND-L3,localização por RCS sem contato,RCS
2026-08-29,C0000195,S260826-M2-LOC-ND-L0,S260826-M2-LOC-ND-L3,localização por RCS sem contato,RCS
2026-08-29,C0000228,S260826-M1-LOC-ND-L0,S260826-M1-LOC-ND-L3,localização por RCS sem contato,RCS
2026-08-29,C0000247,S260826-B1-LOC-ND-L0,S260826-B1-LOC-ND-L3,localização por RCS sem contato,RCS
2026-08-29,C0000290,S260826-A3-LOC-ND-L0,S260826-A3-LOC-ND-L3,localização por RCS sem contato,RCS
2026-08-29,C0000377,S260826-B1-LOC-ND-L0,S260826-B1-LOC-ND-L3,localização por RCS sem contato,RCS
2026-08-29,C0000379,S260826-A2-LOC-ND-L0,S260826-A2-LOC-ND-L3,localização por RCS sem contato,RCS
2026-08-29,C0000389,S260826-M2-LOC-ND-L0,S260826-M2-LOC-ND-L3,localização por RCS sem contato,RCS
2026-08-29,C0000391,S260826-M1-LOC-ND-L0,S260826-M1-LOC-ND-L3,localização por RCS sem contato,RCS
2026-08-30,C0000017,,S260830-B1-LOC-ND-L0,entrada na esteira; enriquecimento básico,Planejamento
2026-08-30,C0000041,,S260830-M3-LOC-ND-L0,entrada na esteira; enriquecimento básico,Planejamento
2026-08-30,C0000043,,S260830-M2-LOC-ND-L0,entrada na esteira; enriquecimento básico + WhatsApp válido,Planejamento
2026-08-30,C0000062,,S260830-A2-LOC-ND-L0,entrada na esteira; enriquecimento completo + novos telefones,Planejamento
2026-08-30,C0000134,,S260830-M3-LOC-ND-L0,entrada na esteira; enriquecimento básico,Planejamento
2026-08-30,C0000174,,S260830-A1-LOC-ND-L0,entrada na esteira; enriquecimento completo,Planejamento
2026-08-30,C0000238,,S260830-M1-LOC-ND-L0,entrada na esteira; enriquecimento completo,Planejamento
2026-08-30,C0000251,,S260830-B3-LOC-ND-L0,entrada na esteira; enriquecimento só digital,Planejamento
2026-08-30,C0000260,,S260830-A3-LOC-ND-L0,entrada na esteira; enriquecimento completo + localizador,Planejamento
2026-08-30,C0000301,,S260830-B2-LOC-ND-L0,entrada na esteira; enriquecimento básico,Planejamento
2026-08-30,C0000323,,S260830-A1-LOC-ND-L0,entrada na esteira; enriquecimento completo,Planejamento
2026-08-30,C0000335,,S260830-A2-LOC-ND-L0,entrada na esteira; enriquecimento completo + novos telefones,Planejamento
2026-08-30,C0000082,S260803-B2-PRE-DC-D-2,S260803-B2-LIQ-DC,acordo quitado,Sist. acordos
2026-08-30,C0000096,S260803-M2-PRE-DC-D-2,S260803-M2-COL-DC,acordo ativo (colchão),Sist. acordos
2026-08-30,C0000009,S260805-M1-NCP-ND-G2,S260805-M1-NCP-ND-G3,3º ciclo de giro,Automático
2026-08-30,C0000084,S260805-M3-NCP-ND-G2,S260805-M3-NCP-ND-G3,3º ciclo de giro,Automático
2026-08-30,C0000177,S260805-B2-PRE-WA-D-2,S260805-B2-PRE-WA-D-1,parcela a vencer,Sist. acordos
2026-08-30,C0000194,S260805-A2-NCP-ND-G2,S260805-A2-NCP-ND-G3,3º ciclo de giro,Automático
2026-08-30,C0000244,S260805-B3-NCP-ND-G2,S260805-B3-NCP-ND-G3,3º ciclo de giro,Automático
2026-08-30,C0000285,S260805-B1-NCP-ND-G2,S260805-B1-NCP-ND-G3,3º ciclo de giro,Automático
2026-08-30,C0000067,S260806-M1-PRE-WA-D-3,S260806-M1-LIQ-WA,acordo quitado,Sist. acordos
2026-08-30,C0000226,S260808-A3-PRE-DC-D-2,S260808-A3-PRE-DC-D-1,parcela a vencer,Sist. acordos
2026-08-30,C0000075,S260812-M2-PRE-AV-D-3,S260812-M2-PRE-AV-D-2,parcela a vencer,Sist. acordos
2026-08-30,C0000052,S260813-B1-NCP-ND-G1,S260813-B1-NCP-ND-G2,2º ciclo de giro,Automático
2026-08-30,C0000128,S260813-B1-NCP-ND-G1,S260813-B1-NCP-ND-G2,2º ciclo de giro,Automático
2026-08-30,C0000145,S260813-A1-NCP-ND-G1,S260813-A1-NCP-ND-G2,2º ciclo de giro,Automático
2026-08-30,C0000187,S260813-M1-NCP-ND-G1,S260813-M1-NCP-ND-G2,2º ciclo de giro,Automático
2026-08-30,C0000275,S260813-A2-NCP-ND-G1,S260813-A2-NCP-ND-G2,2º ciclo de giro,Automático
2026-08-30,C0000302,S260813-M2-NCP-ND-G1,S260813-M2-NCP-ND-G2,2º ciclo de giro,Automático
2026-08-30,C0000305,S260813-B3-NCP-ND-G1,S260813-B3-NCP-ND-G2,2º ciclo de giro,Automático
2026-08-30,C0000321,S260813-M3-NCP-ND-G1,S260813-M3-NCP-ND-G2,2º ciclo de giro,Automático
2026-08-30,C0000330,S260813-B1-NCP-ND-G1,S260813-B1-NCP-ND-G2,2º ciclo de giro,Automático
2026-08-30,C0000356,S260813-B1-NCP-ND-G1,S260813-B1-NCP-ND-G2,2º ciclo de giro,Automático
2026-08-30,C0000374,S260813-M2-NCP-ND-G1,S260813-M2-NCP-ND-G2,2º ciclo de giro,Automático
2026-08-30,C0000376,S260813-M2-NCP-ND-G1,S260813-M2-NCP-ND-G2,2º ciclo de giro,Automático
2026-08-30,C0000125,S260814-M1-PRE-SM-D-1,S260814-M1-COL-SM,acordo ativo (colchão),Sist. acordos
2026-08-30,C0000276,S260814-B1-PRE-EM-D-2,S260814-B1-PRE-EM-D-1,parcela a vencer,Sist. acordos
2026-08-30,C0000360,S260814-M2-COL-DC,S260814-M2-PRE-DC-D-3,parcela a vencer,Sist. acordos
2026-08-30,C0000222,S260817-A3-PRE-AV-D-3,S260817-A3-PRE-AV-D-2,parcela a vencer,Sist. acordos
2026-08-30,C0000258,S260819-M3-COL-SM,S260819-M3-PRE-SM-D-3,parcela a vencer,Sist. acordos
2026-08-30,C0000277,S260819-M1-PRE-AV-D-3,S260819-M1-PRE-AV-D-2,parcela a vencer,Sist. acordos
2026-08-30,C0000263,S260820-M1-COL-AV,S260820-M1-PRE-AV-D-3,parcela a vencer,Sist. acordos
2026-08-30,C0000044,S260821-B1-PRE-RC-D-2,S260821-B1-LIQ-RC,acordo quitado,Sist. acordos
2026-08-30,C0000212,S260821-A2-PRE-WA-D-1,S260821-A2-COL-WA,acordo ativo (colchão),Sist. acordos
2026-08-30,C0000307,S260821-B1-PRE-RC-D-3,S260821-B1-COL-RC,acordo ativo (colchão),Sist. acordos
2026-08-30,C0000042,S260822-B1-LOC-ND-L7,S260822-B1-NCP-ND-G1,"D+8 sem contato → Não CPC, entra no giro",Automático
2026-08-30,C0000086,S260822-A3-LOC-ND-L7,S260822-A3-NCP-ND-G1,"D+8 sem contato → Não CPC, entra no giro",Automático
2026-08-30,C0000095,S260822-M1-LOC-ND-L7,S260822-M1-NCP-ND-G1,"D+8 sem contato → Não CPC, entra no giro",Automático
2026-08-30,C0000124,S260822-B1-LOC-ND-L7,S260822-B1-NCP-ND-G1,"D+8 sem contato → Não CPC, entra no giro",Automático
2026-08-30,C0000135,S260822-B3-LOC-ND-L7,S260822-B3-NCP-ND-G1,"D+8 sem contato → Não CPC, entra no giro",Automático
2026-08-30,C0000157,S260822-B1-LOC-ND-L7,S260822-B1-NCP-ND-G1,"D+8 sem contato → Não CPC, entra no giro",Automático
2026-08-30,C0000199,S260822-A3-LOC-ND-L7,S260822-A3-NCP-ND-G1,"D+8 sem contato → Não CPC, entra no giro",Automático
2026-08-30,C0000237,S260822-A2-LOC-ND-L7,S260822-A2-NCP-ND-G1,"D+8 sem contato → Não CPC, entra no giro",Automático
2026-08-30,C0000313,S260822-A3-LOC-ND-L7,S260822-A3-NCP-ND-G1,"D+8 sem contato → Não CPC, entra no giro",Automático
2026-08-30,C0000339,S260822-B2-LOC-ND-L7,S260822-B2-NCP-ND-G1,"D+8 sem contato → Não CPC, entra no giro",Automático
2026-08-30,C0000341,S260822-A1-LOC-ND-L7,S260822-A1-NCP-ND-G1,"D+8 sem contato → Não CPC, entra no giro",Automático
2026-08-30,C0000354,S260822-B1-LOC-ND-L7,S260822-B1-NCP-ND-G1,"D+8 sem contato → Não CPC, entra no giro",Automático
2026-08-30,C0000383,S260822-M2-LOC-ND-L7,S260822-M2-NCP-ND-G1,"D+8 sem contato → Não CPC, entra no giro",Automático
2026-08-31,C0000012,,S260831-M2-LOC-ND-L0,entrada na esteira; enriquecimento básico + WhatsApp válido,Planejamento
2026-08-31,C0000064,,S260831-A2-LOC-ND-L0,entrada na esteira; enriquecimento completo + novos telefones,Planejamento
2026-08-31,C0000094,,S260831-B1-LOC-ND-L0,entrada na esteira; enriquecimento básico,Planejamento
2026-08-31,C0000117,,S260831-M1-LOC-ND-L0,entrada na esteira; enriquecimento completo,Planejamento
2026-08-31,C0000158,,S260831-M1-LOC-ND-L0,entrada na esteira; enriquecimento completo,Planejamento
2026-08-31,C0000176,,S260831-M3-LOC-ND-L0,entrada na esteira; enriquecimento básico,Planejamento
2026-08-31,C0000190,,S260831-M2-LOC-ND-L0,entrada na esteira; enriquecimento básico + WhatsApp válido,Planejamento
2026-08-31,C0000245,,S260831-A1-LOC-ND-L0,entrada na esteira; enriquecimento completo,Planejamento
2026-08-31,C0000254,,S260831-A1-LOC-ND-L0,entrada na esteira; enriquecimento completo,Planejamento
2026-08-31,C0000274,,S260831-B3-LOC-ND-L0,entrada na esteira; enriquecimento só digital,Planejamento
2026-08-31,C0000292,,S260831-A3-LOC-ND-L0,entrada na esteira; enriquecimento completo + localizador,Planejamento
2026-08-31,C0000336,,S260831-M3-LOC-ND-L0,entrada na esteira; enriquecimento básico,Planejamento
2026-08-31,C0000380,,S260831-M1-LOC-ND-L0,entrada na esteira; enriquecimento completo,Planejamento
2026-08-31,C0000388,,S260831-M1-LOC-ND-L0,entrada na esteira; enriquecimento completo,Planejamento
2026-08-31,C0000156,S260803-M3-COL-AV,S260803-M3-PRE-AV-D-3,parcela a vencer,Sist. acordos
2026-08-31,C0000197,S260803-M2-CPB-EM-T1,S260803-M2-CPB-EM-T2,2ª tentativa no canal sem resposta,E-mail
2026-08-31,C0000300,S260803-M1-CPB-RC-T3,S260803-M1-CPB-AV-T1,rotação de canal para Agente virtual,Agente virtual
2026-08-31,C0000347,S260803-M1-CPA-DC-T1,S260803-M1-CPB-DC-T1,sem resposta na ação de negociação → CPC B,Discador
2026-08-31,C0000355,S260803-B2-CPB-RC-T3,S260803-B2-CPB-AV-T1,rotação de canal para Agente virtual,Agente virtual
2026-08-31,C0000150,S260804-B2-CPB-RC-T1,S260804-B2-CPB-RC-T2,2ª tentativa no canal sem resposta,RCS
2026-08-31,C0000201,S260804-M3-CPB-DC-T3,S260804-M3-CPB-SM-T1,rotação de canal para SMS,SMS
2026-08-31,C0000250,S260804-M1-CPB-DC-T2,S260804-M1-CPB-DC-T3,3ª tentativa no canal sem resposta,Discador
2026-08-31,C0000293,S260804-B2-NCP-ND-G3,S260804-B2-CPA-RC-T1,contato no RCS → CPC A,RCS
2026-08-31,C0000351,S260804-M3-CPB-DC-T2,S260804-M3-CPB-DC-T3,3ª tentativa no canal sem resposta,Discador
2026-08-31,C0000177,S260805-B2-PRE-WA-D-1,S260805-B2-LIQ-WA,acordo quitado,Sist. acordos
2026-08-31,C0000181,S260805-B2-CPB-RC-T2,S260805-B2-CPB-RC-T3,3ª tentativa no canal sem resposta,RCS
2026-08-31,C0000283,S260805-B2-CPB-SM-T2,S260805-B2-CPB-SM-T3,3ª tentativa no canal sem resposta,SMS
2026-08-31,C0000022,S260806-B1-CPB-AV-T1,S260806-B1-CPB-AV-T2,2ª tentativa no canal sem resposta,Agente virtual
2026-08-31,C0000026,S260806-B1-CPB-SM-T2,S260806-B1-CPB-SM-T3,3ª tentativa no canal sem resposta,SMS
2026-08-31,C0000061,S260806-B1-CPB-SM-T2,S260806-B1-CPB-SM-T3,3ª tentativa no canal sem resposta,SMS
2026-08-31,C0000103,S260806-A1-CPB-SM-T2,S260806-A1-CPB-SM-T3,3ª tentativa no canal sem resposta,SMS
2026-08-31,C0000119,S260806-M2-NCP-ND-G2,S260806-M2-NCP-ND-G3,3º ciclo de giro,Automático
2026-08-31,C0000200,S260806-M1-NCP-ND-G2,S260806-M1-NCP-ND-G3,3º ciclo de giro,Automático
2026-08-31,C0000216,S260806-A1-CPB-RC-T3,S260806-A1-CPA-DC-T1,contato no Discador → CPC A,Discador
2026-08-31,C0000218,S260806-B1-NCP-ND-G2,S260806-B1-NCP-ND-G3,3º ciclo de giro,Automático
2026-08-31,C0000227,S260806-B3-NCP-ND-G2,S260806-B3-NCP-ND-G3,3º ciclo de giro,Automático
2026-08-31,C0000234,S260806-A1-CPA-DC-T1,S260806-A1-CPB-DC-T1,sem resposta na ação de negociação → CPC B,Discador
2026-08-31,C0000261,S260806-M1-CPB-AV-T1,S260806-M1-CPB-AV-T2,2ª tentativa no canal sem resposta,Agente virtual
2026-08-31,C0000287,S260806-B2-NCP-ND-G2,S260806-B2-NCP-ND-G3,3º ciclo de giro,Automático
2026-08-31,C0000288,S260806-M2-NCP-ND-G2,S260806-M2-NCP-ND-G3,3º ciclo de giro,Automático
2026-08-31,C0000331,S260806-B2-NCP-ND-G2,S260806-B2-NCP-ND-G3,3º ciclo de giro,Automático
2026-08-31,C0000333,S260806-A2-CPB-RC-T3,S260806-A2-CPB-AV-T1,rotação de canal para Agente virtual,Agente virtual
2026-08-31,C0000350,S260806-B3-CPB-RC-T2,S260806-B3-CPB-RC-T3,3ª tentativa no canal sem resposta,RCS
2026-08-31,C0000166,S260807-M2-CPB-AV-T1,S260807-M2-CPB-AV-T2,2ª tentativa no canal sem resposta,Agente virtual
2026-08-31,C0000202,S260807-M1-CPB-WA-T1,S260807-M1-CPB-WA-T2,2ª tentativa no canal sem resposta,WhatsApp
2026-08-31,C0000189,S260808-B2-CPB-RC-T2,S260808-B2-CPB-RC-T3,3ª tentativa no canal sem resposta,RCS
2026-08-31,C0000226,S260808-A3-PRE-DC-D-1,S260808-A3-COL-DC,acordo ativo (colchão),Sist. acordos
2026-08-31,C0000210,S260809-M3-CPB-DC-T2,S260809-M3-CPB-DC-T3,3ª tentativa no canal sem resposta,Discador
2026-08-31,C0000295,S260809-M1-CPB-AV-T1,S260809-M1-CPB-AV-T2,2ª tentativa no canal sem resposta,Agente virtual
2026-08-31,C0000107,S260810-M1-CPB-AV-T1,S260810-M1-CPB-AV-T2,2ª tentativa no canal sem resposta,Agente virtual
2026-08-31,C0000127,S260810-M3-CPB-SM-T2,S260810-M3-CPB-SM-T3,3ª tentativa no canal sem resposta,SMS
2026-08-31,C0000311,S260810-B1-CPA-RC-T1,S260810-B1-CPB-RC-T1,sem resposta na ação de negociação → CPC B,RCS
2026-08-31,C0000359,S260810-B1-NCP-ND-G2,S260810-B1-CPA-DC-T1,contato no Discador → CPC A,Discador
2026-08-31,C0000050,S260811-A1-CPB-RC-T1,S260811-A1-CPB-RC-T2,2ª tentativa no canal sem resposta,RCS
2026-08-31,C0000281,S260811-M2-CPB-RC-T3,S260811-M2-CPB-AV-T1,rotação de canal para Agente virtual,Agente virtual
2026-08-31,C0000384,S260811-B2-CPB-AV-T2,S260811-B2-CPB-AV-T3,3ª tentativa no canal sem resposta,Agente virtual
2026-08-31,C0000075,S260812-M2-PRE-AV-D-2,S260812-M2-PRE-AV-D-1,parcela a vencer,Sist. acordos
2026-08-31,C0000106,S260812-B3-CPB-WA-T1,S260812-B3-CPB-WA-T2,2ª tentativa no canal sem resposta,WhatsApp
2026-08-31,C0000112,S260812-A2-CPA-RC-T1,S260812-A2-CPB-RC-T1,sem resposta na ação de negociação → CPC B,RCS
2026-08-31,C0000224,S260812-B1-NCP-ND-G2,S260812-B1-CPA-RC-T1,contato no RCS → CPC A,RCS
2026-08-31,C0000016,S260813-M1-CPB-WA-T3,S260813-M1-CPB-RC-T1,rotação de canal para RCS,RCS
2026-08-31,C0000115,S260813-A3-CPB-RC-T2,S260813-A3-CPB-RC-T3,3ª tentativa no canal sem resposta,RCS
2026-08-31,C0000232,S260813-A3-CPB-DC-T2,S260813-A3-CPB-DC-T3,3ª tentativa no canal sem resposta,Discador
2026-08-31,C0000324,S260813-M1-CPB-AV-T1,S260813-M1-CPB-AV-T2,2ª tentativa no canal sem resposta,Agente virtual
2026-08-31,C0000398,S260813-B1-CPB-SM-T2,S260813-B1-CPB-SM-T3,3ª tentativa no canal sem resposta,SMS
2026-08-31,C0000048,S260814-M3-NCP-ND-G1,S260814-M3-NCP-ND-G2,2º ciclo de giro,Automático
2026-08-31,C0000081,S260814-A1-CPB-RC-T2,S260814-A1-CPB-RC-T3,3ª tentativa no canal sem resposta,RCS
2026-08-31,C0000089,S260814-B2-NCP-ND-G1,S260814-B2-CPA-WA-T1,contato no WhatsApp → CPC A,WhatsApp
2026-08-31,C0000091,S260814-A1-NCP-ND-G1,S260814-A1-NCP-ND-G2,2º ciclo de giro,Automático
2026-08-31,C0000116,S260814-A2-NCP-ND-G1,S260814-A2-NCP-ND-G2,2º ciclo de giro,Automático
2026-08-31,C0000120,S260814-M1-NCP-ND-G1,S260814-M1-NCP-ND-G2,2º ciclo de giro,Automático
2026-08-31,C0000183,S260814-A1-CPA-SM-T1,S260814-A1-CPB-SM-T1,sem resposta na ação de negociação → CPC B,SMS
2026-08-31,C0000191,S260814-B1-NCP-ND-G1,S260814-B1-NCP-ND-G2,2º ciclo de giro,Automático
2026-08-31,C0000192,S260814-M1-NCP-ND-G1,S260814-M1-NCP-ND-G2,2º ciclo de giro,Automático
2026-08-31,C0000252,S260814-M2-CPB-AV-T1,S260814-M2-CPB-AV-T2,2ª tentativa no canal sem resposta,Agente virtual
2026-08-31,C0000257,S260814-A1-NCP-ND-G1,S260814-A1-NCP-ND-G2,2º ciclo de giro,Automático
2026-08-31,C0000276,S260814-B1-PRE-EM-D-1,S260814-B1-COL-EM,acordo ativo (colchão),Sist. acordos
2026-08-31,C0000276,S260814-B1-COL-EM,S260814-B1-COL-WA,contato no WhatsApp,WhatsApp
2026-08-31,C0000315,S260814-M1-NCP-ND-G1,S260814-M1-NCP-ND-G2,2º ciclo de giro,Automático
2026-08-31,C0000317,S260814-A3-NCP-ND-G1,S260814-A3-NCP-ND-G2,2º ciclo de giro,Automático
2026-08-31,C0000342,S260814-M2-CPB-AV-T2,S260814-M2-CPB-AV-T3,3ª tentativa no canal sem resposta,Agente virtual
2026-08-31,C0000360,S260814-M2-PRE-DC-D-3,S260814-M2-COL-DC,acordo ativo (colchão),Sist. acordos
2026-08-31,C0000040,S260815-B1-CPA-DC-T1,S260815-B1-CPB-DC-T1,sem resposta na ação de negociação → CPC B,Discador
2026-08-31,C0000153,S260815-M2-CPB-RC-T1,S260815-M2-CPB-RC-T2,2ª tentativa no canal sem resposta,RCS
2026-08-31,C0000196,S260815-B2-CPA-AV-T1,S260815-B2-CPA-DC-T1,contato no Discador → CPC A,Discador
2026-08-31,C0000099,S260816-M1-CPB-RC-T1,S260816-M1-CPB-RC-T2,2ª tentativa no canal sem resposta,RCS
2026-08-31,C0000108,S260816-B1-CPB-AV-T3,S260816-B1-CPB-DC-T1,rotação de canal para Discador,Discador
2026-08-31,C0000223,S260816-M1-CPB-RC-T1,S260816-M1-CPB-RC-T2,2ª tentativa no canal sem resposta,RCS
2026-08-31,C0000316,S260816-B2-CPB-RC-T1,S260816-B2-CPB-RC-T2,2ª tentativa no canal sem resposta,RCS
2026-08-31,C0000393,S260816-M1-CPB-AV-T1,S260816-M1-CPA-AV-T1,contato no Agente virtual → CPC A,Agente virtual
2026-08-31,C0000394,S260816-M3-CPA-AV-T1,S260816-M3-CPB-AV-T1,sem resposta na ação de negociação → CPC B,Agente virtual
2026-08-31,C0000056,S260817-A1-COL-RC,S260817-A1-PRE-RC-D-3,parcela a vencer,Sist. acordos
2026-08-31,C0000065,S260817-A2-COL-SM,S260817-A2-PRE-SM-D-3,parcela a vencer,Sist. acordos
2026-08-31,C0000211,S260817-A1-COL-RC,S260817-A1-PRE-RC-D-3,parcela a vencer,Sist. acordos
2026-08-31,C0000222,S260817-A3-PRE-AV-D-2,S260817-A3-LIQ-AV,acordo quitado,Sist. acordos
2026-08-31,C0000132,S260818-A2-CPB-RC-T3,S260818-A2-CPB-AV-T1,rotação de canal para Agente virtual,Agente virtual
2026-08-31,C0000140,S260818-M2-COL-RC,S260818-M2-PRE-RC-D-3,parcela a vencer,Sist. acordos
2026-08-31,C0000149,S260818-M2-CPB-RC-T3,S260818-M2-CPB-AV-T1,rotação de canal para Agente virtual,Agente virtual
2026-08-31,C0000231,S260818-M3-NCP-ND-G1,S260818-M3-CPA-AV-T1,contato no Agente virtual → CPC A,Agente virtual
2026-08-31,C0000248,S260818-M2-CPB-EM-T2,S260818-M2-CPB-EM-T3,3ª tentativa no canal sem resposta,E-mail
2026-08-31,C0000280,S260818-A3-NCP-ND-G1,S260818-A3-CPA-AV-T1,contato no Agente virtual → CPC A,Agente virtual
2026-08-31,C0000280,S260818-A3-CPA-AV-T1,S260818-A3-COL-AV,acordo ativo (colchão),Sist. acordos
2026-08-31,C0000258,S260819-M3-PRE-SM-D-3,S260819-M3-COL-SM,acordo ativo (colchão),Sist. acordos
2026-08-31,C0000277,S260819-M1-PRE-AV-D-2,S260819-M1-PRE-AV-D-1,parcela a vencer,Sist. acordos
2026-08-31,C0000032,S260820-B2-CPB-DC-T2,S260820-B2-CPB-DC-T3,3ª tentativa no canal sem resposta,Discador
2026-08-31,C0000180,S260820-B1-CPB-DC-T1,S260820-B1-CPB-DC-T2,2ª tentativa no canal sem resposta,Discador
2026-08-31,C0000263,S260820-M1-PRE-AV-D-3,S260820-M1-PRE-AV-D-2,parcela a vencer,Sist. acordos
2026-08-31,C0000033,S260821-M3-CPA-DC-T1,S260821-M3-CPB-DC-T1,sem resposta na ação de negociação → CPC B,Discador
2026-08-31,C0000047,S260821-M2-CPB-WA-T3,S260821-M2-CPB-RC-T1,rotação de canal para RCS,RCS
2026-08-31,C0000053,S260821-B1-CPB-AV-T1,S260821-B1-CPB-AV-T2,2ª tentativa no canal sem resposta,Agente virtual
2026-08-31,C0000306,S260821-A1-CPB-WA-T3,S260821-A1-CPA-RC-T1,contato no RCS → CPC A,RCS
2026-08-31,C0000306,S260821-A1-CPA-RC-T1,S260821-A1-COL-RC,acordo ativo (colchão),Sist. acordos
2026-08-31,C0000057,S260822-B1-COL-RC,S260822-B1-PRE-RC-D-3,parcela a vencer,Sist. acordos
2026-08-31,C0000354,S260822-B1-NCP-ND-G1,S260822-B1-CPA-WA-T1,contato no WhatsApp → CPC A,WhatsApp
2026-08-31,C0000354,S260822-B1-CPA-WA-T1,S260822-B1-COL-WA,acordo ativo (colchão),Sist. acordos
2026-08-31,C0000004,S260823-B2-LOC-ND-L5,S260823-B2-NCP-ND-G1,"D+8 sem contato → Não CPC, entra no giro",Automático
2026-08-31,C0000008,S260823-M1-LOC-ND-L5,S260823-M1-NCP-ND-G1,"D+8 sem contato → Não CPC, entra no giro",Automático
2026-08-31,C0000010,S260823-A3-LOC-ND-L5,S260823-A3-NCP-ND-G1,"D+8 sem contato → Não CPC, entra no giro",Automático
2026-08-31,C0000024,S260823-M1-LOC-ND-L5,S260823-M1-NCP-ND-G1,"D+8 sem contato → Não CPC, entra no giro",Automático
2026-08-31,C0000168,S260823-M1-CPA-AV-T1,S260823-M1-CPB-AV-T1,sem resposta na ação de negociação → CPC B,Agente virtual
2026-08-31,C0000175,S260823-B1-LOC-ND-L5,S260823-B1-NCP-ND-G1,"D+8 sem contato → Não CPC, entra no giro",Automático
2026-08-31,C0000186,S260823-M3-LOC-ND-L5,S260823-M3-NCP-ND-G1,"D+8 sem contato → Não CPC, entra no giro",Automático
2026-08-31,C0000215,S260823-M1-LOC-ND-L5,S260823-M1-NCP-ND-G1,"D+8 sem contato → Não CPC, entra no giro",Automático
2026-08-31,C0000259,S260823-B1-LOC-ND-L5,S260823-B1-NCP-ND-G1,"D+8 sem contato → Não CPC, entra no giro",Automático
2026-08-31,C0000296,S260823-M3-LOC-ND-L5,S260823-M3-NCP-ND-G1,"D+8 sem contato → Não CPC, entra no giro",Automático
2026-08-31,C0000344,S260823-A1-LOC-ND-L5,S260823-A1-NCP-ND-G1,"D+8 sem contato → Não CPC, entra no giro",Automático
2026-08-31,C0000345,S260823-A1-LOC-ND-L5,S260823-A1-NCP-ND-G1,"D+8 sem contato → Não CPC, entra no giro",Automático
2026-08-31,C0000100,S260824-A1-CPB-RC-T1,S260824-A1-CPB-RC-T2,2ª tentativa no canal sem resposta,RCS
2026-08-31,C0000141,S260824-A3-CPA-AV-T1,S260824-A3-CPB-AV-T1,sem resposta na ação de negociação → CPC B,Agente virtual
2026-08-31,C0000165,S260824-M2-LOC-ND-L5,S260824-M2-LOC-ND-L7,localização por SMS sem contato,SMS
2026-08-31,C0000209,S260824-A1-LOC-ND-L5,S260824-A1-LOC-ND-L7,localização por SMS+E-mail sem contato,SMS
2026-08-31,C0000214,S260824-A2-LOC-ND-L5,S260824-A2-LOC-ND-L7,localização por SMS+E-mail sem contato,SMS
2026-08-31,C0000297,S260824-A3-LOC-ND-L5,S260824-A3-LOC-ND-L7,localização por SMS+E-mail sem contato,SMS
2026-08-31,C0000392,S260824-M2-LOC-ND-L5,S260824-M2-LOC-ND-L7,localização por SMS+E-mail sem contato,SMS
2026-08-31,C0000030,S260826-B1-CPA-RC-T1,S260826-B1-CPB-RC-T1,sem resposta na ação de negociação → CPC B,RCS
2026-08-31,C0000071,S260826-B1-LOC-ND-L3,S260826-B1-LOC-ND-L5,localização por Agente virtual+Discador sem contato,Agente virtual
2026-08-31,C0000085,S260826-M3-CPA-RC-T1,S260826-M3-CPB-RC-T1,sem resposta na ação de negociação → CPC B,RCS
2026-08-31,C0000090,S260826-M1-LOC-ND-L3,S260826-M1-LOC-ND-L5,localização por Agente virtual+Discador sem contato,Agente virtual
2026-08-31,C0000195,S260826-M2-LOC-ND-L3,S260826-M2-LOC-ND-L5,localização por Agente virtual+Discador sem contato,Agente virtual
2026-08-31,C0000228,S260826-M1-LOC-ND-L3,S260826-M1-LOC-ND-L5,localização por Agente virtual+Discador sem contato,Agente virtual
2026-08-31,C0000247,S260826-B1-LOC-ND-L3,S260826-B1-CPA-DC-T1,contato no Discador → CPC A,Discador
2026-08-31,C0000247,S260826-B1-CPA-DC-T1,S260826-B1-COL-DC,acordo ativo (colchão),Sist. acordos
2026-08-31,C0000290,S260826-A3-LOC-ND-L3,S260826-A3-LOC-ND-L5,localização por Agente virtual+Discador sem contato,Agente virtual
2026-08-31,C0000377,S260826-B1-LOC-ND-L3,S260826-B1-LOC-ND-L5,localização por Agente virtual+Discador sem contato,Agente virtual
2026-08-31,C0000379,S260826-A2-LOC-ND-L3,S260826-A2-LOC-ND-L5,localização por Agente virtual+Discador sem contato,Agente virtual
2026-08-31,C0000389,S260826-M2-LOC-ND-L3,S260826-M2-LOC-ND-L5,localização por Agente virtual+Discador sem contato,Agente virtual
2026-08-31,C0000391,S260826-M1-LOC-ND-L3,S260826-M1-LOC-ND-L5,localização por Agente virtual+Discador sem contato,Agente virtual
2026-08-31,C0000066,S260828-M1-LOC-ND-L0,S260828-M1-LOC-ND-L3,localização por RCS sem contato,RCS
2026-08-31,C0000148,S260828-M2-LOC-ND-L0,S260828-M2-LOC-ND-L3,localização por RCS sem contato,RCS
2026-08-31,C0000185,S260828-B2-LOC-ND-L0,S260828-B2-LOC-ND-L3,localização por RCS sem contato,RCS
2026-08-31,C0000193,S260828-B3-LOC-ND-L0,S260828-B3-CPA-RC-T1,contato no RCS → CPC A,RCS
2026-08-31,C0000262,S260828-M1-LOC-ND-L0,S260828-M1-LOC-ND-L3,localização por RCS sem contato,RCS
2026-08-31,C0000269,S260828-B1-LOC-ND-L0,S260828-B1-LOC-ND-L3,localização por RCS sem contato,RCS
2026-08-31,C0000294,S260828-A1-LOC-ND-L0,S260828-A1-LOC-ND-L3,localização por RCS sem contato,RCS
2026-08-31,C0000369,S260828-M3-LOC-ND-L0,S260828-M3-LOC-ND-L3,localização por RCS sem contato,RCS
2026-08-31,C0000381,S260828-M3-LOC-ND-L0,S260828-M3-LOC-ND-L3,localização por RCS sem contato,RCS
2026-08-31,C0000387,S260828-M1-LOC-ND-L0,S260828-M1-LOC-ND-L3,localização por RCS sem contato,RCS
2026-08-31,C0000017,S260830-B1-LOC-ND-L0,S260830-B1-LOC-ND-L1,localização por WhatsApp sem contato,WhatsApp
2026-08-31,C0000041,S260830-M3-LOC-ND-L0,S260830-M3-LOC-ND-L1,localização por WhatsApp sem contato,WhatsApp
2026-08-31,C0000043,S260830-M2-LOC-ND-L0,S260830-M2-LOC-ND-L1,localização por WhatsApp sem contato,WhatsApp
2026-08-31,C0000062,S260830-A2-LOC-ND-L0,S260830-A2-LOC-ND-L1,localização por WhatsApp sem contato,WhatsApp
2026-08-31,C0000134,S260830-M3-LOC-ND-L0,S260830-M3-LOC-ND-L1,localização por WhatsApp sem contato,WhatsApp
2026-08-31,C0000174,S260830-A1-LOC-ND-L0,S260830-A1-LOC-ND-L1,localização por WhatsApp sem contato,WhatsApp
2026-08-31,C0000238,S260830-M1-LOC-ND-L0,S260830-M1-LOC-ND-L1,localização por WhatsApp sem contato,WhatsApp
2026-08-31,C0000251,S260830-B3-LOC-ND-L0,S260830-B3-LOC-ND-L1,localização por WhatsApp sem contato,WhatsApp
2026-08-31,C0000260,S260830-A3-LOC-ND-L0,S260830-A3-LOC-ND-L1,localização por WhatsApp sem contato,WhatsApp
2026-08-31,C0000301,S260830-B2-LOC-ND-L0,S260830-B2-LOC-ND-L1,localização por WhatsApp sem contato,WhatsApp
2026-08-31,C0000323,S260830-A1-LOC-ND-L0,S260830-A1-LOC-ND-L1,localização por WhatsApp sem contato,WhatsApp
2026-08-31,C0000335,S260830-A2-LOC-ND-L0,S260830-A2-LOC-ND-L1,localização por WhatsApp sem contato,WhatsApp
2026-08-31,C0000274,S260831-B3-LOC-ND-L0,S260831-B3-BLQ-ND,bloqueado: opt-out geral,Planejamento
2026-09-01,C0000021,,S260901-B1-LOC-ND-L0,entrada na esteira; enriquecimento básico,Planejamento
2026-09-01,C0000027,,S260901-M3-LOC-ND-L0,entrada na esteira; enriquecimento básico,Planejamento
2026-09-01,C0000045,,S260901-M1-LOC-ND-L0,entrada na esteira; enriquecimento completo,Planejamento
2026-09-01,C0000073,,S260901-M1-LOC-ND-L0,entrada na esteira; enriquecimento completo,Planejamento
2026-09-01,C0000087,,S260901-M3-LOC-ND-L0,entrada na esteira; enriquecimento básico,Planejamento
2026-09-01,C0000167,,S260901-A1-LOC-ND-L0,entrada na esteira; enriquecimento completo,Planejamento
2026-09-01,C0000172,,S260901-B1-LOC-ND-L0,entrada na esteira; enriquecimento básico,Planejamento
2026-09-01,C0000256,,S260901-B1-LOC-ND-L0,entrada na esteira; enriquecimento básico,Planejamento
2026-09-01,C0000299,,S260901-B3-LOC-ND-L0,entrada na esteira; enriquecimento só digital,Planejamento
2026-09-01,C0000303,,S260901-A1-LOC-ND-L0,entrada na esteira; enriquecimento completo,Planejamento
2026-09-01,C0000308,,S260901-B2-LOC-ND-L0,entrada na esteira; enriquecimento básico,Planejamento
2026-09-01,C0000361,,S260901-A1-LOC-ND-L0,entrada na esteira; enriquecimento completo,Planejamento
2026-09-01,C0000366,,S260901-M3-LOC-ND-L0,entrada na esteira; enriquecimento básico,Planejamento
2026-09-01,C0000399,,S260901-B1-LOC-ND-L0,entrada na esteira; enriquecimento básico,Planejamento
2026-09-01,C0000096,S260803-M2-COL-DC,S260803-M3-COL-DC,revisão mensal do cluster,Planejamento
2026-09-01,C0000136,S260803-B1-NCP-ND-G3,S260803-B2-NCP-ND-G3,revisão mensal do cluster,Planejamento
2026-09-01,C0000156,S260803-M3-PRE-AV-D-3,S260803-M3-PRE-AV-D-2,parcela a vencer,Sist. acordos
2026-09-01,C0000156,S260803-M3-PRE-AV-D-2,S260803-M3-PRE-RC-D-2,contato no RCS,RCS
2026-09-01,C0000139,S260804-M1-NCP-ND-G3,S260804-M2-NCP-ND-G3,revisão mensal do cluster,Planejamento
2026-09-01,C0000293,S260804-B2-CPA-RC-T1,S260804-B3-CPA-RC-T1,revisão mensal do cluster,Planejamento
2026-09-01,C0000348,S260804-A1-NCP-ND-G3,S260804-A2-NCP-ND-G3,revisão mensal do cluster,Planejamento
2026-09-01,C0000019,S260806-B1-COL-SM,S260806-B2-COL-SM,revisão mensal do cluster,Planejamento
2026-09-01,C0000022,S260806-B1-CPB-AV-T2,S260806-B2-CPB-AV-T2,revisão mensal do cluster,Planejamento
2026-09-01,C0000061,S260806-B1-CPB-SM-T3,S260806-B2-CPB-SM-T3,revisão mensal do cluster,Planejamento
2026-09-01,C0000103,S260806-A1-CPB-SM-T3,S260806-A2-CPB-SM-T3,revisão mensal do cluster,Planejamento
2026-09-01,C0000216,S260806-A1-CPA-DC-T1,S260806-A2-CPA-DC-T1,revisão mensal do cluster,Planejamento
2026-09-01,C0000218,S260806-B1-NCP-ND-G3,S260806-B2-NCP-ND-G3,revisão mensal do cluster,Planejamento
2026-09-01,C0000234,S260806-A1-CPB-DC-T1,S260806-A2-CPB-DC-T1,revisão mensal do cluster,Planejamento
2026-09-01,C0000063,S260807-B1-NCP-ND-G2,S260807-B2-NCP-ND-G2,revisão mensal do cluster,Planejamento
2026-09-01,C0000063,S260807-B2-NCP-ND-G2,S260807-B2-CPA-WA-T1,contato no WhatsApp → CPC A,WhatsApp
2026-09-01,C0000069,S260807-M2-CPA-AV-T1,S260807-M3-CPA-AV-T1,revisão mensal do cluster,Planejamento
2026-09-01,C0000092,S260807-A1-NCP-ND-G2,S260807-A1-NCP-ND-G3,3º ciclo de giro,Automático
2026-09-01,C0000113,S260807-M2-NCP-ND-G2,S260807-M2-NCP-ND-G3,3º ciclo de giro,Automático
2026-09-01,C0000144,S260807-M1-NCP-ND-G2,S260807-M1-NCP-ND-G3,3º ciclo de giro,Automático
2026-09-01,C0000225,S260807-A1-NCP-ND-G2,S260807-A1-NCP-ND-G3,3º ciclo de giro,Automático
2026-09-01,C0000239,S260807-B3-NCP-ND-G2,S260807-B3-NCP-ND-G3,3º ciclo de giro,Automático
2026-09-01,C0000241,S260807-M3-NCP-ND-G2,S260807-M3-NCP-ND-G3,3º ciclo de giro,Automático
2026-09-01,C0000266,S260807-A1-NCP-ND-G2,S260807-A1-NCP-ND-G3,3º ciclo de giro,Automático
2026-09-01,C0000357,S260807-M1-NCP-ND-G2,S260807-M1-NCP-ND-G3,3º ciclo de giro,Automático
2026-09-01,C0000364,S260807-A1-NCP-ND-G2,S260807-A1-NCP-ND-G3,3º ciclo de giro,Automático
2026-09-01,C0000101,S260808-B1-NCP-ND-G2,S260808-B2-NCP-ND-G2,revisão mensal do cluster,Planejamento
2026-09-01,C0000249,S260808-B2-NCP-ND-G2,S260808-B3-NCP-ND-G2,revisão mensal do cluster,Planejamento
2026-09-01,C0000375,S260808-B1-NCP-ND-G2,S260808-B2-NCP-ND-G2,revisão mensal do cluster,Planejamento
2026-09-01,C0000070,S260809-M1-COL-AV,S260809-M2-COL-AV,revisão mensal do cluster,Planejamento
2026-09-01,C0000138,S260809-M1-COL-RC,S260809-M2-COL-RC,revisão mensal do cluster,Planejamento
2026-09-01,C0000289,S260809-B1-NCP-ND-G2,S260809-B2-NCP-ND-G2,revisão mensal do cluster,Planejamento
2026-09-01,C0000050,S260811-A1-CPB-RC-T2,S260811-A2-CPB-RC-T2,revisão mensal do cluster,Planejamento
2026-09-01,C0000111,S260811-A1-NCP-ND-G2,S260811-A1-CPA-AV-T1,contato no Agente virtual → CPC A,Agente virtual
2026-09-01,C0000184,S260811-M1-NCP-ND-G2,S260811-M2-NCP-ND-G2,revisão mensal do cluster,Planejamento
2026-09-01,C0000055,S260812-M1-NCP-ND-G2,S260812-M2-NCP-ND-G2,revisão mensal do cluster,Planejamento
2026-09-01,C0000075,S260812-M2-PRE-AV-D-1,S260812-M2-COL-AV,acordo ativo (colchão),Sist. acordos
2026-09-01,C0000367,S260812-B1-NCP-ND-G2,S260812-B2-NCP-ND-G2,revisão mensal do cluster,Planejamento
2026-09-01,C0000319,S260813-M1-CPA-WA-T1,S260813-M2-CPA-WA-T1,revisão mensal do cluster,Planejamento
2026-09-01,C0000324,S260813-M1-CPB-AV-T2,S260813-M2-CPB-AV-T2,revisão mensal do cluster,Planejamento
2026-09-01,C0000374,S260813-M2-NCP-ND-G2,S260813-M3-NCP-ND-G2,revisão mensal do cluster,Planejamento
2026-09-01,C0000398,S260813-B1-CPB-SM-T3,S260813-B2-CPB-SM-T3,revisão mensal do cluster,Planejamento
2026-09-01,C0000242,S260814-M1-COL-WA,S260814-M2-COL-WA,revisão mensal do cluster,Planejamento
2026-09-01,C0000315,S260814-M1-NCP-ND-G2,S260814-M2-NCP-ND-G2,revisão mensal do cluster,Planejamento
2026-09-01,C0000034,S260815-A1-NCP-ND-G1,S260815-A1-NCP-ND-G2,2º ciclo de giro,Automático
2026-09-01,C0000068,S260815-M2-NCP-ND-G1,S260815-M2-CPA-WA-T1,contato no WhatsApp → CPC A,WhatsApp
2026-09-01,C0000078,S260815-B2-NCP-ND-G1,S260815-B2-NCP-ND-G2,2º ciclo de giro,Automático
2026-09-01,C0000133,S260815-M2-NCP-ND-G1,S260815-M2-NCP-ND-G2,2º ciclo de giro,Automático
2026-09-01,C0000270,S260815-B1-NCP-ND-G1,S260815-B1-NCP-ND-G2,2º ciclo de giro,Automático
2026-09-01,C0000362,S260815-A2-NCP-ND-G1,S260815-A2-NCP-ND-G2,2º ciclo de giro,Automático
2026-09-01,C0000104,S260816-B1-NCP-ND-G1,S260816-B2-NCP-ND-G1,revisão mensal do cluster,Planejamento
2026-09-01,C0000164,S260816-B2-NCP-ND-G1,S260816-B3-NCP-ND-G1,revisão mensal do cluster,Planejamento
2026-09-01,C0000031,S260817-A1-NCP-ND-G1,S260817-A2-NCP-ND-G1,revisão mensal do cluster,Planejamento
2026-09-01,C0000056,S260817-A1-PRE-RC-D-3,S260817-A1-PRE-RC-D-2,parcela a vencer,Sist. acordos
2026-09-01,C0000065,S260817-A2-PRE-SM-D-3,S260817-A2-COL-SM,acordo ativo (colchão),Sist. acordos
2026-09-01,C0000211,S260817-A1-PRE-RC-D-3,S260817-A1-PRE-RC-D-2,parcela a vencer,Sist. acordos
2026-09-01,C0000219,S260817-M1-NCP-ND-G1,S260817-M2-NCP-ND-G1,revisão mensal do cluster,Planejamento
2026-09-01,C0000140,S260818-M2-PRE-RC-D-3,S260818-M2-PRE-RC-D-2,parcela a vencer,Sist. acordos
2026-09-01,C0000277,S260819-M1-PRE-AV-D-1,S260819-M1-COL-AV,acordo ativo (colchão),Sist. acordos
2026-09-01,C0000277,S260819-M1-COL-AV,S260819-M1-COL-WA,contato no WhatsApp,WhatsApp
2026-09-01,C0000363,S260819-A1-NCP-ND-G1,S260819-A2-NCP-ND-G1,revisão mensal do cluster,Planejamento
2026-09-01,C0000263,S260820-M1-PRE-AV-D-2,S260820-M1-LIQ-AV,acordo quitado,Sist. acordos
2026-09-01,C0000346,S260820-M1-NCP-ND-G1,S260820-M2-NCP-ND-G1,revisão mensal do cluster,Planejamento
2026-09-01,C0000018,S260821-B2-NCP-ND-G1,S260821-B2-CPA-RC-T1,contato no RCS → CPC A,RCS
2026-09-01,C0000236,S260821-A1-NCP-ND-G1,S260821-A1-CPA-RC-T1,contato no RCS → CPC A,RCS
2026-09-01,C0000057,S260822-B1-PRE-RC-D-3,S260822-B1-COL-RC,acordo ativo (colchão),Sist. acordos
2026-09-01,C0000175,S260823-B1-NCP-ND-G1,S260823-B2-NCP-ND-G1,revisão mensal do cluster,Planejamento
2026-09-01,C0000259,S260823-B1-NCP-ND-G1,S260823-B1-CPA-WA-T1,contato no WhatsApp → CPC A,WhatsApp
2026-09-01,C0000344,S260823-A1-NCP-ND-G1,S260823-A1-CPA-WA-T1,contato no WhatsApp → CPC A,WhatsApp
2026-09-01,C0000344,S260823-A1-CPA-WA-T1,S260823-A1-COL-WA,acordo ativo (colchão),Sist. acordos
2026-09-01,C0000165,S260824-M2-LOC-ND-L7,S260824-M2-NCP-ND-G1,"D+8 sem contato → Não CPC, entra no giro",Automático
2026-09-01,C0000209,S260824-A1-LOC-ND-L7,S260824-A1-NCP-ND-G1,"D+8 sem contato → Não CPC, entra no giro",Automático
2026-09-01,C0000214,S260824-A2-LOC-ND-L7,S260824-A2-NCP-ND-G1,"D+8 sem contato → Não CPC, entra no giro",Automático
2026-09-01,C0000297,S260824-A3-LOC-ND-L7,S260824-A3-NCP-ND-G1,"D+8 sem contato → Não CPC, entra no giro",Automático
2026-09-01,C0000392,S260824-M2-LOC-ND-L7,S260824-M2-NCP-ND-G1,"D+8 sem contato → Não CPC, entra no giro",Automático
2026-09-01,C0000074,S260825-M1-LOC-ND-L3,S260825-M2-LOC-ND-L3,revisão mensal do cluster,Planejamento
2026-09-01,C0000074,S260825-M2-LOC-ND-L3,S260825-M2-LOC-ND-L7,localização por SMS sem contato,SMS
2026-09-01,C0000079,S260825-M3-LOC-ND-L3,S260825-M3-LOC-ND-L7,localização por SMS+E-mail sem contato,SMS
2026-09-01,C0000229,S260825-B1-LOC-ND-L3,S260825-B1-LOC-ND-L7,localização por SMS sem contato,SMS
2026-09-01,C0000240,S260825-B3-LOC-ND-L3,S260825-B3-LOC-ND-L7,localização por SMS+E-mail sem contato,SMS
2026-09-01,C0000243,S260825-B3-LOC-ND-L3,S260825-B3-LOC-ND-L7,localização por SMS sem contato,SMS
2026-09-01,C0000326,S260825-M3-LOC-ND-L3,S260825-M3-LOC-ND-L7,localização por SMS+E-mail sem contato,SMS
2026-09-01,C0000365,S260825-B3-LOC-ND-L3,S260825-B3-LOC-ND-L7,localização por SMS sem contato,SMS
2026-09-01,C0000368,S260825-B1-LOC-ND-L3,S260825-B1-CPA-SM-T1,contato no SMS → CPC A,SMS
2026-09-01,C0000377,S260826-B1-LOC-ND-L5,S260826-B2-LOC-ND-L5,revisão mensal do cluster,Planejamento
2026-09-01,C0000001,S260827-M2-LOC-ND-L0,S260827-M3-LOC-ND-L0,revisão mensal do cluster,Planejamento
2026-09-01,C0000001,S260827-M3-LOC-ND-L0,S260827-M3-LOC-ND-L5,localização por Agente virtual+Discador sem contato,Agente virtual
2026-09-01,C0000007,S260827-M1-LOC-ND-L0,S260827-M1-LOC-ND-L5,localização por Agente virtual+Discador sem contato,Agente virtual
2026-09-01,C0000023,S260827-M1-LOC-ND-L0,S260827-M1-CPA-AV-T1,contato no Agente virtual → CPC A,Agente virtual
2026-09-01,C0000023,S260827-M1-CPA-AV-T1,S260827-M1-COL-AV,acordo ativo (colchão),Sist. acordos
2026-09-01,C0000039,S260827-B1-LOC-ND-L0,S260827-B1-CPA-DC-T1,contato no Discador → CPC A,Discador
2026-09-01,C0000129,S260827-A3-LOC-ND-L0,S260827-A3-LOC-ND-L5,localização por Agente virtual+Discador sem contato,Agente virtual
2026-09-01,C0000162,S260827-A2-LOC-ND-L0,S260827-A2-LOC-ND-L5,localização por Agente virtual+Discador sem contato,Agente virtual
2026-09-01,C0000179,S260827-M2-LOC-ND-L0,S260827-M2-LOC-ND-L5,localização por Agente virtual+Discador sem contato,Agente virtual
2026-09-01,C0000188,S260827-M1-LOC-ND-L0,S260827-M1-LOC-ND-L5,localização por Agente virtual+Discador sem contato,Agente virtual
2026-09-01,C0000217,S260827-A1-LOC-ND-L0,S260827-A1-LOC-ND-L5,localização por Agente virtual+Discador sem contato,Agente virtual
2026-09-01,C0000271,S260827-B1-LOC-ND-L0,S260827-B1-LOC-ND-L5,localização por Agente virtual+Discador sem contato,Agente virtual
2026-09-01,C0000284,S260827-B2-LOC-ND-L0,S260827-B2-LOC-ND-L5,localização por Agente virtual+Discador sem contato,Agente virtual
2026-09-01,C0000371,S260827-M3-LOC-ND-L0,S260827-M3-LOC-ND-L5,localização por Agente virtual+Discador sem contato,Agente virtual
2026-09-01,C0000378,S260827-M2-LOC-ND-L0,S260827-M2-LOC-ND-L5,localização por Agente virtual+Discador sem contato,Agente virtual
2026-09-01,C0000003,S260829-M1-LOC-ND-L0,S260829-M1-LOC-ND-L3,localização por RCS sem contato,RCS
2026-09-01,C0000005,S260829-A3-LOC-ND-L0,S260829-A3-LOC-ND-L3,localização por RCS sem contato,RCS
2026-09-01,C0000036,S260829-M3-LOC-ND-L0,S260829-M3-LOC-ND-L3,localização por RCS sem contato,RCS
2026-09-01,C0000037,S260829-M2-LOC-ND-L0,S260829-M2-LOC-ND-L3,localização por RCS sem contato,RCS
2026-09-01,C0000105,S260829-B1-LOC-ND-L0,S260829-B1-LOC-ND-L3,localização por RCS sem contato,RCS
2026-09-01,C0000142,S260829-B1-LOC-ND-L0,S260829-B1-LOC-ND-L3,localização por RCS sem contato,RCS
2026-09-01,C0000265,S260829-A1-LOC-ND-L0,S260829-A1-LOC-ND-L3,localização por RCS sem contato,RCS
2026-09-01,C0000267,S260829-B1-LOC-ND-L0,S260829-B1-CPA-RC-T1,contato no RCS → CPC A,RCS
2026-09-01,C0000267,S260829-B1-CPA-RC-T1,S260829-B1-COL-RC,acordo ativo (colchão),Sist. acordos
2026-09-01,C0000310,S260829-A3-LOC-ND-L0,S260829-A3-LOC-ND-L3,localização por RCS sem contato,RCS
2026-09-01,C0000370,S260829-M1-LOC-ND-L0,S260829-M1-CPA-RC-T1,contato no RCS → CPC A,RCS
2026-09-01,C0000012,S260831-M2-LOC-ND-L0,S260831-M2-LOC-ND-L1,localização por WhatsApp sem contato,WhatsApp
2026-09-01,C0000117,S260831-M1-LOC-ND-L0,S260831-M1-LOC-ND-L1,localização por WhatsApp sem contato,WhatsApp
2026-09-01,C0000158,S260831-M1-LOC-ND-L0,S260831-M1-LOC-ND-L1,localização por WhatsApp sem contato,WhatsApp
2026-09-01,C0000176,S260831-M3-LOC-ND-L0,S260831-M3-CPA-WA-T1,contato no WhatsApp → CPC A,WhatsApp
2026-09-01,C0000176,S260831-M3-CPA-WA-T1,S260831-M3-COL-WA,acordo ativo (colchão),Sist. acordos
2026-09-01,C0000190,S260831-M2-LOC-ND-L0,S260831-M2-LOC-ND-L1,localização por WhatsApp sem contato,WhatsApp
2026-09-01,C0000245,S260831-A1-LOC-ND-L0,S260831-A1-LOC-ND-L1,localização por WhatsApp sem contato,WhatsApp
2026-09-01,C0000254,S260831-A1-LOC-ND-L0,S260831-A1-CPA-WA-T1,contato no WhatsApp → CPC A,WhatsApp
2026-09-01,C0000336,S260831-M3-LOC-ND-L0,S260831-M3-LOC-ND-L1,localização por WhatsApp sem contato,WhatsApp
2026-09-01,C0000380,S260831-M1-LOC-ND-L0,S260831-M1-LOC-ND-L1,localização por WhatsApp sem contato,WhatsApp
2026-09-01,C0000388,S260831-M1-LOC-ND-L0,S260831-M1-LOC-ND-L1,localização por WhatsApp sem contato,WhatsApp
2026-09-02,C0000156,S260803-M3-PRE-RC-D-2,S260803-M3-PRE-RC-D-1,parcela a vencer,Sist. acordos
2026-09-02,C0000197,S260803-M2-CPB-EM-T2,S260803-M2-CPB-EM-T3,3ª tentativa no canal sem resposta,E-mail
2026-09-02,C0000300,S260803-M1-CPB-AV-T1,S260803-M1-CPB-AV-T2,2ª tentativa no canal sem resposta,Agente virtual
2026-09-02,C0000347,S260803-M1-CPB-DC-T1,S260803-M1-CPB-DC-T2,2ª tentativa no canal sem resposta,Discador
2026-09-02,C0000355,S260803-B2-CPB-AV-T1,S260803-B2-CPB-AV-T2,2ª tentativa no canal sem resposta,Agente virtual
2026-09-02,C0000150,S260804-B2-CPB-RC-T2,S260804-B2-CPB-RC-T3,3ª tentativa no canal sem resposta,RCS
2026-09-02,C0000201,S260804-M3-CPB-SM-T1,S260804-M3-CPB-SM-T2,2ª tentativa no canal sem resposta,SMS
2026-09-02,C0000250,S260804-M1-CPB-DC-T3,S260804-M1-CPB-SM-T1,rotação de canal para SMS,SMS
2026-09-02,C0000293,S260804-B3-CPA-RC-T1,S260804-B3-CPB-RC-T1,sem resposta na ação de negociação → CPC B,RCS
2026-09-02,C0000348,S260804-A2-NCP-ND-G3,S260804-A2-CPA-AV-T1,contato no Agente virtual → CPC A,Agente virtual
2026-09-02,C0000348,S260804-A2-CPA-AV-T1,S260804-A2-COL-AV,acordo ativo (colchão),Sist. acordos
2026-09-02,C0000351,S260804-M3-CPB-DC-T3,S260804-M3-CPA-EM-T1,contato no E-mail → CPC A,E-mail
2026-09-02,C0000351,S260804-M3-CPA-EM-T1,S260804-M3-COL-EM,acordo ativo (colchão),Sist. acordos
2026-09-02,C0000181,S260805-B2-CPB-RC-T3,S260805-B2-CPB-AV-T1,rotação de canal para Agente virtual,Agente virtual
2026-09-02,C0000283,S260805-B2-CPB-SM-T3,S260805-B2-CPB-WA-T1,rotação de canal para WhatsApp,WhatsApp
2026-09-02,C0000022,S260806-B2-CPB-AV-T2,S260806-B2-CPB-AV-T3,3ª tentativa no canal sem resposta,Agente virtual
2026-09-02,C0000026,S260806-B1-CPB-SM-T3,S260806-B1-CPA-WA-T1,contato no WhatsApp → CPC A,WhatsApp
2026-09-02,C0000026,S260806-B1-CPA-WA-T1,S260806-B1-COL-WA,acordo ativo (colchão),Sist. acordos
2026-09-02,C0000061,S260806-B2-CPB-SM-T3,S260806-B2-CPB-WA-T1,rotação de canal para WhatsApp,WhatsApp
2026-09-02,C0000103,S260806-A2-CPB-SM-T3,S260806-A2-CPA-WA-T1,contato no WhatsApp → CPC A,WhatsApp
2026-09-02,C0000216,S260806-A2-CPA-DC-T1,S260806-A2-CPB-DC-T1,sem resposta na ação de negociação → CPC B,Discador
2026-09-02,C0000234,S260806-A2-CPB-DC-T1,S260806-A2-CPB-DC-T2,2ª tentativa no canal sem resposta,Discador
2026-09-02,C0000261,S260806-M1-CPB-AV-T2,S260806-M1-CPB-AV-T3,3ª tentativa no canal sem resposta,Agente virtual
2026-09-02,C0000333,S260806-A2-CPB-AV-T1,S260806-A2-CPB-AV-T2,2ª tentativa no canal sem resposta,Agente virtual
2026-09-02,C0000350,S260806-B3-CPB-RC-T3,S260806-B3-CPB-SM-T1,rotação de canal para SMS,SMS
2026-09-02,C0000069,S260807-M3-CPA-AV-T1,S260807-M3-CPB-AV-T1,sem resposta na ação de negociação → CPC B,Agente virtual
2026-09-02,C0000166,S260807-M2-CPB-AV-T2,S260807-M2-CPB-AV-T3,3ª tentativa no canal sem resposta,Agente virtual
2026-09-02,C0000202,S260807-M1-CPB-WA-T2,S260807-M1-CPB-WA-T3,3ª tentativa no canal sem resposta,WhatsApp
2026-09-02,C0000097,S260808-B3-NCP-ND-G2,S260808-B3-NCP-ND-G3,3º ciclo de giro,Automático
2026-09-02,C0000101,S260808-B2-NCP-ND-G2,S260808-B2-NCP-ND-G3,3º ciclo de giro,Automático
2026-09-02,C0000189,S260808-B2-CPB-RC-T3,S260808-B2-CPB-AV-T1,rotação de canal para Agente virtual,Agente virtual
2026-09-02,C0000198,S260808-B3-NCP-ND-G2,S260808-B3-NCP-ND-G3,3º ciclo de giro,Automático
2026-09-02,C0000249,S260808-B3-NCP-ND-G2,S260808-B3-NCP-ND-G3,3º ciclo de giro,Automático
2026-09-02,C0000279,S260808-B3-NCP-ND-G2,S260808-B3-NCP-ND-G3,3º ciclo de giro,Automático
2026-09-02,C0000375,S260808-B2-NCP-ND-G2,S260808-B2-NCP-ND-G3,3º ciclo de giro,Automático
2026-09-02,C0000070,S260809-M2-COL-AV,S260809-M2-PRE-AV-D-3,parcela a vencer,Sist. acordos
2026-09-02,C0000210,S260809-M3-CPB-DC-T3,S260809-M3-CPB-SM-T1,rotação de canal para SMS,SMS
2026-09-02,C0000295,S260809-M1-CPB-AV-T2,S260809-M1-CPB-AV-T3,3ª tentativa no canal sem resposta,Agente virtual
2026-09-02,C0000107,S260810-M1-CPB-AV-T2,S260810-M1-CPB-AV-T3,3ª tentativa no canal sem resposta,Agente virtual
2026-09-02,C0000127,S260810-M3-CPB-SM-T3,S260810-M3-CPB-WA-T1,rotação de canal para WhatsApp,WhatsApp
2026-09-02,C0000311,S260810-B1-CPB-RC-T1,S260810-B1-CPB-RC-T2,2ª tentativa no canal sem resposta,RCS
2026-09-02,C0000359,S260810-B1-CPA-DC-T1,S260810-B1-CPB-DC-T1,sem resposta na ação de negociação → CPC B,Discador
2026-09-02,C0000050,S260811-A2-CPB-RC-T2,S260811-A2-CPB-RC-T3,3ª tentativa no canal sem resposta,RCS
2026-09-02,C0000281,S260811-M2-CPB-AV-T1,S260811-M2-CPB-AV-T2,2ª tentativa no canal sem resposta,Agente virtual
2026-09-02,C0000384,S260811-B2-CPB-AV-T3,S260811-B2-CPB-DC-T1,rotação de canal para Discador,Discador
2026-09-02,C0000106,S260812-B3-CPB-WA-T2,S260812-B3-CPB-WA-T3,3ª tentativa no canal sem resposta,WhatsApp
2026-09-02,C0000112,S260812-A2-CPB-RC-T1,S260812-A2-CPB-RC-T2,2ª tentativa no canal sem resposta,RCS
2026-09-02,C0000224,S260812-B1-CPA-RC-T1,S260812-B1-CPB-RC-T1,sem resposta na ação de negociação → CPC B,RCS
2026-09-02,C0000367,S260812-B2-NCP-ND-G2,S260812-B2-CPA-DC-T1,contato no Discador → CPC A,Discador
2026-09-02,C0000016,S260813-M1-CPB-RC-T1,S260813-M1-CPB-RC-T2,2ª tentativa no canal sem resposta,RCS
2026-09-02,C0000115,S260813-A3-CPB-RC-T3,S260813-A3-CPB-AV-T1,rotação de canal para Agente virtual,Agente virtual
2026-09-02,C0000232,S260813-A3-CPB-DC-T3,S260813-A3-CPB-SM-T1,rotação de canal para SMS,SMS
2026-09-02,C0000319,S260813-M2-CPA-WA-T1,S260813-M2-CPB-WA-T1,sem resposta na ação de negociação → CPC B,WhatsApp
2026-09-02,C0000324,S260813-M2-CPB-AV-T2,S260813-M2-CPB-AV-T3,3ª tentativa no canal sem resposta,Agente virtual
2026-09-02,C0000398,S260813-B2-CPB-SM-T3,S260813-B2-CPA-WA-T1,contato no WhatsApp → CPC A,WhatsApp
2026-09-02,C0000398,S260813-B2-CPA-WA-T1,S260813-B2-COL-WA,acordo ativo (colchão),Sist. acordos
2026-09-02,C0000081,S260814-A1-CPB-RC-T3,S260814-A1-CPA-AV-T1,contato no Agente virtual → CPC A,Agente virtual
2026-09-02,C0000183,S260814-A1-CPB-SM-T1,S260814-A1-CPB-SM-T2,2ª tentativa no canal sem resposta,SMS
2026-09-02,C0000191,S260814-B1-NCP-ND-G2,S260814-B1-CPA-RC-T1,contato no RCS → CPC A,RCS
2026-09-02,C0000252,S260814-M2-CPB-AV-T2,S260814-M2-CPB-AV-T3,3ª tentativa no canal sem resposta,Agente virtual
2026-09-02,C0000342,S260814-M2-CPB-AV-T3,S260814-M2-CPB-DC-T1,rotação de canal para Discador,Discador
2026-09-02,C0000040,S260815-B1-CPB-DC-T1,S260815-B1-CPB-DC-T2,2ª tentativa no canal sem resposta,Discador
2026-09-02,C0000153,S260815-M2-CPB-RC-T2,S260815-M2-CPA-RC-T1,contato no RCS → CPC A,RCS
2026-09-02,C0000099,S260816-M1-CPB-RC-T2,S260816-M1-CPB-RC-T3,3ª tentativa no canal sem resposta,RCS
2026-09-02,C0000104,S260816-B2-NCP-ND-G1,S260816-B2-NCP-ND-G2,2º ciclo de giro,Automático
2026-09-02,C0000108,S260816-B1-CPB-DC-T1,S260816-B1-CPB-DC-T2,2ª tentativa no canal sem resposta,Discador
2026-09-02,C0000164,S260816-B3-NCP-ND-G1,S260816-B3-NCP-ND-G2,2º ciclo de giro,Automático
2026-09-02,C0000223,S260816-M1-CPB-RC-T2,S260816-M1-CPB-RC-T3,3ª tentativa no canal sem resposta,RCS
2026-09-02,C0000304,S260816-M3-NCP-ND-G1,S260816-M3-NCP-ND-G2,2º ciclo de giro,Automático
2026-09-02,C0000316,S260816-B2-CPB-RC-T2,S260816-B2-CPB-RC-T3,3ª tentativa no canal sem resposta,RCS
2026-09-02,C0000327,S260816-B1-NCP-ND-G1,S260816-B1-CPA-WA-T1,contato no WhatsApp → CPC A,WhatsApp
2026-09-02,C0000327,S260816-B1-CPA-WA-T1,S260816-B1-COL-WA,acordo ativo (colchão),Sist. acordos
2026-09-02,C0000329,S260816-B1-NCP-ND-G1,S260816-B1-NCP-ND-G2,2º ciclo de giro,Automático
2026-09-02,C0000332,S260816-B3-NCP-ND-G1,S260816-B3-NCP-ND-G2,2º ciclo de giro,Automático
2026-09-02,C0000358,S260816-B3-NCP-ND-G1,S260816-B3-NCP-ND-G2,2º ciclo de giro,Automático
2026-09-02,C0000393,S260816-M1-CPA-AV-T1,S260816-M1-CPB-AV-T1,sem resposta na ação de negociação → CPC B,Agente virtual
2026-09-02,C0000394,S260816-M3-CPB-AV-T1,S260816-M3-CPA-DC-T1,contato no Discador → CPC A,Discador
2026-09-02,C0000394,S260816-M3-CPA-DC-T1,S260816-M3-COL-DC,acordo ativo (colchão),Sist. acordos
2026-09-02,C0000056,S260817-A1-PRE-RC-D-2,S260817-A1-PRE-RC-D-1,parcela a vencer,Sist. acordos
2026-09-02,C0000211,S260817-A1-PRE-RC-D-2,S260817-A1-PRE-RC-D-1,parcela a vencer,Sist. acordos
2026-09-02,C0000132,S260818-A2-CPB-AV-T1,S260818-A2-CPB-AV-T2,2ª tentativa no canal sem resposta,Agente virtual
2026-09-02,C0000140,S260818-M2-PRE-RC-D-2,S260818-M2-PRE-RC-D-1,parcela a vencer,Sist. acordos
2026-09-02,C0000149,S260818-M2-CPB-AV-T1,S260818-M2-CPB-AV-T2,2ª tentativa no canal sem resposta,Agente virtual
2026-09-02,C0000231,S260818-M3-CPA-AV-T1,S260818-M3-CPB-AV-T1,sem resposta na ação de negociação → CPC B,Agente virtual
2026-09-02,C0000248,S260818-M2-CPB-EM-T3,S260818-M2-CPB-WA-T1,rotação de canal para WhatsApp,WhatsApp
2026-09-02,C0000032,S260820-B2-CPB-DC-T3,S260820-B2-CPB-SM-T1,rotação de canal para SMS,SMS
2026-09-02,C0000143,S260820-B2-CPA-WA-T1,S260820-B2-CPB-WA-T1,sem resposta na ação de negociação → CPC B,WhatsApp
2026-09-02,C0000180,S260820-B1-CPB-DC-T2,S260820-B1-CPB-DC-T3,3ª tentativa no canal sem resposta,Discador
2026-09-02,C0000253,S260820-A1-NCP-ND-G1,S260820-A1-CPA-DC-T1,contato no Discador → CPC A,Discador
2026-09-02,C0000033,S260821-M3-CPB-DC-T1,S260821-M3-CPB-DC-T2,2ª tentativa no canal sem resposta,Discador
2026-09-02,C0000047,S260821-M2-CPB-RC-T1,S260821-M2-CPA-RC-T1,contato no RCS → CPC A,RCS
2026-09-02,C0000047,S260821-M2-CPA-RC-T1,S260821-M2-COL-RC,acordo ativo (colchão),Sist. acordos
2026-09-02,C0000053,S260821-B1-CPB-AV-T2,S260821-B1-CPB-AV-T3,3ª tentativa no canal sem resposta,Agente virtual
2026-09-02,C0000354,S260822-B1-COL-WA,S260822-B1-PRE-WA-D-3,parcela a vencer,Sist. acordos
2026-09-02,C0000168,S260823-M1-CPB-AV-T1,S260823-M1-CPB-AV-T2,2ª tentativa no canal sem resposta,Agente virtual
2026-09-02,C0000100,S260824-A1-CPB-RC-T2,S260824-A1-CPB-RC-T3,3ª tentativa no canal sem resposta,RCS
2026-09-02,C0000141,S260824-A3-CPB-AV-T1,S260824-A3-CPB-AV-T2,2ª tentativa no canal sem resposta,Agente virtual
2026-09-02,C0000000,S260825-B1-LOC-ND-L3,S260825-B1-NCP-ND-G1,"D+8 sem contato → Não CPC, entra no giro",Automático
2026-09-02,C0000074,S260825-M2-LOC-ND-L7,S260825-M2-NCP-ND-G1,"D+8 sem contato → Não CPC, entra no giro",Automático
2026-09-02,C0000079,S260825-M3-LOC-ND-L7,S260825-M3-NCP-ND-G1,"D+8 sem contato → Não CPC, entra no giro",Automático
2026-09-02,C0000229,S260825-B1-LOC-ND-L7,S260825-B1-NCP-ND-G1,"D+8 sem contato → Não CPC, entra no giro",Automático
2026-09-02,C0000240,S260825-B3-LOC-ND-L7,S260825-B3-NCP-ND-G1,"D+8 sem contato → Não CPC, entra no giro",Automático
2026-09-02,C0000243,S260825-B3-LOC-ND-L7,S260825-B3-NCP-ND-G1,"D+8 sem contato → Não CPC, entra no giro",Automático
2026-09-02,C0000326,S260825-M3-LOC-ND-L7,S260825-M3-NCP-ND-G1,"D+8 sem contato → Não CPC, entra no giro",Automático
2026-09-02,C0000365,S260825-B3-LOC-ND-L7,S260825-B3-NCP-ND-G1,"D+8 sem contato → Não CPC, entra no giro",Automático
2026-09-02,C0000030,S260826-B1-CPB-RC-T1,S260826-B1-CPB-RC-T2,2ª tentativa no canal sem resposta,RCS
2026-09-02,C0000071,S260826-B1-LOC-ND-L5,S260826-B1-LOC-ND-L7,localização por SMS sem contato,SMS
2026-09-02,C0000085,S260826-M3-CPB-RC-T1,S260826-M3-CPB-RC-T2,2ª tentativa no canal sem resposta,RCS
2026-09-02,C0000090,S260826-M1-LOC-ND-L5,S260826-M1-LOC-ND-L7,localização por SMS sem contato,SMS
2026-09-02,C0000130,S260826-B3-LOC-ND-L3,S260826-B3-LOC-ND-L7,localização por SMS+E-mail sem contato,SMS
2026-09-02,C0000195,S260826-M2-LOC-ND-L5,S260826-M2-LOC-ND-L7,localização por SMS sem contato,SMS
2026-09-02,C0000228,S260826-M1-LOC-ND-L5,S260826-M1-LOC-ND-L7,localização por SMS+E-mail sem contato,SMS
2026-09-02,C0000290,S260826-A3-LOC-ND-L5,S260826-A3-LOC-ND-L7,localização por SMS+E-mail sem contato,SMS
2026-09-02,C0000377,S260826-B2-LOC-ND-L5,S260826-B2-LOC-ND-L7,localização por SMS+E-mail sem contato,SMS
2026-09-02,C0000379,S260826-A2-LOC-ND-L5,S260826-A2-LOC-ND-L7,localização por SMS+E-mail sem contato,SMS
2026-09-02,C0000389,S260826-M2-LOC-ND-L5,S260826-M2-LOC-ND-L7,localização por SMS sem contato,SMS
2026-09-02,C0000391,S260826-M1-LOC-ND-L5,S260826-M1-LOC-ND-L7,localização por SMS+E-mail sem contato,SMS
2026-09-02,C0000066,S260828-M1-LOC-ND-L3,S260828-M1-LOC-ND-L5,localização por Agente virtual+Discador sem contato,Agente virtual
2026-09-02,C0000148,S260828-M2-LOC-ND-L3,S260828-M2-LOC-ND-L5,localização por Agente virtual+Discador sem contato,Agente virtual
2026-09-02,C0000185,S260828-B2-LOC-ND-L3,S260828-B2-LOC-ND-L5,localização por Agente virtual+Discador sem contato,Agente virtual
2026-09-02,C0000262,S260828-M1-LOC-ND-L3,S260828-M1-CPA-DC-T1,contato no Discador → CPC A,Discador
2026-09-02,C0000269,S260828-B1-LOC-ND-L3,S260828-B1-LOC-ND-L5,localização por Agente virtual+Discador sem contato,Agente virtual
2026-09-02,C0000294,S260828-A1-LOC-ND-L3,S260828-A1-LOC-ND-L5,localização por Agente virtual+Discador sem contato,Agente virtual
2026-09-02,C0000369,S260828-M3-LOC-ND-L3,S260828-M3-LOC-ND-L5,localização por Agente virtual+Discador sem contato,Agente virtual
2026-09-02,C0000381,S260828-M3-LOC-ND-L3,S260828-M3-LOC-ND-L5,localização por Agente virtual+Discador sem contato,Agente virtual
2026-09-02,C0000387,S260828-M1-LOC-ND-L3,S260828-M1-LOC-ND-L5,localização por Agente virtual+Discador sem contato,Agente virtual
2026-09-02,C0000017,S260830-B1-LOC-ND-L1,S260830-B1-LOC-ND-L3,localização por RCS sem contato,RCS
2026-09-02,C0000041,S260830-M3-LOC-ND-L1,S260830-M3-CPA-RC-T1,contato no RCS → CPC A,RCS
2026-09-02,C0000043,S260830-M2-LOC-ND-L1,S260830-M2-LOC-ND-L3,localização por RCS sem contato,RCS
2026-09-02,C0000062,S260830-A2-LOC-ND-L1,S260830-A2-LOC-ND-L3,localização por RCS sem contato,RCS
2026-09-02,C0000134,S260830-M3-LOC-ND-L1,S260830-M3-LOC-ND-L3,localização por RCS sem contato,RCS
2026-09-02,C0000174,S260830-A1-LOC-ND-L1,S260830-A1-LOC-ND-L3,localização por RCS sem contato,RCS
2026-09-02,C0000238,S260830-M1-LOC-ND-L1,S260830-M1-LOC-ND-L3,localização por RCS sem contato,RCS
2026-09-02,C0000251,S260830-B3-LOC-ND-L1,S260830-B3-LOC-ND-L3,localização por RCS sem contato,RCS
2026-09-02,C0000260,S260830-A3-LOC-ND-L1,S260830-A3-LOC-ND-L3,localização por RCS sem contato,RCS
2026-09-02,C0000301,S260830-B2-LOC-ND-L1,S260830-B2-LOC-ND-L3,localização por RCS sem contato,RCS
2026-09-02,C0000323,S260830-A1-LOC-ND-L1,S260830-A1-CPA-RC-T1,contato no RCS → CPC A,RCS
2026-09-02,C0000335,S260830-A2-LOC-ND-L1,S260830-A2-LOC-ND-L3,localização por RCS sem contato,RCS
2026-09-02,C0000021,S260901-B1-LOC-ND-L0,S260901-B1-LOC-ND-L1,localização por WhatsApp sem contato,WhatsApp
2026-09-02,C0000027,S260901-M3-LOC-ND-L0,S260901-M3-CPA-WA-T1,contato no WhatsApp → CPC A,WhatsApp
2026-09-02,C0000027,S260901-M3-CPA-WA-T1,S260901-M3-COL-WA,acordo ativo (colchão),Sist. acordos
2026-09-02,C0000045,S260901-M1-LOC-ND-L0,S260901-M1-LOC-ND-L1,localização por WhatsApp sem contato,WhatsApp
2026-09-02,C0000073,S260901-M1-LOC-ND-L0,S260901-M1-LOC-ND-L1,localização por WhatsApp sem contato,WhatsApp
2026-09-02,C0000087,S260901-M3-LOC-ND-L0,S260901-M3-LOC-ND-L1,localização por WhatsApp sem contato,WhatsApp
2026-09-02,C0000167,S260901-A1-LOC-ND-L0,S260901-A1-LOC-ND-L1,localização por WhatsApp sem contato,WhatsApp
2026-09-02,C0000172,S260901-B1-LOC-ND-L0,S260901-B1-LOC-ND-L1,localização por WhatsApp sem contato,WhatsApp
2026-09-02,C0000256,S260901-B1-LOC-ND-L0,S260901-B1-LOC-ND-L1,localização por WhatsApp sem contato,WhatsApp
2026-09-02,C0000299,S260901-B3-LOC-ND-L0,S260901-B3-LOC-ND-L1,localização por WhatsApp sem contato,WhatsApp
2026-09-02,C0000303,S260901-A1-LOC-ND-L0,S260901-A1-LOC-ND-L1,localização por WhatsApp sem contato,WhatsApp
2026-09-02,C0000361,S260901-A1-LOC-ND-L0,S260901-A1-LOC-ND-L1,localização por WhatsApp sem contato,WhatsApp
2026-09-02,C0000366,S260901-M3-LOC-ND-L0,S260901-M3-LOC-ND-L1,localização por WhatsApp sem contato,WhatsApp
2026-09-03,C0000156,S260803-M3-PRE-RC-D-1,S260803-M3-COL-RC,acordo ativo (colchão),Sist. acordos
2026-09-03,C0000063,S260807-B2-CPA-WA-T1,S260807-B2-CPB-WA-T1,sem resposta na ação de negociação → CPC B,WhatsApp
2026-09-03,C0000144,S260807-M1-NCP-ND-G3,S260807-M1-CPA-RC-T1,contato no RCS → CPC A,RCS
2026-09-03,C0000070,S260809-M2-PRE-AV-D-3,S260809-M2-PRE-AV-D-2,parcela a vencer,Sist. acordos
2026-09-03,C0000178,S260809-B3-NCP-ND-G2,S260809-B3-NCP-ND-G3,3º ciclo de giro,Automático
2026-09-03,C0000203,S260809-B1-NCP-ND-G2,S260809-B1-NCP-ND-G3,3º ciclo de giro,Automático
2026-09-03,C0000273,S260809-M2-NCP-ND-G2,S260809-M2-NCP-ND-G3,3º ciclo de giro,Automático
2026-09-03,C0000289,S260809-B2-NCP-ND-G2,S260809-B2-NCP-ND-G3,3º ciclo de giro,Automático
2026-09-03,C0000255,S260810-B2-COL-RC,S260810-B2-PRE-RC-D-3,parcela a vencer,Sist. acordos
2026-09-03,C0000111,S260811-A1-CPA-AV-T1,S260811-A1-CPB-AV-T1,sem resposta na ação de negociação → CPC B,Agente virtual
2026-09-03,C0000122,S260811-A1-NCP-ND-G2,S260811-A1-CPA-SM-T1,contato no SMS → CPC A,SMS
2026-09-03,C0000145,S260813-A1-NCP-ND-G2,S260813-A1-CPA-AV-T1,contato no Agente virtual → CPC A,Agente virtual
2026-09-03,C0000068,S260815-M2-CPA-WA-T1,S260815-M2-CPB-WA-T1,sem resposta na ação de negociação → CPC B,WhatsApp
2026-09-03,C0000006,S260817-A2-NCP-ND-G1,S260817-A2-NCP-ND-G2,2º ciclo de giro,Automático
2026-09-03,C0000031,S260817-A2-NCP-ND-G1,S260817-A2-NCP-ND-G2,2º ciclo de giro,Automático
2026-09-03,C0000051,S260817-A3-NCP-ND-G1,S260817-A3-NCP-ND-G2,2º ciclo de giro,Automático
2026-09-03,C0000056,S260817-A1-PRE-RC-D-1,S260817-A1-COL-RC,acordo ativo (colchão),Sist. acordos
2026-09-03,C0000056,S260817-A1-COL-RC,S260817-A1-COL-WA,contato no WhatsApp,WhatsApp
2026-09-03,C0000058,S260817-A1-NCP-ND-G1,S260817-A1-NCP-ND-G2,2º ciclo de giro,Automático
2026-09-03,C0000114,S260817-M1-NCP-ND-G1,S260817-M1-NCP-ND-G2,2º ciclo de giro,Automático
2026-09-03,C0000211,S260817-A1-PRE-RC-D-1,S260817-A1-COL-RC,acordo ativo (colchão),Sist. acordos
2026-09-03,C0000219,S260817-M2-NCP-ND-G1,S260817-M2-NCP-ND-G2,2º ciclo de giro,Automático
2026-09-03,C0000246,S260817-M2-NCP-ND-G1,S260817-M2-NCP-ND-G2,2º ciclo de giro,Automático
2026-09-03,C0000278,S260817-M3-NCP-ND-G1,S260817-M3-NCP-ND-G2,2º ciclo de giro,Automático
2026-09-03,C0000334,S260817-B1-NCP-ND-G1,S260817-B1-NCP-ND-G2,2º ciclo de giro,Automático
2026-09-03,C0000340,S260817-M2-NCP-ND-G1,S260817-M2-NCP-ND-G2,2º ciclo de giro,Automático
2026-09-03,C0000373,S260817-M3-NCP-ND-G1,S260817-M3-NCP-ND-G2,2º ciclo de giro,Automático
2026-09-03,C0000396,S260817-M3-NCP-ND-G1,S260817-M3-NCP-ND-G2,2º ciclo de giro,Automático
2026-09-03,C0000140,S260818-M2-PRE-RC-D-1,S260818-M2-COL-RC,acordo ativo (colchão),Sist. acordos
2026-09-03,C0000014,S260819-A3-NCP-ND-G1,S260819-A3-CPA-SM-T1,contato no SMS → CPC A,SMS
2026-09-03,C0000018,S260821-B2-CPA-RC-T1,S260821-B2-CPB-RC-T1,sem resposta na ação de negociação → CPC B,RCS
2026-09-03,C0000236,S260821-A1-CPA-RC-T1,S260821-A1-CPB-RC-T1,sem resposta na ação de negociação → CPC B,RCS
2026-09-03,C0000354,S260822-B1-PRE-WA-D-3,S260822-B1-LIQ-WA,acordo quitado,Sist. acordos
2026-09-03,C0000186,S260823-M3-NCP-ND-G1,S260823-M3-CPA-RC-T1,contato no RCS → CPC A,RCS
2026-09-03,C0000186,S260823-M3-CPA-RC-T1,S260823-M3-COL-RC,acordo ativo (colchão),Sist. acordos
2026-09-03,C0000259,S260823-B1-CPA-WA-T1,S260823-B1-CPB-WA-T1,sem resposta na ação de negociação → CPC B,WhatsApp
2026-09-03,C0000368,S260825-B1-CPA-SM-T1,S260825-B1-CPB-SM-T1,sem resposta na ação de negociação → CPC B,SMS
2026-09-03,C0000071,S260826-B1-LOC-ND-L7,S260826-B1-NCP-ND-G1,"D+8 sem contato → Não CPC, entra no giro",Automático
2026-09-03,C0000090,S260826-M1-LOC-ND-L7,S260826-M1-NCP-ND-G1,"D+8 sem contato → Não CPC, entra no giro",Automático
2026-09-03,C0000130,S260826-B3-LOC-ND-L7,S260826-B3-NCP-ND-G1,"D+8 sem contato → Não CPC, entra no giro",Automático
2026-09-03,C0000195,S260826-M2-LOC-ND-L7,S260826-M2-NCP-ND-G1,"D+8 sem contato → Não CPC, entra no giro",Automático
2026-09-03,C0000228,S260826-M1-LOC-ND-L7,S260826-M1-NCP-ND-G1,"D+8 sem contato → Não CPC, entra no giro",Automático
2026-09-03,C0000247,S260826-B1-COL-DC,S260826-B1-PRE-DC-D-3,parcela a vencer,Sist. acordos
2026-09-03,C0000290,S260826-A3-LOC-ND-L7,S260826-A3-NCP-ND-G1,"D+8 sem contato → Não CPC, entra no giro",Automático
2026-09-03,C0000377,S260826-B2-LOC-ND-L7,S260826-B2-NCP-ND-G1,"D+8 sem contato → Não CPC, entra no giro",Automático
2026-09-03,C0000379,S260826-A2-LOC-ND-L7,S260826-A2-NCP-ND-G1,"D+8 sem contato → Não CPC, entra no giro",Automático
2026-09-03,C0000389,S260826-M2-LOC-ND-L7,S260826-M2-NCP-ND-G1,"D+8 sem contato → Não CPC, entra no giro",Automático
2026-09-03,C0000391,S260826-M1-LOC-ND-L7,S260826-M1-NCP-ND-G1,"D+8 sem contato → Não CPC, entra no giro",Automático
2026-09-03,C0000001,S260827-M3-LOC-ND-L5,S260827-M3-LOC-ND-L7,localização por SMS sem contato,SMS
2026-09-03,C0000007,S260827-M1-LOC-ND-L5,S260827-M1-LOC-ND-L7,localização por SMS+E-mail sem contato,SMS
2026-09-03,C0000023,S260827-M1-COL-AV,S260827-M1-PRE-AV-D-3,parcela a vencer,Sist. acordos
2026-09-03,C0000039,S260827-B1-CPA-DC-T1,S260827-B1-CPB-DC-T1,sem resposta na ação de negociação → CPC B,Discador
2026-09-03,C0000129,S260827-A3-LOC-ND-L5,S260827-A3-LOC-ND-L7,localização por SMS+E-mail sem contato,SMS
2026-09-03,C0000162,S260827-A2-LOC-ND-L5,S260827-A2-LOC-ND-L7,localização por SMS+E-mail sem contato,SMS
2026-09-03,C0000179,S260827-M2-LOC-ND-L5,S260827-M2-LOC-ND-L7,localização por SMS+E-mail sem contato,SMS
2026-09-03,C0000188,S260827-M1-LOC-ND-L5,S260827-M1-LOC-ND-L7,localização por SMS+E-mail sem contato,SMS
2026-09-03,C0000217,S260827-A1-LOC-ND-L5,S260827-A1-LOC-ND-L7,localização por SMS+E-mail sem contato,SMS
2026-09-03,C0000271,S260827-B1-LOC-ND-L5,S260827-B1-LOC-ND-L7,localização por SMS+E-mail sem contato,SMS
2026-09-03,C0000284,S260827-B2-LOC-ND-L5,S260827-B2-LOC-ND-L7,localização por SMS+E-mail sem contato,SMS
2026-09-03,C0000371,S260827-M3-LOC-ND-L5,S260827-M3-LOC-ND-L7,localização por SMS+E-mail sem contato,SMS
2026-09-03,C0000378,S260827-M2-LOC-ND-L5,S260827-M2-LOC-ND-L7,localização por SMS+E-mail sem contato,SMS
2026-09-03,C0000003,S260829-M1-LOC-ND-L3,S260829-M1-LOC-ND-L5,localização por Agente virtual+Discador sem contato,Agente virtual
2026-09-03,C0000005,S260829-A3-LOC-ND-L3,S260829-A3-LOC-ND-L5,localização por Agente virtual+Discador sem contato,Agente virtual
2026-09-03,C0000036,S260829-M3-LOC-ND-L3,S260829-M3-LOC-ND-L5,localização por Agente virtual+Discador sem contato,Agente virtual
2026-09-03,C0000037,S260829-M2-LOC-ND-L3,S260829-M2-LOC-ND-L5,localização por Agente virtual+Discador sem contato,Agente virtual
2026-09-03,C0000105,S260829-B1-LOC-ND-L3,S260829-B1-CPA-DC-T1,contato no Discador → CPC A,Discador
2026-09-03,C0000142,S260829-B1-LOC-ND-L3,S260829-B1-LOC-ND-L5,localização por Agente virtual+Discador sem contato,Agente virtual
2026-09-03,C0000265,S260829-A1-LOC-ND-L3,S260829-A1-LOC-ND-L5,localização por Agente virtual+Discador sem contato,Agente virtual
2026-09-03,C0000310,S260829-A3-LOC-ND-L3,S260829-A3-LOC-ND-L5,localização por Agente virtual+Discador sem contato,Agente virtual
2026-09-03,C0000370,S260829-M1-CPA-RC-T1,S260829-M1-CPB-RC-T1,sem resposta na ação de negociação → CPC B,RCS
2026-09-03,C0000012,S260831-M2-LOC-ND-L1,S260831-M2-LOC-ND-L3,localização por RCS sem contato,RCS
2026-09-03,C0000064,S260831-A2-LOC-ND-L0,S260831-A2-CPA-RC-T1,contato no RCS → CPC A,RCS
2026-09-03,C0000094,S260831-B1-LOC-ND-L0,S260831-B1-LOC-ND-L3,localização por RCS sem contato,RCS
2026-09-03,C0000117,S260831-M1-LOC-ND-L1,S260831-M1-LOC-ND-L3,localização por RCS sem contato,RCS
2026-09-03,C0000158,S260831-M1-LOC-ND-L1,S260831-M1-LOC-ND-L3,localização por RCS sem contato,RCS
2026-09-03,C0000190,S260831-M2-LOC-ND-L1,S260831-M2-LOC-ND-L3,localização por RCS sem contato,RCS
2026-09-03,C0000245,S260831-A1-LOC-ND-L1,S260831-A1-CPA-RC-T1,contato no RCS → CPC A,RCS
2026-09-03,C0000245,S260831-A1-CPA-RC-T1,S260831-A1-COL-RC,acordo ativo (colchão),Sist. acordos
2026-09-03,C0000254,S260831-A1-CPA-WA-T1,S260831-A1-CPB-WA-T1,sem resposta na ação de negociação → CPC B,WhatsApp
2026-09-03,C0000292,S260831-A3-LOC-ND-L0,S260831-A3-LOC-ND-L3,localização por RCS sem contato,RCS
2026-09-03,C0000336,S260831-M3-LOC-ND-L1,S260831-M3-LOC-ND-L3,localização por RCS sem contato,RCS
2026-09-03,C0000380,S260831-M1-LOC-ND-L1,S260831-M1-CPA-RC-T1,contato no RCS → CPC A,RCS
2026-09-03,C0000388,S260831-M1-LOC-ND-L1,S260831-M1-LOC-ND-L3,localização por RCS sem contato,RCS
2026-09-04,C0000197,S260803-M2-CPB-EM-T3,S260803-M2-CPB-RC-T1,rotação de canal para RCS,RCS
2026-09-04,C0000300,S260803-M1-CPB-AV-T2,S260803-M1-CPB-AV-T3,3ª tentativa no canal sem resposta,Agente virtual
2026-09-04,C0000347,S260803-M1-CPB-DC-T2,S260803-M1-CPB-DC-T3,3ª tentativa no canal sem resposta,Discador
2026-09-04,C0000355,S260803-B2-CPB-AV-T2,S260803-B2-CPB-AV-T3,3ª tentativa no canal sem resposta,Agente virtual
2026-09-04,C0000150,S260804-B2-CPB-RC-T3,S260804-B2-CPB-AV-T1,rotação de canal para Agente virtual,Agente virtual
2026-09-04,C0000201,S260804-M3-CPB-SM-T2,S260804-M3-CPB-SM-T3,3ª tentativa no canal sem resposta,SMS
2026-09-04,C0000250,S260804-M1-CPB-SM-T1,S260804-M1-CPB-SM-T2,2ª tentativa no canal sem resposta,SMS
2026-09-04,C0000293,S260804-B3-CPB-RC-T1,S260804-B3-CPB-RC-T2,2ª tentativa no canal sem resposta,RCS
2026-09-04,C0000181,S260805-B2-CPB-AV-T1,S260805-B2-CPB-AV-T2,2ª tentativa no canal sem resposta,Agente virtual
2026-09-04,C0000283,S260805-B2-CPB-WA-T1,S260805-B2-CPB-WA-T2,2ª tentativa no canal sem resposta,WhatsApp
2026-09-04,C0000022,S260806-B2-CPB-AV-T3,S260806-B2-CPB-DC-T1,rotação de canal para Discador,Discador
2026-09-04,C0000061,S260806-B2-CPB-WA-T1,S260806-B2-CPB-WA-T2,2ª tentativa no canal sem resposta,WhatsApp
2026-09-04,C0000103,S260806-A2-CPA-WA-T1,S260806-A2-CPB-WA-T1,sem resposta na ação de negociação → CPC B,WhatsApp
2026-09-04,C0000216,S260806-A2-CPB-DC-T1,S260806-A2-CPB-DC-T2,2ª tentativa no canal sem resposta,Discador
2026-09-04,C0000218,S260806-B2-NCP-ND-G3,S260806-B2-CPA-AV-T1,contato no Agente virtual → CPC A,Agente virtual
2026-09-04,C0000234,S260806-A2-CPB-DC-T2,S260806-A2-CPB-DC-T3,3ª tentativa no canal sem resposta,Discador
2026-09-04,C0000261,S260806-M1-CPB-AV-T3,S260806-M1-CPB-DC-T1,rotação de canal para Discador,Discador
2026-09-04,C0000333,S260806-A2-CPB-AV-T2,S260806-A2-CPB-AV-T3,3ª tentativa no canal sem resposta,Agente virtual
2026-09-04,C0000350,S260806-B3-CPB-SM-T1,S260806-B3-CPB-SM-T2,2ª tentativa no canal sem resposta,SMS
2026-09-04,C0000069,S260807-M3-CPB-AV-T1,S260807-M3-CPA-AV-T1,contato no Agente virtual → CPC A,Agente virtual
2026-09-04,C0000166,S260807-M2-CPB-AV-T3,S260807-M2-CPB-DC-T1,rotação de canal para Discador,Discador
2026-09-04,C0000202,S260807-M1-CPB-WA-T3,S260807-M1-CPB-RC-T1,rotação de canal para RCS,RCS
2026-09-04,C0000189,S260808-B2-CPB-AV-T1,S260808-B2-CPB-AV-T2,2ª tentativa no canal sem resposta,Agente virtual
2026-09-04,C0000070,S260809-M2-PRE-AV-D-2,S260809-M2-COL-AV,acordo ativo (colchão),Sist. acordos
2026-09-04,C0000210,S260809-M3-CPB-SM-T1,S260809-M3-CPB-SM-T2,2ª tentativa no canal sem resposta,SMS
2026-09-04,C0000295,S260809-M1-CPB-AV-T3,S260809-M1-CPB-DC-T1,rotação de canal para Discador,Discador
2026-09-04,C0000107,S260810-M1-CPB-AV-T3,S260810-M1-CPB-DC-T1,rotação de canal para Discador,Discador
2026-09-04,C0000126,S260810-B3-NCP-ND-G2,S260810-B3-NCP-ND-G3,3º ciclo de giro,Automático
2026-09-04,C0000127,S260810-M3-CPB-WA-T1,S260810-M3-CPA-WA-T1,contato no WhatsApp → CPC A,WhatsApp
2026-09-04,C0000255,S260810-B2-PRE-RC-D-3,S260810-B2-COL-RC,acordo ativo (colchão),Sist. acordos
2026-09-04,C0000282,S260810-B1-NCP-ND-G2,S260810-B1-NCP-ND-G3,3º ciclo de giro,Automático
2026-09-04,C0000311,S260810-B1-CPB-RC-T2,S260810-B1-CPB-RC-T3,3ª tentativa no canal sem resposta,RCS
2026-09-04,C0000359,S260810-B1-CPB-DC-T1,S260810-B1-CPB-DC-T2,2ª tentativa no canal sem resposta,Discador
2026-09-04,C0000382,S260810-M3-NCP-ND-G2,S260810-M3-NCP-ND-G3,3º ciclo de giro,Automático
2026-09-04,C0000050,S260811-A2-CPB-RC-T3,S260811-A2-CPB-AV-T1,rotação de canal para Agente virtual,Agente virtual
2026-09-04,C0000281,S260811-M2-CPB-AV-T2,S260811-M2-CPB-AV-T3,3ª tentativa no canal sem resposta,Agente virtual
2026-09-04,C0000384,S260811-B2-CPB-DC-T1,S260811-B2-CPB-DC-T2,2ª tentativa no canal sem resposta,Discador
2026-09-04,C0000106,S260812-B3-CPB-WA-T3,S260812-B3-CPB-RC-T1,rotação de canal para RCS,RCS
2026-09-04,C0000112,S260812-A2-CPB-RC-T2,S260812-A2-CPB-RC-T3,3ª tentativa no canal sem resposta,RCS
2026-09-04,C0000224,S260812-B1-CPB-RC-T1,S260812-B1-CPB-RC-T2,2ª tentativa no canal sem resposta,RCS
2026-09-04,C0000367,S260812-B2-CPA-DC-T1,S260812-B2-CPB-DC-T1,sem resposta na ação de negociação → CPC B,Discador
2026-09-04,C0000016,S260813-M1-CPB-RC-T2,S260813-M1-CPB-RC-T3,3ª tentativa no canal sem resposta,RCS
2026-09-04,C0000115,S260813-A3-CPB-AV-T1,S260813-A3-CPB-AV-T2,2ª tentativa no canal sem resposta,Agente virtual
2026-09-04,C0000232,S260813-A3-CPB-SM-T1,S260813-A3-CPB-SM-T2,2ª tentativa no canal sem resposta,SMS
2026-09-04,C0000319,S260813-M2-CPB-WA-T1,S260813-M2-CPA-WA-T1,contato no WhatsApp → CPC A,WhatsApp
2026-09-04,C0000319,S260813-M2-CPA-WA-T1,S260813-M2-COL-WA,acordo ativo (colchão),Sist. acordos
2026-09-04,C0000324,S260813-M2-CPB-AV-T3,S260813-M2-CPB-DC-T1,rotação de canal para Discador,Discador
2026-09-04,C0000081,S260814-A1-CPA-AV-T1,S260814-A1-CPB-AV-T1,sem resposta na ação de negociação → CPC B,Agente virtual
2026-09-04,C0000183,S260814-A1-CPB-SM-T2,S260814-A1-CPB-SM-T3,3ª tentativa no canal sem resposta,SMS
2026-09-04,C0000191,S260814-B1-CPA-RC-T1,S260814-B1-CPB-RC-T1,sem resposta na ação de negociação → CPC B,RCS
2026-09-04,C0000252,S260814-M2-CPB-AV-T3,S260814-M2-CPB-DC-T1,rotação de canal para Discador,Discador
2026-09-04,C0000342,S260814-M2-CPB-DC-T1,S260814-M2-CPB-DC-T2,2ª tentativa no canal sem resposta,Discador
2026-09-04,C0000040,S260815-B1-CPB-DC-T2,S260815-B1-CPB-DC-T3,3ª tentativa no canal sem resposta,Discador
2026-09-04,C0000153,S260815-M2-CPA-RC-T1,S260815-M2-CPB-RC-T1,sem resposta na ação de negociação → CPC B,RCS
2026-09-04,C0000196,S260815-B2-CPA-DC-T1,S260815-B2-CPB-DC-T1,sem resposta na ação de negociação → CPC B,Discador
2026-09-04,C0000099,S260816-M1-CPB-RC-T3,S260816-M1-CPB-AV-T1,rotação de canal para Agente virtual,Agente virtual
2026-09-04,C0000108,S260816-B1-CPB-DC-T2,S260816-B1-CPA-DC-T1,contato no Discador → CPC A,Discador
2026-09-04,C0000223,S260816-M1-CPB-RC-T3,S260816-M1-CPB-AV-T1,rotação de canal para Agente virtual,Agente virtual
2026-09-04,C0000316,S260816-B2-CPB-RC-T3,S260816-B2-CPB-AV-T1,rotação de canal para Agente virtual,Agente virtual
2026-09-04,C0000393,S260816-M1-CPB-AV-T1,S260816-M1-CPB-AV-T2,2ª tentativa no canal sem resposta,Agente virtual
2026-09-04,C0000029,S260818-B3-NCP-ND-G1,S260818-B3-NCP-ND-G2,2º ciclo de giro,Automático
2026-09-04,C0000109,S260818-B3-NCP-ND-G1,S260818-B3-NCP-ND-G2,2º ciclo de giro,Automático
2026-09-04,C0000110,S260818-M1-NCP-ND-G1,S260818-M1-NCP-ND-G2,2º ciclo de giro,Automático
2026-09-04,C0000118,S260818-A2-NCP-ND-G1,S260818-A2-NCP-ND-G2,2º ciclo de giro,Automático
2026-09-04,C0000132,S260818-A2-CPB-AV-T2,S260818-A2-CPB-AV-T3,3ª tentativa no canal sem resposta,Agente virtual
2026-09-04,C0000149,S260818-M2-CPB-AV-T2,S260818-M2-CPB-AV-T3,3ª tentativa no canal sem resposta,Agente virtual
2026-09-04,C0000160,S260818-B3-NCP-ND-G1,S260818-B3-NCP-ND-G2,2º ciclo de giro,Automático
2026-09-04,C0000170,S260818-M2-NCP-ND-G1,S260818-M2-NCP-ND-G2,2º ciclo de giro,Automático
2026-09-04,C0000204,S260818-M1-NCP-ND-G1,S260818-M1-NCP-ND-G2,2º ciclo de giro,Automático
2026-09-04,C0000221,S260818-B2-NCP-ND-G1,S260818-B2-NCP-ND-G2,2º ciclo de giro,Automático
2026-09-04,C0000231,S260818-M3-CPB-AV-T1,S260818-M3-CPB-AV-T2,2ª tentativa no canal sem resposta,Agente virtual
2026-09-04,C0000235,S260818-M1-NCP-ND-G1,S260818-M1-NCP-ND-G2,2º ciclo de giro,Automático
2026-09-04,C0000248,S260818-M2-CPB-WA-T1,S260818-M2-CPB-RC-T1,rotação de canal para RCS,RCS
2026-09-04,C0000291,S260818-B1-NCP-ND-G1,S260818-B1-NCP-ND-G2,2º ciclo de giro,Automático
2026-09-04,C0000318,S260818-B3-NCP-ND-G1,S260818-B3-NCP-ND-G2,2º ciclo de giro,Automático
2026-09-04,C0000011,S260820-B1-NCP-ND-G1,S260820-B1-CPA-SM-T1,contato no SMS → CPC A,SMS
2026-09-04,C0000032,S260820-B2-CPB-SM-T1,S260820-B2-CPB-SM-T2,2ª tentativa no canal sem resposta,SMS
2026-09-04,C0000143,S260820-B2-CPB-WA-T1,S260820-B2-CPB-WA-T2,2ª tentativa no canal sem resposta,WhatsApp
2026-09-04,C0000180,S260820-B1-CPB-DC-T3,S260820-B1-CPB-SM-T1,rotação de canal para SMS,SMS
2026-09-04,C0000253,S260820-A1-CPA-DC-T1,S260820-A1-CPB-DC-T1,sem resposta na ação de negociação → CPC B,Discador
2026-09-04,C0000033,S260821-M3-CPB-DC-T2,S260821-M3-CPB-DC-T3,3ª tentativa no canal sem resposta,Discador
2026-09-04,C0000053,S260821-B1-CPB-AV-T3,S260821-B1-CPB-DC-T1,rotação de canal para Discador,Discador
2026-09-04,C0000124,S260822-B1-NCP-ND-G1,S260822-B1-CPA-AV-T1,contato no Agente virtual → CPC A,Agente virtual
2026-09-04,C0000102,S260823-M2-COL-AV,S260823-M2-PRE-AV-D-3,parcela a vencer,Sist. acordos
2026-09-04,C0000168,S260823-M1-CPB-AV-T2,S260823-M1-CPB-AV-T3,3ª tentativa no canal sem resposta,Agente virtual
2026-09-04,C0000100,S260824-A1-CPB-RC-T3,S260824-A1-CPB-AV-T1,rotação de canal para Agente virtual,Agente virtual
2026-09-04,C0000141,S260824-A3-CPB-AV-T2,S260824-A3-CPA-DC-T1,contato no Discador → CPC A,Discador
2026-09-04,C0000030,S260826-B1-CPB-RC-T2,S260826-B1-CPB-RC-T3,3ª tentativa no canal sem resposta,RCS
2026-09-04,C0000085,S260826-M3-CPB-RC-T2,S260826-M3-CPB-RC-T3,3ª tentativa no canal sem resposta,RCS
2026-09-04,C0000247,S260826-B1-PRE-DC-D-3,S260826-B1-PRE-DC-D-2,parcela a vencer,Sist. acordos
2026-09-04,C0000247,S260826-B1-PRE-DC-D-2,S260826-B1-PRE-RC-D-2,contato no RCS,RCS
2026-09-04,C0000001,S260827-M3-LOC-ND-L7,S260827-M3-NCP-ND-G1,"D+8 sem contato → Não CPC, entra no giro",Automático
2026-09-04,C0000007,S260827-M1-LOC-ND-L7,S260827-M1-NCP-ND-G1,"D+8 sem contato → Não CPC, entra no giro",Automático
2026-09-04,C0000023,S260827-M1-PRE-AV-D-3,S260827-M1-LIQ-AV,acordo quitado,Sist. acordos
2026-09-04,C0000129,S260827-A3-LOC-ND-L7,S260827-A3-NCP-ND-G1,"D+8 sem contato → Não CPC, entra no giro",Automático
2026-09-04,C0000162,S260827-A2-LOC-ND-L7,S260827-A2-NCP-ND-G1,"D+8 sem contato → Não CPC, entra no giro",Automático
2026-09-04,C0000179,S260827-M2-LOC-ND-L7,S260827-M2-NCP-ND-G1,"D+8 sem contato → Não CPC, entra no giro",Automático
2026-09-04,C0000188,S260827-M1-LOC-ND-L7,S260827-M1-NCP-ND-G1,"D+8 sem contato → Não CPC, entra no giro",Automático
2026-09-04,C0000217,S260827-A1-LOC-ND-L7,S260827-A1-NCP-ND-G1,"D+8 sem contato → Não CPC, entra no giro",Automático
2026-09-04,C0000271,S260827-B1-LOC-ND-L7,S260827-B1-NCP-ND-G1,"D+8 sem contato → Não CPC, entra no giro",Automático
2026-09-04,C0000284,S260827-B2-LOC-ND-L7,S260827-B2-NCP-ND-G1,"D+8 sem contato → Não CPC, entra no giro",Automático
2026-09-04,C0000371,S260827-M3-LOC-ND-L7,S260827-M3-NCP-ND-G1,"D+8 sem contato → Não CPC, entra no giro",Automático
2026-09-04,C0000378,S260827-M2-LOC-ND-L7,S260827-M2-NCP-ND-G1,"D+8 sem contato → Não CPC, entra no giro",Automático
2026-09-04,C0000066,S260828-M1-LOC-ND-L5,S260828-M1-LOC-ND-L7,localização por SMS+E-mail sem contato,SMS
2026-09-04,C0000148,S260828-M2-LOC-ND-L5,S260828-M2-LOC-ND-L7,localização por SMS+E-mail sem contato,SMS
2026-09-04,C0000185,S260828-B2-LOC-ND-L5,S260828-B2-LOC-ND-L7,localização por SMS sem contato,SMS
2026-09-04,C0000193,S260828-B3-CPA-RC-T1,S260828-B3-CPB-RC-T1,sem resposta na ação de negociação → CPC B,RCS
2026-09-04,C0000262,S260828-M1-CPA-DC-T1,S260828-M1-CPB-DC-T1,sem resposta na ação de negociação → CPC B,Discador
2026-09-04,C0000269,S260828-B1-LOC-ND-L5,S260828-B1-LOC-ND-L7,localização por SMS+E-mail sem contato,SMS
2026-09-04,C0000294,S260828-A1-LOC-ND-L5,S260828-A1-LOC-ND-L7,localização por SMS+E-mail sem contato,SMS
2026-09-04,C0000369,S260828-M3-LOC-ND-L5,S260828-M3-LOC-ND-L7,localização por SMS sem contato,SMS
2026-09-04,C0000381,S260828-M3-LOC-ND-L5,S260828-M3-LOC-ND-L7,localização por SMS sem contato,SMS
2026-09-04,C0000387,S260828-M1-LOC-ND-L5,S260828-M1-LOC-ND-L7,localização por SMS sem contato,SMS
2026-09-04,C0000017,S260830-B1-LOC-ND-L3,S260830-B1-LOC-ND-L5,localização por Agente virtual+Discador sem contato,Agente virtual
2026-09-04,C0000041,S260830-M3-CPA-RC-T1,S260830-M3-CPB-RC-T1,sem resposta na ação de negociação → CPC B,RCS
2026-09-04,C0000043,S260830-M2-LOC-ND-L3,S260830-M2-LOC-ND-L5,localização por Agente virtual+Discador sem contato,Agente virtual
2026-09-04,C0000062,S260830-A2-LOC-ND-L3,S260830-A2-LOC-ND-L5,localização por Agente virtual+Discador sem contato,Agente virtual
2026-09-04,C0000134,S260830-M3-LOC-ND-L3,S260830-M3-LOC-ND-L5,localização por Agente virtual+Discador sem contato,Agente virtual
2026-09-04,C0000174,S260830-A1-LOC-ND-L3,S260830-A1-LOC-ND-L5,localização por Agente virtual+Discador sem contato,Agente virtual
2026-09-04,C0000238,S260830-M1-LOC-ND-L3,S260830-M1-LOC-ND-L5,localização por Agente virtual+Discador sem contato,Agente virtual
2026-09-04,C0000260,S260830-A3-LOC-ND-L3,S260830-A3-LOC-ND-L5,localização por Agente virtual+Discador sem contato,Agente virtual
2026-09-04,C0000301,S260830-B2-LOC-ND-L3,S260830-B2-CPA-AV-T1,contato no Agente virtual → CPC A,Agente virtual
2026-09-04,C0000301,S260830-B2-CPA-AV-T1,S260830-B2-COL-AV,acordo ativo (colchão),Sist. acordos
2026-09-04,C0000323,S260830-A1-CPA-RC-T1,S260830-A1-CPB-RC-T1,sem resposta na ação de negociação → CPC B,RCS
2026-09-04,C0000335,S260830-A2-LOC-ND-L3,S260830-A2-LOC-ND-L5,localização por Agente virtual+Discador sem contato,Agente virtual
2026-09-04,C0000021,S260901-B1-LOC-ND-L1,S260901-B1-LOC-ND-L3,localização por RCS sem contato,RCS
2026-09-04,C0000045,S260901-M1-LOC-ND-L1,S260901-M1-LOC-ND-L3,localização por RCS sem contato,RCS
2026-09-04,C0000073,S260901-M1-LOC-ND-L1,S260901-M1-LOC-ND-L3,localização por RCS sem contato,RCS
2026-09-04,C0000087,S260901-M3-LOC-ND-L1,S260901-M3-LOC-ND-L3,localização por RCS sem contato,RCS
2026-09-04,C0000167,S260901-A1-LOC-ND-L1,S260901-A1-LOC-ND-L3,localização por RCS sem contato,RCS
2026-09-04,C0000172,S260901-B1-LOC-ND-L1,S260901-B1-LOC-ND-L3,localização por RCS sem contato,RCS
2026-09-04,C0000256,S260901-B1-LOC-ND-L1,S260901-B1-LOC-ND-L3,localização por RCS sem contato,RCS
2026-09-04,C0000299,S260901-B3-LOC-ND-L1,S260901-B3-LOC-ND-L3,localização por RCS sem contato,RCS
2026-09-04,C0000303,S260901-A1-LOC-ND-L1,S260901-A1-LOC-ND-L3,localização por RCS sem contato,RCS
2026-09-04,C0000308,S260901-B2-LOC-ND-L0,S260901-B2-LOC-ND-L3,localização por RCS sem contato,RCS
2026-09-04,C0000361,S260901-A1-LOC-ND-L1,S260901-A1-LOC-ND-L3,localização por RCS sem contato,RCS
2026-09-04,C0000366,S260901-M3-LOC-ND-L1,S260901-M3-LOC-ND-L3,localização por RCS sem contato,RCS
2026-09-04,C0000399,S260901-B1-LOC-ND-L0,S260901-B1-LOC-ND-L3,localização por RCS sem contato,RCS
2026-09-05,C0000013,S260803-M2-NCP-ND-G3,S260803-M2-NCP-ND-RE,giro esgotado → aguarda re-enriquecimento,Automático
2026-09-05,C0000072,S260803-A2-NCP-ND-G3,S260803-A2-NCP-ND-RE,giro esgotado → aguarda re-enriquecimento,Automático
2026-09-05,C0000136,S260803-B2-NCP-ND-G3,S260803-B2-NCP-ND-RE,giro esgotado → aguarda re-enriquecimento,Automático
2026-09-05,C0000208,S260803-A3-NCP-ND-G3,S260803-A3-NCP-ND-RE,giro esgotado → aguarda re-enriquecimento,Automático
2026-09-05,C0000343,S260803-M2-NCP-ND-G3,S260803-M2-NCP-ND-RE,giro esgotado → aguarda re-enriquecimento,Automático
2026-09-05,C0000063,S260807-B2-CPB-WA-T1,S260807-B2-CPB-WA-T2,2ª tentativa no canal sem resposta,WhatsApp
2026-09-05,C0000144,S260807-M1-CPA-RC-T1,S260807-M1-CPB-RC-T1,sem resposta na ação de negociação → CPC B,RCS
2026-09-05,C0000046,S260811-A1-NCP-ND-G2,S260811-A1-NCP-ND-G3,3º ciclo de giro,Automático
2026-09-05,C0000077,S260811-B3-NCP-ND-G2,S260811-B3-NCP-ND-G3,3º ciclo de giro,Automático
2026-09-05,C0000098,S260811-M3-NCP-ND-G2,S260811-M3-NCP-ND-G3,3º ciclo de giro,Automático
2026-09-05,C0000111,S260811-A1-CPB-AV-T1,S260811-A1-CPB-AV-T2,2ª tentativa no canal sem resposta,Agente virtual
2026-09-05,C0000122,S260811-A1-CPA-SM-T1,S260811-A1-CPB-SM-T1,sem resposta na ação de negociação → CPC B,SMS
2026-09-05,C0000147,S260811-B1-NCP-ND-G2,S260811-B1-NCP-ND-G3,3º ciclo de giro,Automático
2026-09-05,C0000155,S260811-B3-NCP-ND-G2,S260811-B3-NCP-ND-G3,3º ciclo de giro,Automático
2026-09-05,C0000169,S260811-B3-NCP-ND-G2,S260811-B3-NCP-ND-G3,3º ciclo de giro,Automático
2026-09-05,C0000184,S260811-M2-NCP-ND-G2,S260811-M2-NCP-ND-G3,3º ciclo de giro,Automático
2026-09-05,C0000213,S260811-M3-NCP-ND-G2,S260811-M3-NCP-ND-G3,3º ciclo de giro,Automático
2026-09-05,C0000272,S260811-M2-NCP-ND-G2,S260811-M2-NCP-ND-G3,3º ciclo de giro,Automático
2026-09-05,C0000338,S260811-B1-NCP-ND-G2,S260811-B1-NCP-ND-G3,3º ciclo de giro,Automático
2026-09-05,C0000395,S260811-B1-NCP-ND-G2,S260811-B1-NCP-ND-G3,3º ciclo de giro,Automático
2026-09-05,C0000068,S260815-M2-CPB-WA-T1,S260815-M2-CPB-WA-T2,2ª tentativa no canal sem resposta,WhatsApp
2026-09-05,C0000014,S260819-A3-CPA-SM-T1,S260819-A3-CPB-SM-T1,sem resposta na ação de negociação → CPC B,SMS
2026-09-05,C0000076,S260819-A3-NCP-ND-G1,S260819-A3-NCP-ND-G2,2º ciclo de giro,Automático
2026-09-05,C0000131,S260819-A1-NCP-ND-G1,S260819-A1-NCP-ND-G2,2º ciclo de giro,Automático
2026-09-05,C0000220,S260819-M1-NCP-ND-G1,S260819-M1-NCP-ND-G2,2º ciclo de giro,Automático
2026-09-05,C0000320,S260819-A2-NCP-ND-G1,S260819-A2-NCP-ND-G2,2º ciclo de giro,Automático
2026-09-05,C0000363,S260819-A2-NCP-ND-G1,S260819-A2-NCP-ND-G2,2º ciclo de giro,Automático
2026-09-05,C0000018,S260821-B2-CPB-RC-T1,S260821-B2-CPB-RC-T2,2ª tentativa no canal sem resposta,RCS
2026-09-05,C0000236,S260821-A1-CPB-RC-T1,S260821-A1-CPB-RC-T2,2ª tentativa no canal sem resposta,RCS
2026-09-05,C0000102,S260823-M2-PRE-AV-D-3,S260823-M2-PRE-AV-D-2,parcela a vencer,Sist. acordos
2026-09-05,C0000102,S260823-M2-PRE-AV-D-2,S260823-M2-PRE-RC-D-2,contato no RCS,RCS
2026-09-05,C0000259,S260823-B1-CPB-WA-T1,S260823-B1-CPA-WA-T1,contato no WhatsApp → CPC A,WhatsApp
2026-09-05,C0000243,S260825-B3-NCP-ND-G1,S260825-B3-CPA-RC-T1,contato no RCS → CPC A,RCS
2026-09-05,C0000368,S260825-B1-CPB-SM-T1,S260825-B1-CPB-SM-T2,2ª tentativa no canal sem resposta,SMS
2026-09-05,C0000247,S260826-B1-PRE-RC-D-2,S260826-B1-COL-RC,acordo ativo (colchão),Sist. acordos
2026-09-05,C0000039,S260827-B1-CPB-DC-T1,S260827-B1-CPB-DC-T2,2ª tentativa no canal sem resposta,Discador
2026-09-05,C0000066,S260828-M1-LOC-ND-L7,S260828-M1-NCP-ND-G1,"D+8 sem contato → Não CPC, entra no giro",Automático
2026-09-05,C0000148,S260828-M2-LOC-ND-L7,S260828-M2-NCP-ND-G1,"D+8 sem contato → Não CPC, entra no giro",Automático
2026-09-05,C0000185,S260828-B2-LOC-ND-L7,S260828-B2-NCP-ND-G1,"D+8 sem contato → Não CPC, entra no giro",Automático
2026-09-05,C0000269,S260828-B1-LOC-ND-L7,S260828-B1-NCP-ND-G1,"D+8 sem contato → Não CPC, entra no giro",Automático
2026-09-05,C0000294,S260828-A1-LOC-ND-L7,S260828-A1-NCP-ND-G1,"D+8 sem contato → Não CPC, entra no giro",Automático
2026-09-05,C0000369,S260828-M3-LOC-ND-L7,S260828-M3-NCP-ND-G1,"D+8 sem contato → Não CPC, entra no giro",Automático
2026-09-05,C0000381,S260828-M3-LOC-ND-L7,S260828-M3-NCP-ND-G1,"D+8 sem contato → Não CPC, entra no giro",Automático
2026-09-05,C0000387,S260828-M1-LOC-ND-L7,S260828-M1-NCP-ND-G1,"D+8 sem contato → Não CPC, entra no giro",Automático
2026-09-05,C0000003,S260829-M1-LOC-ND-L5,S260829-M1-LOC-ND-L7,localização por SMS sem contato,SMS
2026-09-05,C0000005,S260829-A3-LOC-ND-L5,S260829-A3-LOC-ND-L7,localização por SMS sem contato,SMS
2026-09-05,C0000036,S260829-M3-LOC-ND-L5,S260829-M3-LOC-ND-L7,localização por SMS+E-mail sem contato,SMS
2026-09-05,C0000037,S260829-M2-LOC-ND-L5,S260829-M2-LOC-ND-L7,localização por SMS sem contato,SMS
2026-09-05,C0000105,S260829-B1-CPA-DC-T1,S260829-B1-CPB-DC-T1,sem resposta na ação de negociação → CPC B,Discador
2026-09-05,C0000142,S260829-B1-LOC-ND-L5,S260829-B1-LOC-ND-L7,localização por SMS+E-mail sem contato,SMS
2026-09-05,C0000265,S260829-A1-LOC-ND-L5,S260829-A1-LOC-ND-L7,localização por SMS+E-mail sem contato,SMS
2026-09-05,C0000310,S260829-A3-LOC-ND-L5,S260829-A3-LOC-ND-L7,localização por SMS+E-mail sem contato,SMS
2026-09-05,C0000370,S260829-M1-CPB-RC-T1,S260829-M1-CPB-RC-T2,2ª tentativa no canal sem resposta,RCS
2026-09-05,C0000012,S260831-M2-LOC-ND-L3,S260831-M2-LOC-ND-L5,localização por Agente virtual+Discador sem contato,Agente virtual
2026-09-05,C0000064,S260831-A2-CPA-RC-T1,S260831-A2-CPB-RC-T1,sem resposta na ação de negociação → CPC B,RCS
2026-09-05,C0000094,S260831-B1-LOC-ND-L3,S260831-B1-LOC-ND-L5,localização por Agente virtual+Discador sem contato,Agente virtual
2026-09-05,C0000117,S260831-M1-LOC-ND-L3,S260831-M1-LOC-ND-L5,localização por Agente virtual+Discador sem contato,Agente virtual
2026-09-05,C0000158,S260831-M1-LOC-ND-L3,S260831-M1-LOC-ND-L5,localização por Agente virtual+Discador sem contato,Agente virtual
2026-09-05,C0000190,S260831-M2-LOC-ND-L3,S260831-M2-LOC-ND-L5,localização por Agente virtual+Discador sem contato,Agente virtual
2026-09-05,C0000254,S260831-A1-CPB-WA-T1,S260831-A1-CPA-WA-T1,contato no WhatsApp → CPC A,WhatsApp
2026-09-05,C0000292,S260831-A3-LOC-ND-L3,S260831-A3-LOC-ND-L5,localização por Agente virtual+Discador sem contato,Agente virtual
2026-09-05,C0000336,S260831-M3-LOC-ND-L3,S260831-M3-LOC-ND-L5,localização por Agente virtual+Discador sem contato,Agente virtual
2026-09-05,C0000380,S260831-M1-CPA-RC-T1,S260831-M1-CPB-RC-T1,sem resposta na ação de negociação → CPC B,RCS
2026-09-05,C0000388,S260831-M1-LOC-ND-L3,S260831-M1-LOC-ND-L5,localização por Agente virtual+Discador sem contato,Agente virtual
2026-09-05,C0000027,S260901-M3-COL-WA,S260901-M3-PRE-WA-D-3,parcela a vencer,Sist. acordos
2026-09-06,C0000020,S260804-B3-NCP-ND-G3,S260804-B3-NCP-ND-RE,giro esgotado → aguarda re-enriquecimento,Automático
2026-09-06,C0000038,S260804-A1-NCP-ND-G3,S260804-A1-NCP-ND-RE,giro esgotado → aguarda re-enriquecimento,Automático
2026-09-06,C0000139,S260804-M2-NCP-ND-G3,S260804-M2-NCP-ND-RE,giro esgotado → aguarda re-enriquecimento,Automático
2026-09-06,C0000182,S260804-B3-NCP-ND-G3,S260804-B3-NCP-ND-RE,giro esgotado → aguarda re-enriquecimento,Automático
2026-09-06,C0000390,S260804-A2-NCP-ND-G3,S260804-A2-NCP-ND-RE,giro esgotado → aguarda re-enriquecimento,Automático
2026-09-06,C0000055,S260812-M2-NCP-ND-G2,S260812-M2-NCP-ND-G3,3º ciclo de giro,Automático
2026-09-06,C0000083,S260812-M2-NCP-ND-G2,S260812-M2-NCP-ND-G3,3º ciclo de giro,Automático
2026-09-06,C0000123,S260812-A1-NCP-ND-G2,S260812-A1-NCP-ND-G3,3º ciclo de giro,Automático
2026-09-06,C0000161,S260812-M2-NCP-ND-G2,S260812-M2-NCP-ND-G3,3º ciclo de giro,Automático
2026-09-06,C0000264,S260812-A3-NCP-ND-G2,S260812-A3-NCP-ND-G3,3º ciclo de giro,Automático
2026-09-06,C0000286,S260812-A1-NCP-ND-G2,S260812-A1-NCP-ND-G3,3º ciclo de giro,Automático
2026-09-06,C0000398,S260813-B2-COL-WA,S260813-B2-PRE-WA-D-3,parcela a vencer,Sist. acordos
2026-09-06,C0000280,S260818-A3-COL-AV,S260818-A3-PRE-AV-D-3,parcela a vencer,Sist. acordos
2026-09-06,C0000025,S260820-B3-NCP-ND-G1,S260820-B3-NCP-ND-G2,2º ciclo de giro,Automático
2026-09-06,C0000028,S260820-B3-NCP-ND-G1,S260820-B3-NCP-ND-G2,2º ciclo de giro,Automático
2026-09-06,C0000049,S260820-M2-NCP-ND-G1,S260820-M2-NCP-ND-G2,2º ciclo de giro,Automático
2026-09-06,C0000088,S260820-B3-NCP-ND-G1,S260820-B3-NCP-ND-G2,2º ciclo de giro,Automático
2026-09-06,C0000154,S260820-M1-NCP-ND-G1,S260820-M1-NCP-ND-G2,2º ciclo de giro,Automático
2026-09-06,C0000159,S260820-B1-NCP-ND-G1,S260820-B1-NCP-ND-G2,2º ciclo de giro,Automático
2026-09-06,C0000171,S260820-M1-NCP-ND-G1,S260820-M1-NCP-ND-G2,2º ciclo de giro,Automático
2026-09-06,C0000207,S260820-B3-NCP-ND-G1,S260820-B3-NCP-ND-G2,2º ciclo de giro,Automático
2026-09-06,C0000230,S260820-M3-NCP-ND-G1,S260820-M3-NCP-ND-G2,2º ciclo de giro,Automático
2026-09-06,C0000328,S260820-M3-NCP-ND-G1,S260820-M3-NCP-ND-G2,2º ciclo de giro,Automático
2026-09-06,C0000346,S260820-M2-NCP-ND-G1,S260820-M2-NCP-ND-G2,2º ciclo de giro,Automático
2026-09-06,C0000349,S260820-B2-NCP-ND-G1,S260820-B2-NCP-ND-G2,2º ciclo de giro,Automático
2026-09-06,C0000102,S260823-M2-PRE-RC-D-2,S260823-M2-PRE-RC-D-1,parcela a vencer,Sist. acordos
2026-09-06,C0000344,S260823-A1-COL-WA,S260823-A1-PRE-WA-D-3,parcela a vencer,Sist. acordos
2026-09-06,C0000003,S260829-M1-LOC-ND-L7,S260829-M1-NCP-ND-G1,"D+8 sem contato → Não CPC, entra no giro",Automático
2026-09-06,C0000005,S260829-A3-LOC-ND-L7,S260829-A3-NCP-ND-G1,"D+8 sem contato → Não CPC, entra no giro",Automático
2026-09-06,C0000036,S260829-M3-LOC-ND-L7,S260829-M3-NCP-ND-G1,"D+8 sem contato → Não CPC, entra no giro",Automático
2026-09-06,C0000037,S260829-M2-LOC-ND-L7,S260829-M2-NCP-ND-G1,"D+8 sem contato → Não CPC, entra no giro",Automático
2026-09-06,C0000142,S260829-B1-LOC-ND-L7,S260829-B1-NCP-ND-G1,"D+8 sem contato → Não CPC, entra no giro",Automático
2026-09-06,C0000265,S260829-A1-LOC-ND-L7,S260829-A1-NCP-ND-G1,"D+8 sem contato → Não CPC, entra no giro",Automático
2026-09-06,C0000310,S260829-A3-LOC-ND-L7,S260829-A3-NCP-ND-G1,"D+8 sem contato → Não CPC, entra no giro",Automático
2026-09-06,C0000245,S260831-A1-COL-RC,S260831-A1-PRE-RC-D-3,parcela a vencer,Sist. acordos
2026-09-06,C0000027,S260901-M3-PRE-WA-D-3,S260901-M3-PRE-WA-D-2,parcela a vencer,Sist. acordos
2026-09-07,C0000348,S260804-A2-COL-AV,S260804-A2-PRE-AV-D-3,parcela a vencer,Sist. acordos
2026-09-07,C0000009,S260805-M1-NCP-ND-G3,S260805-M1-NCP-ND-RE,giro esgotado → aguarda re-enriquecimento,Automático
2026-09-07,C0000084,S260805-M3-NCP-ND-G3,S260805-M3-NCP-ND-RE,giro esgotado → aguarda re-enriquecimento,Automático
2026-09-07,C0000194,S260805-A2-NCP-ND-G3,S260805-A2-NCP-ND-RE,giro esgotado → aguarda re-enriquecimento,Automático
2026-09-07,C0000244,S260805-B3-NCP-ND-G3,S260805-B3-NCP-ND-RE,giro esgotado → aguarda re-enriquecimento,Automático
2026-09-07,C0000285,S260805-B1-NCP-ND-G3,S260805-B1-NCP-ND-RE,giro esgotado → aguarda re-enriquecimento,Automático
2026-09-07,C0000052,S260813-B1-NCP-ND-G2,S260813-B1-NCP-ND-G3,3º ciclo de giro,Automático
2026-09-07,C0000128,S260813-B1-NCP-ND-G2,S260813-B1-NCP-ND-G3,3º ciclo de giro,Automático
2026-09-07,C0000187,S260813-M1-NCP-ND-G2,S260813-M1-NCP-ND-G3,3º ciclo de giro,Automático
2026-09-07,C0000275,S260813-A2-NCP-ND-G2,S260813-A2-NCP-ND-G3,3º ciclo de giro,Automático
2026-09-07,C0000302,S260813-M2-NCP-ND-G2,S260813-M2-NCP-ND-G3,3º ciclo de giro,Automático
2026-09-07,C0000305,S260813-B3-NCP-ND-G2,S260813-B3-NCP-ND-G3,3º ciclo de giro,Automático
2026-09-07,C0000321,S260813-M3-NCP-ND-G2,S260813-M3-NCP-ND-G3,3º ciclo de giro,Automático
2026-09-07,C0000330,S260813-B1-NCP-ND-G2,S260813-B1-NCP-ND-G3,3º ciclo de giro,Automático
2026-09-07,C0000356,S260813-B1-NCP-ND-G2,S260813-B1-NCP-ND-G3,3º ciclo de giro,Automático
2026-09-07,C0000374,S260813-M3-NCP-ND-G2,S260813-M3-NCP-ND-G3,3º ciclo de giro,Automático
2026-09-07,C0000376,S260813-M2-NCP-ND-G2,S260813-M2-NCP-ND-G3,3º ciclo de giro,Automático
2026-09-07,C0000398,S260813-B2-PRE-WA-D-3,S260813-B2-COL-WA,acordo ativo (colchão),Sist. acordos
2026-09-07,C0000280,S260818-A3-PRE-AV-D-3,S260818-A3-PRE-AV-D-2,parcela a vencer,Sist. acordos
2026-09-07,C0000035,S260821-M3-NCP-ND-G1,S260821-M3-NCP-ND-G2,2º ciclo de giro,Automático
2026-09-07,C0000059,S260821-B1-NCP-ND-G1,S260821-B1-NCP-ND-G2,2º ciclo de giro,Automático
2026-09-07,C0000121,S260821-M1-NCP-ND-G1,S260821-M1-NCP-ND-G2,2º ciclo de giro,Automático
2026-09-07,C0000146,S260821-B1-NCP-ND-G1,S260821-B1-NCP-ND-G2,2º ciclo de giro,Automático
2026-09-07,C0000298,S260821-M3-NCP-ND-G1,S260821-M3-NCP-ND-G2,2º ciclo de giro,Automático
2026-09-07,C0000306,S260821-A1-COL-RC,S260821-A1-PRE-RC-D-3,parcela a vencer,Sist. acordos
2026-09-07,C0000322,S260821-M2-NCP-ND-G1,S260821-M2-NCP-ND-G2,2º ciclo de giro,Automático
2026-09-07,C0000102,S260823-M2-PRE-RC-D-1,S260823-M2-PRE-RC-D0,parcela a vencer,Sist. acordos
2026-09-07,C0000344,S260823-A1-PRE-WA-D-3,S260823-A1-COL-WA,acordo ativo (colchão),Sist. acordos
2026-09-07,C0000017,S260830-B1-LOC-ND-L5,S260830-B1-NCP-ND-G1,"D+8 sem contato → Não CPC, entra no giro",Automático
2026-09-07,C0000043,S260830-M2-LOC-ND-L5,S260830-M2-NCP-ND-G1,"D+8 sem contato → Não CPC, entra no giro",Automático
2026-09-07,C0000062,S260830-A2-LOC-ND-L5,S260830-A2-NCP-ND-G1,"D+8 sem contato → Não CPC, entra no giro",Automático
2026-09-07,C0000134,S260830-M3-LOC-ND-L5,S260830-M3-NCP-ND-G1,"D+8 sem contato → Não CPC, entra no giro",Automático
2026-09-07,C0000174,S260830-A1-LOC-ND-L5,S260830-A1-NCP-ND-G1,"D+8 sem contato → Não CPC, entra no giro",Automático
2026-09-07,C0000238,S260830-M1-LOC-ND-L5,S260830-M1-NCP-ND-G1,"D+8 sem contato → Não CPC, entra no giro",Automático
2026-09-07,C0000251,S260830-B3-LOC-ND-L3,S260830-B3-NCP-ND-G1,"D+8 sem contato → Não CPC, entra no giro",Automático
2026-09-07,C0000260,S260830-A3-LOC-ND-L5,S260830-A3-NCP-ND-G1,"D+8 sem contato → Não CPC, entra no giro",Automático
2026-09-07,C0000301,S260830-B2-COL-AV,S260830-B2-PRE-AV-D-3,parcela a vencer,Sist. acordos
2026-09-07,C0000335,S260830-A2-LOC-ND-L5,S260830-A2-NCP-ND-G1,"D+8 sem contato → Não CPC, entra no giro",Automático
2026-09-07,C0000245,S260831-A1-PRE-RC-D-3,S260831-A1-COL-RC,acordo ativo (colchão),Sist. acordos
2026-09-07,C0000027,S260901-M3-PRE-WA-D-2,S260901-M3-PRE-WA-D-1,parcela a vencer,Sist. acordos
2026-09-08,C0000197,S260803-M2-CPB-RC-T1,S260803-M2-CPB-RC-T2,2ª tentativa no canal sem resposta,RCS
2026-09-08,C0000300,S260803-M1-CPB-AV-T3,S260803-M1-CPB-DC-T1,rotação de canal para Discador,Discador
2026-09-08,C0000347,S260803-M1-CPB-DC-T3,S260803-M1-CPB-SM-T1,rotação de canal para SMS,SMS
2026-09-08,C0000355,S260803-B2-CPB-AV-T3,S260803-B2-CPB-DC-T1,rotação de canal para Discador,Discador
2026-09-08,C0000150,S260804-B2-CPB-AV-T1,S260804-B2-CPB-AV-T2,2ª tentativa no canal sem resposta,Agente virtual
2026-09-08,C0000201,S260804-M3-CPB-SM-T3,S260804-M3-CPB-WA-T1,rotação de canal para WhatsApp,WhatsApp
2026-09-08,C0000250,S260804-M1-CPB-SM-T2,S260804-M1-CPB-SM-T3,3ª tentativa no canal sem resposta,SMS
2026-09-08,C0000293,S260804-B3-CPB-RC-T2,S260804-B3-CPB-RC-T3,3ª tentativa no canal sem resposta,RCS
2026-09-08,C0000348,S260804-A2-PRE-AV-D-3,S260804-A2-PRE-AV-D-2,parcela a vencer,Sist. acordos
2026-09-08,C0000181,S260805-B2-CPB-AV-T2,S260805-B2-CPB-AV-T3,3ª tentativa no canal sem resposta,Agente virtual
2026-09-08,C0000283,S260805-B2-CPB-WA-T2,S260805-B2-CPB-WA-T3,3ª tentativa no canal sem resposta,WhatsApp
2026-09-08,C0000022,S260806-B2-CPB-DC-T1,S260806-B2-CPB-DC-T2,2ª tentativa no canal sem resposta,Discador
2026-09-08,C0000061,S260806-B2-CPB-WA-T2,S260806-B2-CPB-WA-T3,3ª tentativa no canal sem resposta,WhatsApp
2026-09-08,C0000103,S260806-A2-CPB-WA-T1,S260806-A2-CPB-WA-T2,2ª tentativa no canal sem resposta,WhatsApp
2026-09-08,C0000119,S260806-M2-NCP-ND-G3,S260806-M2-NCP-ND-RE,giro esgotado → aguarda re-enriquecimento,Automático
2026-09-08,C0000200,S260806-M1-NCP-ND-G3,S260806-M1-NCP-ND-RE,giro esgotado → aguarda re-enriquecimento,Automático
2026-09-08,C0000216,S260806-A2-CPB-DC-T2,S260806-A2-CPB-DC-T3,3ª tentativa no canal sem resposta,Discador
2026-09-08,C0000218,S260806-B2-CPA-AV-T1,S260806-B2-CPB-AV-T1,sem resposta na ação de negociação → CPC B,Agente virtual
2026-09-08,C0000227,S260806-B3-NCP-ND-G3,S260806-B3-NCP-ND-RE,giro esgotado → aguarda re-enriquecimento,Automático
2026-09-08,C0000234,S260806-A2-CPB-DC-T3,S260806-A2-CPB-SM-T1,rotação de canal para SMS,SMS
2026-09-08,C0000261,S260806-M1-CPB-DC-T1,S260806-M1-CPB-DC-T2,2ª tentativa no canal sem resposta,Discador
2026-09-08,C0000287,S260806-B2-NCP-ND-G3,S260806-B2-NCP-ND-RE,giro esgotado → aguarda re-enriquecimento,Automático
2026-09-08,C0000288,S260806-M2-NCP-ND-G3,S260806-M2-NCP-ND-RE,giro esgotado → aguarda re-enriquecimento,Automático
2026-09-08,C0000331,S260806-B2-NCP-ND-G3,S260806-B2-NCP-ND-RE,giro esgotado → aguarda re-enriquecimento,Automático
2026-09-08,C0000333,S260806-A2-CPB-AV-T3,S260806-A2-CPB-DC-T1,rotação de canal para Discador,Discador
2026-09-08,C0000350,S260806-B3-CPB-SM-T2,S260806-B3-CPB-SM-T3,3ª tentativa no canal sem resposta,SMS
2026-09-08,C0000063,S260807-B2-CPB-WA-T2,S260807-B2-CPA-WA-T1,contato no WhatsApp → CPC A,WhatsApp
2026-09-08,C0000069,S260807-M3-CPA-AV-T1,S260807-M3-CPB-AV-T1,sem resposta na ação de negociação → CPC B,Agente virtual
2026-09-08,C0000144,S260807-M1-CPB-RC-T1,S260807-M1-CPB-RC-T2,2ª tentativa no canal sem resposta,RCS
2026-09-08,C0000166,S260807-M2-CPB-DC-T1,S260807-M2-CPB-DC-T2,2ª tentativa no canal sem resposta,Discador
2026-09-08,C0000202,S260807-M1-CPB-RC-T1,S260807-M1-CPB-RC-T2,2ª tentativa no canal sem resposta,RCS
2026-09-08,C0000189,S260808-B2-CPB-AV-T2,S260808-B2-CPB-AV-T3,3ª tentativa no canal sem resposta,Agente virtual
2026-09-08,C0000210,S260809-M3-CPB-SM-T2,S260809-M3-CPB-SM-T3,3ª tentativa no canal sem resposta,SMS
2026-09-08,C0000295,S260809-M1-CPB-DC-T1,S260809-M1-CPB-DC-T2,2ª tentativa no canal sem resposta,Discador
2026-09-08,C0000107,S260810-M1-CPB-DC-T1,S260810-M1-CPB-DC-T2,2ª tentativa no canal sem resposta,Discador
2026-09-08,C0000127,S260810-M3-CPA-WA-T1,S260810-M3-COL-WA,acordo ativo (colchão),Sist. acordos
2026-09-08,C0000311,S260810-B1-CPB-RC-T3,S260810-B1-CPB-AV-T1,rotação de canal para Agente virtual,Agente virtual
2026-09-08,C0000359,S260810-B1-CPB-DC-T2,S260810-B1-CPB-DC-T3,3ª tentativa no canal sem resposta,Discador
2026-09-08,C0000050,S260811-A2-CPB-AV-T1,S260811-A2-CPB-AV-T2,2ª tentativa no canal sem resposta,Agente virtual
2026-09-08,C0000111,S260811-A1-CPB-AV-T2,S260811-A1-CPB-AV-T3,3ª tentativa no canal sem resposta,Agente virtual
2026-09-08,C0000122,S260811-A1-CPB-SM-T1,S260811-A1-CPB-SM-T2,2ª tentativa no canal sem resposta,SMS
2026-09-08,C0000281,S260811-M2-CPB-AV-T3,S260811-M2-CPA-DC-T1,contato no Discador → CPC A,Discador
2026-09-08,C0000281,S260811-M2-CPA-DC-T1,S260811-M2-COL-DC,acordo ativo (colchão),Sist. acordos
2026-09-08,C0000384,S260811-B2-CPB-DC-T2,S260811-B2-CPB-DC-T3,3ª tentativa no canal sem resposta,Discador
2026-09-08,C0000106,S260812-B3-CPB-RC-T1,S260812-B3-CPB-RC-T2,2ª tentativa no canal sem resposta,RCS
2026-09-08,C0000112,S260812-A2-CPB-RC-T3,S260812-A2-CPB-AV-T1,rotação de canal para Agente virtual,Agente virtual
2026-09-08,C0000224,S260812-B1-CPB-RC-T2,S260812-B1-CPB-RC-T3,3ª tentativa no canal sem resposta,RCS
2026-09-08,C0000367,S260812-B2-CPB-DC-T1,S260812-B2-CPB-DC-T2,2ª tentativa no canal sem resposta,Discador
2026-09-08,C0000016,S260813-M1-CPB-RC-T3,S260813-M1-CPB-AV-T1,rotação de canal para Agente virtual,Agente virtual
2026-09-08,C0000115,S260813-A3-CPB-AV-T2,S260813-A3-CPB-AV-T3,3ª tentativa no canal sem resposta,Agente virtual
2026-09-08,C0000145,S260813-A1-CPA-AV-T1,S260813-A1-CPB-AV-T1,sem resposta na ação de negociação → CPC B,Agente virtual
2026-09-08,C0000232,S260813-A3-CPB-SM-T2,S260813-A3-CPB-SM-T3,3ª tentativa no canal sem resposta,SMS
2026-09-08,C0000324,S260813-M2-CPB-DC-T1,S260813-M2-CPB-DC-T2,2ª tentativa no canal sem resposta,Discador
2026-09-08,C0000048,S260814-M3-NCP-ND-G2,S260814-M3-NCP-ND-G3,3º ciclo de giro,Automático
2026-09-08,C0000081,S260814-A1-CPB-AV-T1,S260814-A1-CPB-AV-T2,2ª tentativa no canal sem resposta,Agente virtual
2026-09-08,C0000089,S260814-B2-CPA-WA-T1,S260814-B2-CPB-WA-T1,sem resposta na ação de negociação → CPC B,WhatsApp
2026-09-08,C0000091,S260814-A1-NCP-ND-G2,S260814-A1-NCP-ND-G3,3º ciclo de giro,Automático
2026-09-08,C0000116,S260814-A2-NCP-ND-G2,S260814-A2-NCP-ND-G3,3º ciclo de giro,Automático
2026-09-08,C0000120,S260814-M1-NCP-ND-G2,S260814-M1-NCP-ND-G3,3º ciclo de giro,Automático
2026-09-08,C0000183,S260814-A1-CPB-SM-T3,S260814-A1-CPA-WA-T1,contato no WhatsApp → CPC A,WhatsApp
2026-09-08,C0000183,S260814-A1-CPA-WA-T1,S260814-A1-COL-WA,acordo ativo (colchão),Sist. acordos
2026-09-08,C0000191,S260814-B1-CPB-RC-T1,S260814-B1-CPB-RC-T2,2ª tentativa no canal sem resposta,RCS
2026-09-08,C0000192,S260814-M1-NCP-ND-G2,S260814-M1-NCP-ND-G3,3º ciclo de giro,Automático
2026-09-08,C0000252,S260814-M2-CPB-DC-T1,S260814-M2-CPB-DC-T2,2ª tentativa no canal sem resposta,Discador
2026-09-08,C0000257,S260814-A1-NCP-ND-G2,S260814-A1-NCP-ND-G3,3º ciclo de giro,Automático
2026-09-08,C0000315,S260814-M2-NCP-ND-G2,S260814-M2-NCP-ND-G3,3º ciclo de giro,Automático
2026-09-08,C0000317,S260814-A3-NCP-ND-G2,S260814-A3-NCP-ND-G3,3º ciclo de giro,Automático
2026-09-08,C0000342,S260814-M2-CPB-DC-T2,S260814-M2-CPB-DC-T3,3ª tentativa no canal sem resposta,Discador
2026-09-08,C0000040,S260815-B1-CPB-DC-T3,S260815-B1-CPB-SM-T1,rotação de canal para SMS,SMS
2026-09-08,C0000068,S260815-M2-CPB-WA-T2,S260815-M2-CPB-WA-T3,3ª tentativa no canal sem resposta,WhatsApp
2026-09-08,C0000153,S260815-M2-CPB-RC-T1,S260815-M2-CPA-RC-T1,contato no RCS → CPC A,RCS
2026-09-08,C0000153,S260815-M2-CPA-RC-T1,S260815-M2-COL-RC,acordo ativo (colchão),Sist. acordos
2026-09-08,C0000196,S260815-B2-CPB-DC-T1,S260815-B2-CPB-DC-T2,2ª tentativa no canal sem resposta,Discador
2026-09-08,C0000099,S260816-M1-CPB-AV-T1,S260816-M1-CPB-AV-T2,2ª tentativa no canal sem resposta,Agente virtual
2026-09-08,C0000108,S260816-B1-CPA-DC-T1,S260816-B1-CPB-DC-T1,sem resposta na ação de negociação → CPC B,Discador
2026-09-08,C0000223,S260816-M1-CPB-AV-T1,S260816-M1-CPB-AV-T2,2ª tentativa no canal sem resposta,Agente virtual
2026-09-08,C0000316,S260816-B2-CPB-AV-T1,S260816-B2-CPB-AV-T2,2ª tentativa no canal sem resposta,Agente virtual
2026-09-08,C0000393,S260816-M1-CPB-AV-T2,S260816-M1-CPB-AV-T3,3ª tentativa no canal sem resposta,Agente virtual
2026-09-08,C0000394,S260816-M3-COL-DC,S260816-M3-PRE-DC-D-3,parcela a vencer,Sist. acordos
2026-09-08,C0000110,S260818-M1-NCP-ND-G2,S260818-M1-CPA-AV-T1,contato no Agente virtual → CPC A,Agente virtual
2026-09-08,C0000132,S260818-A2-CPB-AV-T3,S260818-A2-CPB-DC-T1,rotação de canal para Discador,Discador
2026-09-08,C0000149,S260818-M2-CPB-AV-T3,S260818-M2-CPB-DC-T1,rotação de canal para Discador,Discador
2026-09-08,C0000204,S260818-M1-NCP-ND-G2,S260818-M1-CPA-AV-T1,contato no Agente virtual → CPC A,Agente virtual
2026-09-08,C0000231,S260818-M3-CPB-AV-T2,S260818-M3-CPB-AV-T3,3ª tentativa no canal sem resposta,Agente virtual
2026-09-08,C0000248,S260818-M2-CPB-RC-T1,S260818-M2-CPB-RC-T2,2ª tentativa no canal sem resposta,RCS
2026-09-08,C0000280,S260818-A3-PRE-AV-D-2,S260818-A3-COL-AV,acordo ativo (colchão),Sist. acordos
2026-09-08,C0000014,S260819-A3-CPB-SM-T1,S260819-A3-CPB-SM-T2,2ª tentativa no canal sem resposta,SMS
2026-09-08,C0000011,S260820-B1-CPA-SM-T1,S260820-B1-CPB-SM-T1,sem resposta na ação de negociação → CPC B,SMS
2026-09-08,C0000032,S260820-B2-CPB-SM-T2,S260820-B2-CPB-SM-T3,3ª tentativa no canal sem resposta,SMS
2026-09-08,C0000143,S260820-B2-CPB-WA-T2,S260820-B2-CPB-WA-T3,3ª tentativa no canal sem resposta,WhatsApp
2026-09-08,C0000180,S260820-B1-CPB-SM-T1,S260820-B1-CPB-SM-T2,2ª tentativa no canal sem resposta,SMS
2026-09-08,C0000207,S260820-B3-NCP-ND-G2,S260820-B3-CPA-RC-T1,contato no RCS → CPC A,RCS
2026-09-08,C0000253,S260820-A1-CPB-DC-T1,S260820-A1-CPB-DC-T2,2ª tentativa no canal sem resposta,Discador
2026-09-08,C0000328,S260820-M3-NCP-ND-G2,S260820-M3-CPA-RC-T1,contato no RCS → CPC A,RCS
2026-09-08,C0000328,S260820-M3-CPA-RC-T1,S260820-M3-COL-RC,acordo ativo (colchão),Sist. acordos
2026-09-08,C0000018,S260821-B2-CPB-RC-T2,S260821-B2-CPB-RC-T3,3ª tentativa no canal sem resposta,RCS
2026-09-08,C0000033,S260821-M3-CPB-DC-T3,S260821-M3-CPB-SM-T1,rotação de canal para SMS,SMS
2026-09-08,C0000053,S260821-B1-CPB-DC-T1,S260821-B1-CPB-DC-T2,2ª tentativa no canal sem resposta,Discador
2026-09-08,C0000236,S260821-A1-CPB-RC-T2,S260821-A1-CPB-RC-T3,3ª tentativa no canal sem resposta,RCS
2026-09-08,C0000306,S260821-A1-PRE-RC-D-3,S260821-A1-PRE-RC-D-2,parcela a vencer,Sist. acordos
2026-09-08,C0000042,S260822-B1-NCP-ND-G1,S260822-B1-NCP-ND-G2,2º ciclo de giro,Automático
2026-09-08,C0000086,S260822-A3-NCP-ND-G1,S260822-A3-NCP-ND-G2,2º ciclo de giro,Automático
2026-09-08,C0000095,S260822-M1-NCP-ND-G1,S260822-M1-NCP-ND-G2,2º ciclo de giro,Automático
2026-09-08,C0000124,S260822-B1-CPA-AV-T1,S260822-B1-CPB-AV-T1,sem resposta na ação de negociação → CPC B,Agente virtual
2026-09-08,C0000135,S260822-B3-NCP-ND-G1,S260822-B3-NCP-ND-G2,2º ciclo de giro,Automático
2026-09-08,C0000157,S260822-B1-NCP-ND-G1,S260822-B1-NCP-ND-G2,2º ciclo de giro,Automático
2026-09-08,C0000199,S260822-A3-NCP-ND-G1,S260822-A3-NCP-ND-G2,2º ciclo de giro,Automático
2026-09-08,C0000237,S260822-A2-NCP-ND-G1,S260822-A2-NCP-ND-G2,2º ciclo de giro,Automático
2026-09-08,C0000313,S260822-A3-NCP-ND-G1,S260822-A3-NCP-ND-G2,2º ciclo de giro,Automático
2026-09-08,C0000339,S260822-B2-NCP-ND-G1,S260822-B2-NCP-ND-G2,2º ciclo de giro,Automático
2026-09-08,C0000341,S260822-A1-NCP-ND-G1,S260822-A1-NCP-ND-G2,2º ciclo de giro,Automático
2026-09-08,C0000383,S260822-M2-NCP-ND-G1,S260822-M2-NCP-ND-G2,2º ciclo de giro,Automático
2026-09-08,C0000102,S260823-M2-PRE-RC-D0,S260823-M2-QBR-RC-D1,parcela vencida sem pagamento,Sist. acordos
2026-09-08,C0000102,S260823-M2-QBR-RC-D1,S260823-M2-QBR-WA-D1,contato no WhatsApp,WhatsApp
2026-09-08,C0000168,S260823-M1-CPB-AV-T3,S260823-M1-CPA-DC-T1,contato no Discador → CPC A,Discador
2026-09-08,C0000168,S260823-M1-CPA-DC-T1,S260823-M1-COL-DC,acordo ativo (colchão),Sist. acordos
2026-09-08,C0000259,S260823-B1-CPA-WA-T1,S260823-B1-CPB-WA-T1,sem resposta na ação de negociação → CPC B,WhatsApp
2026-09-08,C0000100,S260824-A1-CPB-AV-T1,S260824-A1-CPB-AV-T2,2ª tentativa no canal sem resposta,Agente virtual
2026-09-08,C0000141,S260824-A3-CPA-DC-T1,S260824-A3-CPB-DC-T1,sem resposta na ação de negociação → CPC B,Discador
2026-09-08,C0000368,S260825-B1-CPB-SM-T2,S260825-B1-CPB-SM-T3,3ª tentativa no canal sem resposta,SMS
2026-09-08,C0000030,S260826-B1-CPB-RC-T3,S260826-B1-CPB-AV-T1,rotação de canal para Agente virtual,Agente virtual
2026-09-08,C0000085,S260826-M3-CPB-RC-T3,S260826-M3-CPA-AV-T1,contato no Agente virtual → CPC A,Agente virtual
2026-09-08,C0000085,S260826-M3-CPA-AV-T1,S260826-M3-COL-AV,acordo ativo (colchão),Sist. acordos
2026-09-08,C0000195,S260826-M2-NCP-ND-G1,S260826-M2-CPA-AV-T1,contato no Agente virtual → CPC A,Agente virtual
2026-09-08,C0000039,S260827-B1-CPB-DC-T2,S260827-B1-CPB-DC-T3,3ª tentativa no canal sem resposta,Discador
2026-09-08,C0000193,S260828-B3-CPB-RC-T1,S260828-B3-CPB-RC-T2,2ª tentativa no canal sem resposta,RCS
2026-09-08,C0000262,S260828-M1-CPB-DC-T1,S260828-M1-CPB-DC-T2,2ª tentativa no canal sem resposta,Discador
2026-09-08,C0000269,S260828-B1-NCP-ND-G1,S260828-B1-CPA-RC-T1,contato no RCS → CPC A,RCS
2026-09-08,C0000105,S260829-B1-CPB-DC-T1,S260829-B1-CPB-DC-T2,2ª tentativa no canal sem resposta,Discador
2026-09-08,C0000267,S260829-B1-COL-RC,S260829-B1-PRE-RC-D-3,parcela a vencer,Sist. acordos
2026-09-08,C0000370,S260829-M1-CPB-RC-T2,S260829-M1-CPA-RC-T1,contato no RCS → CPC A,RCS
2026-09-08,C0000370,S260829-M1-CPA-RC-T1,S260829-M1-COL-RC,acordo ativo (colchão),Sist. acordos
2026-09-08,C0000041,S260830-M3-CPB-RC-T1,S260830-M3-CPB-RC-T2,2ª tentativa no canal sem resposta,RCS
2026-09-08,C0000301,S260830-B2-PRE-AV-D-3,S260830-B2-PRE-AV-D-2,parcela a vencer,Sist. acordos
2026-09-08,C0000323,S260830-A1-CPB-RC-T1,S260830-A1-CPB-RC-T2,2ª tentativa no canal sem resposta,RCS
2026-09-08,C0000012,S260831-M2-LOC-ND-L5,S260831-M2-NCP-ND-G1,"D+8 sem contato → Não CPC, entra no giro",Automático
2026-09-08,C0000064,S260831-A2-CPB-RC-T1,S260831-A2-CPB-RC-T2,2ª tentativa no canal sem resposta,RCS
2026-09-08,C0000094,S260831-B1-LOC-ND-L5,S260831-B1-NCP-ND-G1,"D+8 sem contato → Não CPC, entra no giro",Automático
2026-09-08,C0000117,S260831-M1-LOC-ND-L5,S260831-M1-NCP-ND-G1,"D+8 sem contato → Não CPC, entra no giro",Automático
2026-09-08,C0000158,S260831-M1-LOC-ND-L5,S260831-M1-NCP-ND-G1,"D+8 sem contato → Não CPC, entra no giro",Automático
2026-09-08,C0000176,S260831-M3-COL-WA,S260831-M3-PRE-WA-D-3,parcela a vencer,Sist. acordos
2026-09-08,C0000190,S260831-M2-LOC-ND-L5,S260831-M2-NCP-ND-G1,"D+8 sem contato → Não CPC, entra no giro",Automático
2026-09-08,C0000254,S260831-A1-CPA-WA-T1,S260831-A1-CPB-WA-T1,sem resposta na ação de negociação → CPC B,WhatsApp
2026-09-08,C0000292,S260831-A3-LOC-ND-L5,S260831-A3-NCP-ND-G1,"D+8 sem contato → Não CPC, entra no giro",Automático
2026-09-08,C0000336,S260831-M3-LOC-ND-L5,S260831-M3-NCP-ND-G1,"D+8 sem contato → Não CPC, entra no giro",Automático
2026-09-08,C0000380,S260831-M1-CPB-RC-T1,S260831-M1-CPB-RC-T2,2ª tentativa no canal sem resposta,RCS
2026-09-08,C0000388,S260831-M1-LOC-ND-L5,S260831-M1-NCP-ND-G1,"D+8 sem contato → Não CPC, entra no giro",Automático
2026-09-08,C0000021,S260901-B1-LOC-ND-L3,S260901-B1-LOC-ND-L7,localização por SMS sem contato,SMS
2026-09-08,C0000027,S260901-M3-PRE-WA-D-1,S260901-M3-COL-WA,acordo ativo (colchão),Sist. acordos
2026-09-08,C0000045,S260901-M1-LOC-ND-L3,S260901-M1-LOC-ND-L7,localização por SMS+E-mail sem contato,SMS
2026-09-08,C0000073,S260901-M1-LOC-ND-L3,S260901-M1-LOC-ND-L7,localização por SMS+E-mail sem contato,SMS
2026-09-08,C0000087,S260901-M3-LOC-ND-L3,S260901-M3-LOC-ND-L7,localização por SMS sem contato,SMS
2026-09-08,C0000167,S260901-A1-LOC-ND-L3,S260901-A1-LOC-ND-L7,localização por SMS sem contato,SMS
2026-09-08,C0000172,S260901-B1-LOC-ND-L3,S260901-B1-LOC-ND-L7,localização por SMS+E-mail sem contato,SMS
2026-09-08,C0000256,S260901-B1-LOC-ND-L3,S260901-B1-LOC-ND-L7,localização por SMS+E-mail sem contato,SMS
2026-09-08,C0000299,S260901-B3-LOC-ND-L3,S260901-B3-LOC-ND-L7,localização por SMS sem contato,SMS
2026-09-08,C0000303,S260901-A1-LOC-ND-L3,S260901-A1-LOC-ND-L7,localização por SMS+E-mail sem contato,SMS
2026-09-08,C0000308,S260901-B2-LOC-ND-L3,S260901-B2-LOC-ND-L7,localização por SMS+E-mail sem contato,SMS
2026-09-08,C0000361,S260901-A1-LOC-ND-L3,S260901-A1-LOC-ND-L7,localização por SMS sem contato,SMS
2026-09-08,C0000366,S260901-M3-LOC-ND-L3,S260901-M3-CPA-EM-T1,contato no E-mail → CPC A,E-mail
2026-09-08,C0000399,S260901-B1-LOC-ND-L3,S260901-B1-LOC-ND-L7,localização por SMS+E-mail sem contato,SMS
2026-09-09,C0000348,S260804-A2-PRE-AV-D-2,S260804-A2-PRE-AV-D-1,parcela a vencer,Sist. acordos
2026-09-09,C0000351,S260804-M3-COL-EM,S260804-M3-PRE-EM-D-3,parcela a vencer,Sist. acordos
2026-09-09,C0000092,S260807-A1-NCP-ND-G3,S260807-A1-NCP-ND-RE,giro esgotado → aguarda re-enriquecimento,Automático
2026-09-09,C0000113,S260807-M2-NCP-ND-G3,S260807-M2-NCP-ND-RE,giro esgotado → aguarda re-enriquecimento,Automático
2026-09-09,C0000225,S260807-A1-NCP-ND-G3,S260807-A1-NCP-ND-RE,giro esgotado → aguarda re-enriquecimento,Automático
2026-09-09,C0000239,S260807-B3-NCP-ND-G3,S260807-B3-NCP-ND-RE,giro esgotado → aguarda re-enriquecimento,Automático
2026-09-09,C0000241,S260807-M3-NCP-ND-G3,S260807-M3-NCP-ND-RE,giro esgotado → aguarda re-enriquecimento,Automático
2026-09-09,C0000266,S260807-A1-NCP-ND-G3,S260807-A1-NCP-ND-RE,giro esgotado → aguarda re-enriquecimento,Automático
2026-09-09,C0000357,S260807-M1-NCP-ND-G3,S260807-M1-NCP-ND-RE,giro esgotado → aguarda re-enriquecimento,Automático
2026-09-09,C0000364,S260807-A1-NCP-ND-G3,S260807-A1-NCP-ND-RE,giro esgotado → aguarda re-enriquecimento,Automático
2026-09-09,C0000395,S260811-B1-NCP-ND-G3,S260811-B1-CPA-AV-T1,contato no Agente virtual → CPC A,Agente virtual
2026-09-09,C0000052,S260813-B1-NCP-ND-G3,S260813-B1-CPA-RC-T1,contato no RCS → CPC A,RCS
2026-09-09,C0000052,S260813-B1-CPA-RC-T1,S260813-B1-COL-RC,acordo ativo (colchão),Sist. acordos
2026-09-09,C0000034,S260815-A1-NCP-ND-G2,S260815-A1-NCP-ND-G3,3º ciclo de giro,Automático
2026-09-09,C0000078,S260815-B2-NCP-ND-G2,S260815-B2-NCP-ND-G3,3º ciclo de giro,Automático
2026-09-09,C0000133,S260815-M2-NCP-ND-G2,S260815-M2-NCP-ND-G3,3º ciclo de giro,Automático
2026-09-09,C0000270,S260815-B1-NCP-ND-G2,S260815-B1-NCP-ND-G3,3º ciclo de giro,Automático
2026-09-09,C0000362,S260815-A2-NCP-ND-G2,S260815-A2-NCP-ND-G3,3º ciclo de giro,Automático
2026-09-09,C0000327,S260816-B1-COL-WA,S260816-B1-PRE-WA-D-3,parcela a vencer,Sist. acordos
2026-09-09,C0000394,S260816-M3-PRE-DC-D-3,S260816-M3-PRE-DC-D-2,parcela a vencer,Sist. acordos
2026-09-09,C0000051,S260817-A3-NCP-ND-G2,S260817-A3-CPA-EM-T1,contato no E-mail → CPC A,E-mail
2026-09-09,C0000047,S260821-M2-COL-RC,S260821-M2-PRE-RC-D-3,parcela a vencer,Sist. acordos
2026-09-09,C0000059,S260821-B1-NCP-ND-G2,S260821-B1-CPA-RC-T1,contato no RCS → CPC A,RCS
2026-09-09,C0000059,S260821-B1-CPA-RC-T1,S260821-B1-COL-RC,acordo ativo (colchão),Sist. acordos
2026-09-09,C0000306,S260821-A1-PRE-RC-D-2,S260821-A1-PRE-RC-D-1,parcela a vencer,Sist. acordos
2026-09-09,C0000004,S260823-B2-NCP-ND-G1,S260823-B2-NCP-ND-G2,2º ciclo de giro,Automático
2026-09-09,C0000008,S260823-M1-NCP-ND-G1,S260823-M1-NCP-ND-G2,2º ciclo de giro,Automático
2026-09-09,C0000010,S260823-A3-NCP-ND-G1,S260823-A3-NCP-ND-G2,2º ciclo de giro,Automático
2026-09-09,C0000024,S260823-M1-NCP-ND-G1,S260823-M1-NCP-ND-G2,2º ciclo de giro,Automático
2026-09-09,C0000102,S260823-M2-QBR-WA-D1,S260823-M2-QBR-WA-D2,parcela vencida sem pagamento,Sist. acordos
2026-09-09,C0000175,S260823-B2-NCP-ND-G1,S260823-B2-NCP-ND-G2,2º ciclo de giro,Automático
2026-09-09,C0000215,S260823-M1-NCP-ND-G1,S260823-M1-NCP-ND-G2,2º ciclo de giro,Automático
2026-09-09,C0000296,S260823-M3-NCP-ND-G1,S260823-M3-NCP-ND-G2,2º ciclo de giro,Automático
2026-09-09,C0000345,S260823-A1-NCP-ND-G1,S260823-A1-NCP-ND-G2,2º ciclo de giro,Automático
2026-09-09,C0000079,S260825-M3-NCP-ND-G1,S260825-M3-CPA-EM-T1,contato no E-mail → CPC A,E-mail
2026-09-09,C0000079,S260825-M3-CPA-EM-T1,S260825-M3-COL-EM,acordo ativo (colchão),Sist. acordos
2026-09-09,C0000007,S260827-M1-NCP-ND-G1,S260827-M1-CPA-AV-T1,contato no Agente virtual → CPC A,Agente virtual
2026-09-09,C0000007,S260827-M1-CPA-AV-T1,S260827-M1-COL-AV,acordo ativo (colchão),Sist. acordos
2026-09-09,C0000036,S260829-M3-NCP-ND-G1,S260829-M3-CPA-RC-T1,contato no RCS → CPC A,RCS
2026-09-09,C0000267,S260829-B1-PRE-RC-D-3,S260829-B1-COL-RC,acordo ativo (colchão),Sist. acordos
2026-09-09,C0000301,S260830-B2-PRE-AV-D-2,S260830-B2-COL-AV,acordo ativo (colchão),Sist. acordos
2026-09-09,C0000176,S260831-M3-PRE-WA-D-3,S260831-M3-PRE-WA-D-2,parcela a vencer,Sist. acordos
2026-09-09,C0000021,S260901-B1-LOC-ND-L7,S260901-B1-NCP-ND-G1,"D+8 sem contato → Não CPC, entra no giro",Automático
2026-09-09,C0000045,S260901-M1-LOC-ND-L7,S260901-M1-NCP-ND-G1,"D+8 sem contato → Não CPC, entra no giro",Automático
2026-09-09,C0000073,S260901-M1-LOC-ND-L7,S260901-M1-NCP-ND-G1,"D+8 sem contato → Não CPC, entra no giro",Automático
2026-09-09,C0000087,S260901-M3-LOC-ND-L7,S260901-M3-NCP-ND-G1,"D+8 sem contato → Não CPC, entra no giro",Automático
2026-09-09,C0000167,S260901-A1-LOC-ND-L7,S260901-A1-NCP-ND-G1,"D+8 sem contato → Não CPC, entra no giro",Automático
2026-09-09,C0000172,S260901-B1-LOC-ND-L7,S260901-B1-NCP-ND-G1,"D+8 sem contato → Não CPC, entra no giro",Automático
2026-09-09,C0000256,S260901-B1-LOC-ND-L7,S260901-B1-NCP-ND-G1,"D+8 sem contato → Não CPC, entra no giro",Automático
2026-09-09,C0000299,S260901-B3-LOC-ND-L7,S260901-B3-NCP-ND-G1,"D+8 sem contato → Não CPC, entra no giro",Automático
2026-09-09,C0000303,S260901-A1-LOC-ND-L7,S260901-A1-NCP-ND-G1,"D+8 sem contato → Não CPC, entra no giro",Automático
2026-09-09,C0000308,S260901-B2-LOC-ND-L7,S260901-B2-NCP-ND-G1,"D+8 sem contato → Não CPC, entra no giro",Automático
2026-09-09,C0000361,S260901-A1-LOC-ND-L7,S260901-A1-NCP-ND-G1,"D+8 sem contato → Não CPC, entra no giro",Automático
2026-09-09,C0000399,S260901-B1-LOC-ND-L7,S260901-B1-NCP-ND-G1,"D+8 sem contato → Não CPC, entra no giro",Automático
2026-09-10,C0000197,S260803-M2-CPB-RC-T2,S260803-M2-CPB-RC-T3,3ª tentativa no canal sem resposta,RCS
2026-09-10,C0000300,S260803-M1-CPB-DC-T1,S260803-M1-CPB-DC-T2,2ª tentativa no canal sem resposta,Discador
2026-09-10,C0000347,S260803-M1-CPB-SM-T1,S260803-M1-CPB-SM-T2,2ª tentativa no canal sem resposta,SMS
2026-09-10,C0000355,S260803-B2-CPB-DC-T1,S260803-B2-CPB-DC-T2,2ª tentativa no canal sem resposta,Discador
2026-09-10,C0000150,S260804-B2-CPB-AV-T2,S260804-B2-CPB-AV-T3,3ª tentativa no canal sem resposta,Agente virtual
2026-09-10,C0000201,S260804-M3-CPB-WA-T1,S260804-M3-CPB-WA-T2,2ª tentativa no canal sem resposta,WhatsApp
2026-09-10,C0000250,S260804-M1-CPB-SM-T3,S260804-M1-CPB-WA-T1,rotação de canal para WhatsApp,WhatsApp
2026-09-10,C0000293,S260804-B3-CPB-RC-T3,S260804-B3-CPB-SM-T1,rotação de canal para SMS,SMS
2026-09-10,C0000348,S260804-A2-PRE-AV-D-1,S260804-A2-COL-AV,acordo ativo (colchão),Sist. acordos
2026-09-10,C0000351,S260804-M3-PRE-EM-D-3,S260804-M3-PRE-EM-D-2,parcela a vencer,Sist. acordos
2026-09-10,C0000181,S260805-B2-CPB-AV-T3,S260805-B2-CPB-DC-T1,rotação de canal para Discador,Discador
2026-09-10,C0000283,S260805-B2-CPB-WA-T3,S260805-B2-CPB-RC-T1,rotação de canal para RCS,RCS
2026-09-10,C0000022,S260806-B2-CPB-DC-T2,S260806-B2-CPA-DC-T1,contato no Discador → CPC A,Discador
2026-09-10,C0000022,S260806-B2-CPA-DC-T1,S260806-B2-COL-DC,acordo ativo (colchão),Sist. acordos
2026-09-10,C0000061,S260806-B2-CPB-WA-T3,S260806-B2-CPB-RC-T1,rotação de canal para RCS,RCS
2026-09-10,C0000103,S260806-A2-CPB-WA-T2,S260806-A2-CPB-WA-T3,3ª tentativa no canal sem resposta,WhatsApp
2026-09-10,C0000216,S260806-A2-CPB-DC-T3,S260806-A2-CPB-SM-T1,rotação de canal para SMS,SMS
2026-09-10,C0000218,S260806-B2-CPB-AV-T1,S260806-B2-CPB-AV-T2,2ª tentativa no canal sem resposta,Agente virtual
2026-09-10,C0000234,S260806-A2-CPB-SM-T1,S260806-A2-CPB-SM-T2,2ª tentativa no canal sem resposta,SMS
2026-09-10,C0000261,S260806-M1-CPB-DC-T2,S260806-M1-CPB-DC-T3,3ª tentativa no canal sem resposta,Discador
2026-09-10,C0000333,S260806-A2-CPB-DC-T1,S260806-A2-CPB-DC-T2,2ª tentativa no canal sem resposta,Discador
2026-09-10,C0000350,S260806-B3-CPB-SM-T3,S260806-B3-CPB-WA-T1,rotação de canal para WhatsApp,WhatsApp
2026-09-10,C0000063,S260807-B2-CPA-WA-T1,S260807-B2-CPB-WA-T1,sem resposta na ação de negociação → CPC B,WhatsApp
2026-09-10,C0000069,S260807-M3-CPB-AV-T1,S260807-M3-CPB-AV-T2,2ª tentativa no canal sem resposta,Agente virtual
2026-09-10,C0000144,S260807-M1-CPB-RC-T2,S260807-M1-CPB-RC-T3,3ª tentativa no canal sem resposta,RCS
2026-09-10,C0000166,S260807-M2-CPB-DC-T2,S260807-M2-CPB-DC-T3,3ª tentativa no canal sem resposta,Discador
2026-09-10,C0000202,S260807-M1-CPB-RC-T2,S260807-M1-CPB-RC-T3,3ª tentativa no canal sem resposta,RCS
2026-09-10,C0000097,S260808-B3-NCP-ND-G3,S260808-B3-NCP-ND-RE,giro esgotado → aguarda re-enriquecimento,Automático
2026-09-10,C0000101,S260808-B2-NCP-ND-G3,S260808-B2-NCP-ND-RE,giro esgotado → aguarda re-enriquecimento,Automático
2026-09-10,C0000189,S260808-B2-CPB-AV-T3,S260808-B2-CPA-DC-T1,contato no Discador → CPC A,Discador
2026-09-10,C0000189,S260808-B2-CPA-DC-T1,S260808-B2-COL-DC,acordo ativo (colchão),Sist. acordos
2026-09-10,C0000198,S260808-B3-NCP-ND-G3,S260808-B3-NCP-ND-RE,giro esgotado → aguarda re-enriquecimento,Automático
2026-09-10,C0000249,S260808-B3-NCP-ND-G3,S260808-B3-NCP-ND-RE,giro esgotado → aguarda re-enriquecimento,Automático
2026-09-10,C0000279,S260808-B3-NCP-ND-G3,S260808-B3-NCP-ND-RE,giro esgotado → aguarda re-enriquecimento,Automático
2026-09-10,C0000375,S260808-B2-NCP-ND-G3,S260808-B2-NCP-ND-RE,giro esgotado → aguarda re-enriquecimento,Automático
2026-09-10,C0000210,S260809-M3-CPB-SM-T3,S260809-M3-CPB-WA-T1,rotação de canal para WhatsApp,WhatsApp
2026-09-10,C0000295,S260809-M1-CPB-DC-T2,S260809-M1-CPB-DC-T3,3ª tentativa no canal sem resposta,Discador
2026-09-10,C0000107,S260810-M1-CPB-DC-T2,S260810-M1-CPB-DC-T3,3ª tentativa no canal sem resposta,Discador
2026-09-10,C0000311,S260810-B1-CPB-AV-T1,S260810-B1-CPB-AV-T2,2ª tentativa no canal sem resposta,Agente virtual
2026-09-10,C0000359,S260810-B1-CPB-DC-T3,S260810-B1-CPB-SM-T1,rotação de canal para SMS,SMS
2026-09-10,C0000050,S260811-A2-CPB-AV-T2,S260811-A2-CPB-AV-T3,3ª tentativa no canal sem resposta,Agente virtual
2026-09-10,C0000111,S260811-A1-CPB-AV-T3,S260811-A1-CPB-DC-T1,rotação de canal para Discador,Discador
2026-09-10,C0000122,S260811-A1-CPB-SM-T2,S260811-A1-CPB-SM-T3,3ª tentativa no canal sem resposta,SMS
2026-09-10,C0000281,S260811-M2-COL-DC,S260811-M2-PRE-DC-D-3,parcela a vencer,Sist. acordos
2026-09-10,C0000384,S260811-B2-CPB-DC-T3,S260811-B2-CPB-SM-T1,rotação de canal para SMS,SMS
2026-09-10,C0000106,S260812-B3-CPB-RC-T2,S260812-B3-CPB-RC-T3,3ª tentativa no canal sem resposta,RCS
2026-09-10,C0000112,S260812-A2-CPB-AV-T1,S260812-A2-CPB-AV-T2,2ª tentativa no canal sem resposta,Agente virtual
2026-09-10,C0000123,S260812-A1-NCP-ND-G3,S260812-A1-CPA-DC-T1,contato no Discador → CPC A,Discador
2026-09-10,C0000123,S260812-A1-CPA-DC-T1,S260812-A1-COL-DC,acordo ativo (colchão),Sist. acordos
2026-09-10,C0000224,S260812-B1-CPB-RC-T3,S260812-B1-CPB-AV-T1,rotação de canal para Agente virtual,Agente virtual
2026-09-10,C0000367,S260812-B2-CPB-DC-T2,S260812-B2-CPB-DC-T3,3ª tentativa no canal sem resposta,Discador
2026-09-10,C0000016,S260813-M1-CPB-AV-T1,S260813-M1-CPB-AV-T2,2ª tentativa no canal sem resposta,Agente virtual
2026-09-10,C0000115,S260813-A3-CPB-AV-T3,S260813-A3-CPB-DC-T1,rotação de canal para Discador,Discador
2026-09-10,C0000145,S260813-A1-CPB-AV-T1,S260813-A1-CPB-AV-T2,2ª tentativa no canal sem resposta,Agente virtual
2026-09-10,C0000232,S260813-A3-CPB-SM-T3,S260813-A3-CPB-WA-T1,rotação de canal para WhatsApp,WhatsApp
2026-09-10,C0000324,S260813-M2-CPB-DC-T2,S260813-M2-CPB-DC-T3,3ª tentativa no canal sem resposta,Discador
2026-09-10,C0000081,S260814-A1-CPB-AV-T2,S260814-A1-CPB-AV-T3,3ª tentativa no canal sem resposta,Agente virtual
2026-09-10,C0000089,S260814-B2-CPB-WA-T1,S260814-B2-CPA-WA-T1,contato no WhatsApp → CPC A,WhatsApp
2026-09-10,C0000089,S260814-B2-CPA-WA-T1,S260814-B2-COL-WA,acordo ativo (colchão),Sist. acordos
2026-09-10,C0000183,S260814-A1-COL-WA,S260814-A1-LIQ-WA,acordo quitado,Sist. acordos
2026-09-10,C0000191,S260814-B1-CPB-RC-T2,S260814-B1-CPB-RC-T3,3ª tentativa no canal sem resposta,RCS
2026-09-10,C0000252,S260814-M2-CPB-DC-T2,S260814-M2-CPB-DC-T3,3ª tentativa no canal sem resposta,Discador
2026-09-10,C0000342,S260814-M2-CPB-DC-T3,S260814-M2-CPB-SM-T1,rotação de canal para SMS,SMS
2026-09-10,C0000040,S260815-B1-CPB-SM-T1,S260815-B1-CPB-SM-T2,2ª tentativa no canal sem resposta,SMS
2026-09-10,C0000068,S260815-M2-CPB-WA-T3,S260815-M2-CPB-RC-T1,rotação de canal para RCS,RCS
2026-09-10,C0000196,S260815-B2-CPB-DC-T2,S260815-B2-CPB-DC-T3,3ª tentativa no canal sem resposta,Discador
2026-09-10,C0000099,S260816-M1-CPB-AV-T2,S260816-M1-CPB-AV-T3,3ª tentativa no canal sem resposta,Agente virtual
2026-09-10,C0000104,S260816-B2-NCP-ND-G2,S260816-B2-NCP-ND-G3,3º ciclo de giro,Automático
2026-09-10,C0000108,S260816-B1-CPB-DC-T1,S260816-B1-CPB-DC-T2,2ª tentativa no canal sem resposta,Discador
2026-09-10,C0000164,S260816-B3-NCP-ND-G2,S260816-B3-NCP-ND-G3,3º ciclo de giro,Automático
2026-09-10,C0000223,S260816-M1-CPB-AV-T2,S260816-M1-CPB-AV-T3,3ª tentativa no canal sem resposta,Agente virtual
2026-09-10,C0000304,S260816-M3-NCP-ND-G2,S260816-M3-NCP-ND-G3,3º ciclo de giro,Automático
2026-09-10,C0000316,S260816-B2-CPB-AV-T2,S260816-B2-CPA-DC-T1,contato no Discador → CPC A,Discador
2026-09-10,C0000316,S260816-B2-CPA-DC-T1,S260816-B2-COL-DC,acordo ativo (colchão),Sist. acordos
2026-09-10,C0000327,S260816-B1-PRE-WA-D-3,S260816-B1-PRE-WA-D-2,parcela a vencer,Sist. acordos
2026-09-10,C0000329,S260816-B1-NCP-ND-G2,S260816-B1-NCP-ND-G3,3º ciclo de giro,Automático
2026-09-10,C0000332,S260816-B3-NCP-ND-G2,S260816-B3-NCP-ND-G3,3º ciclo de giro,Automático
2026-09-10,C0000358,S260816-B3-NCP-ND-G2,S260816-B3-NCP-ND-G3,3º ciclo de giro,Automático
2026-09-10,C0000393,S260816-M1-CPB-AV-T3,S260816-M1-CPB-DC-T1,rotação de canal para Discador,Discador
2026-09-10,C0000394,S260816-M3-PRE-DC-D-2,S260816-M3-PRE-DC-D-1,parcela a vencer,Sist. acordos
2026-09-10,C0000110,S260818-M1-CPA-AV-T1,S260818-M1-CPB-AV-T1,sem resposta na ação de negociação → CPC B,Agente virtual
2026-09-10,C0000132,S260818-A2-CPB-DC-T1,S260818-A2-CPB-DC-T2,2ª tentativa no canal sem resposta,Discador
2026-09-10,C0000149,S260818-M2-CPB-DC-T1,S260818-M2-CPB-DC-T2,2ª tentativa no canal sem resposta,Discador
2026-09-10,C0000204,S260818-M1-CPA-AV-T1,S260818-M1-CPB-AV-T1,sem resposta na ação de negociação → CPC B,Agente virtual
2026-09-10,C0000231,S260818-M3-CPB-AV-T3,S260818-M3-CPB-DC-T1,rotação de canal para Discador,Discador
2026-09-10,C0000248,S260818-M2-CPB-RC-T2,S260818-M2-CPB-RC-T3,3ª tentativa no canal sem resposta,RCS
2026-09-10,C0000014,S260819-A3-CPB-SM-T2,S260819-A3-CPB-SM-T3,3ª tentativa no canal sem resposta,SMS
2026-09-10,C0000011,S260820-B1-CPB-SM-T1,S260820-B1-CPB-SM-T2,2ª tentativa no canal sem resposta,SMS
2026-09-10,C0000032,S260820-B2-CPB-SM-T3,S260820-B2-CPA-WA-T1,contato no WhatsApp → CPC A,WhatsApp
2026-09-10,C0000143,S260820-B2-CPB-WA-T3,S260820-B2-CPB-RC-T1,rotação de canal para RCS,RCS
2026-09-10,C0000180,S260820-B1-CPB-SM-T2,S260820-B1-CPB-SM-T3,3ª tentativa no canal sem resposta,SMS
2026-09-10,C0000207,S260820-B3-CPA-RC-T1,S260820-B3-CPB-RC-T1,sem resposta na ação de negociação → CPC B,RCS
2026-09-10,C0000253,S260820-A1-CPB-DC-T2,S260820-A1-CPB-DC-T3,3ª tentativa no canal sem resposta,Discador
2026-09-10,C0000018,S260821-B2-CPB-RC-T3,S260821-B2-CPB-AV-T1,rotação de canal para Agente virtual,Agente virtual
2026-09-10,C0000033,S260821-M3-CPB-SM-T1,S260821-M3-CPB-SM-T2,2ª tentativa no canal sem resposta,SMS
2026-09-10,C0000047,S260821-M2-PRE-RC-D-3,S260821-M2-COL-RC,acordo ativo (colchão),Sist. acordos
2026-09-10,C0000053,S260821-B1-CPB-DC-T2,S260821-B1-CPB-DC-T3,3ª tentativa no canal sem resposta,Discador
2026-09-10,C0000236,S260821-A1-CPB-RC-T3,S260821-A1-CPB-AV-T1,rotação de canal para Agente virtual,Agente virtual
2026-09-10,C0000306,S260821-A1-PRE-RC-D-1,S260821-A1-PRE-RC-D0,parcela a vencer,Sist. acordos
2026-09-10,C0000124,S260822-B1-CPB-AV-T1,S260822-B1-CPA-AV-T1,contato no Agente virtual → CPC A,Agente virtual
2026-09-10,C0000102,S260823-M2-QBR-WA-D2,S260823-M2-QBR-WA-D3,parcela vencida sem pagamento,Sist. acordos
2026-09-10,C0000259,S260823-B1-CPB-WA-T1,S260823-B1-CPB-WA-T2,2ª tentativa no canal sem resposta,WhatsApp
2026-09-10,C0000100,S260824-A1-CPB-AV-T2,S260824-A1-CPB-AV-T3,3ª tentativa no canal sem resposta,Agente virtual
2026-09-10,C0000141,S260824-A3-CPB-DC-T1,S260824-A3-CPB-DC-T2,2ª tentativa no canal sem resposta,Discador
2026-09-10,C0000165,S260824-M2-NCP-ND-G1,S260824-M2-NCP-ND-G2,2º ciclo de giro,Automático
2026-09-10,C0000209,S260824-A1-NCP-ND-G1,S260824-A1-NCP-ND-G2,2º ciclo de giro,Automático
2026-09-10,C0000214,S260824-A2-NCP-ND-G1,S260824-A2-NCP-ND-G2,2º ciclo de giro,Automático
2026-09-10,C0000297,S260824-A3-NCP-ND-G1,S260824-A3-NCP-ND-G2,2º ciclo de giro,Automático
2026-09-10,C0000392,S260824-M2-NCP-ND-G1,S260824-M2-NCP-ND-G2,2º ciclo de giro,Automático
2026-09-10,C0000243,S260825-B3-CPA-RC-T1,S260825-B3-CPB-RC-T1,sem resposta na ação de negociação → CPC B,RCS
2026-09-10,C0000368,S260825-B1-CPB-SM-T3,S260825-B1-CPB-WA-T1,rotação de canal para WhatsApp,WhatsApp
2026-09-10,C0000030,S260826-B1-CPB-AV-T1,S260826-B1-CPB-AV-T2,2ª tentativa no canal sem resposta,Agente virtual
2026-09-10,C0000195,S260826-M2-CPA-AV-T1,S260826-M2-CPB-AV-T1,sem resposta na ação de negociação → CPC B,Agente virtual
2026-09-10,C0000039,S260827-B1-CPB-DC-T3,S260827-B1-CPB-SM-T1,rotação de canal para SMS,SMS
2026-09-10,C0000193,S260828-B3-CPB-RC-T2,S260828-B3-CPB-RC-T3,3ª tentativa no canal sem resposta,RCS
2026-09-10,C0000262,S260828-M1-CPB-DC-T2,S260828-M1-CPB-DC-T3,3ª tentativa no canal sem resposta,Discador
2026-09-10,C0000269,S260828-B1-CPA-RC-T1,S260828-B1-CPB-RC-T1,sem resposta na ação de negociação → CPC B,RCS
2026-09-10,C0000387,S260828-M1-NCP-ND-G1,S260828-M1-CPA-AV-T1,contato no Agente virtual → CPC A,Agente virtual
2026-09-10,C0000105,S260829-B1-CPB-DC-T2,S260829-B1-CPB-DC-T3,3ª tentativa no canal sem resposta,Discador
2026-09-10,C0000041,S260830-M3-CPB-RC-T2,S260830-M3-CPB-RC-T3,3ª tentativa no canal sem resposta,RCS
2026-09-10,C0000251,S260830-B3-NCP-ND-G1,S260830-B3-CPA-RC-T1,contato no RCS → CPC A,RCS
2026-09-10,C0000323,S260830-A1-CPB-RC-T2,S260830-A1-CPB-RC-T3,3ª tentativa no canal sem resposta,RCS
2026-09-10,C0000335,S260830-A2-NCP-ND-G1,S260830-A2-CPA-RC-T1,contato no RCS → CPC A,RCS
2026-09-10,C0000335,S260830-A2-CPA-RC-T1,S260830-A2-COL-RC,acordo ativo (colchão),Sist. acordos
2026-09-10,C0000064,S260831-A2-CPB-RC-T2,S260831-A2-CPA-RC-T1,contato no RCS → CPC A,RCS
2026-09-10,C0000064,S260831-A2-CPA-RC-T1,S260831-A2-COL-RC,acordo ativo (colchão),Sist. acordos
2026-09-10,C0000176,S260831-M3-PRE-WA-D-2,S260831-M3-PRE-WA-D-1,parcela a vencer,Sist. acordos
2026-09-10,C0000254,S260831-A1-CPB-WA-T1,S260831-A1-CPB-WA-T2,2ª tentativa no canal sem resposta,WhatsApp
2026-09-10,C0000380,S260831-M1-CPB-RC-T2,S260831-M1-CPB-RC-T3,3ª tentativa no canal sem resposta,RCS
2026-09-10,C0000366,S260901-M3-CPA-EM-T1,S260901-M3-CPB-EM-T1,sem resposta na ação de negociação → CPC B,E-mail
2026-09-11,C0000351,S260804-M3-PRE-EM-D-2,S260804-M3-PRE-EM-D-1,parcela a vencer,Sist. acordos
2026-09-11,C0000151,S260805-M1-COL-WA,S260805-M1-PRE-WA-D-3,parcela a vencer,Sist. acordos
2026-09-11,C0000178,S260809-B3-NCP-ND-G3,S260809-B3-NCP-ND-RE,giro esgotado → aguarda re-enriquecimento,Automático
2026-09-11,C0000203,S260809-B1-NCP-ND-G3,S260809-B1-NCP-ND-RE,giro esgotado → aguarda re-enriquecimento,Automático
2026-09-11,C0000273,S260809-M2-NCP-ND-G3,S260809-M2-NCP-ND-RE,giro esgotado → aguarda re-enriquecimento,Automático
2026-09-11,C0000289,S260809-B2-NCP-ND-G3,S260809-B2-NCP-ND-RE,giro esgotado → aguarda re-enriquecimento,Automático
2026-09-11,C0000281,S260811-M2-PRE-DC-D-3,S260811-M2-LIQ-DC,acordo quitado,Sist. acordos
2026-09-11,C0000395,S260811-B1-CPA-AV-T1,S260811-B1-CPB-AV-T1,sem resposta na ação de negociação → CPC B,Agente virtual
2026-09-11,C0000133,S260815-M2-NCP-ND-G3,S260815-M2-CPA-RC-T1,contato no RCS → CPC A,RCS
2026-09-11,C0000327,S260816-B1-PRE-WA-D-2,S260816-B1-COL-WA,acordo ativo (colchão),Sist. acordos
2026-09-11,C0000394,S260816-M3-PRE-DC-D-1,S260816-M3-LIQ-DC,acordo quitado,Sist. acordos
2026-09-11,C0000006,S260817-A2-NCP-ND-G2,S260817-A2-NCP-ND-G3,3º ciclo de giro,Automático
2026-09-11,C0000031,S260817-A2-NCP-ND-G2,S260817-A2-NCP-ND-G3,3º ciclo de giro,Automático
2026-09-11,C0000051,S260817-A3-CPA-EM-T1,S260817-A3-CPB-EM-T1,sem resposta na ação de negociação → CPC B,E-mail
2026-09-11,C0000058,S260817-A1-NCP-ND-G2,S260817-A1-NCP-ND-G3,3º ciclo de giro,Automático
2026-09-11,C0000114,S260817-M1-NCP-ND-G2,S260817-M1-NCP-ND-G3,3º ciclo de giro,Automático
2026-09-11,C0000219,S260817-M2-NCP-ND-G2,S260817-M2-NCP-ND-G3,3º ciclo de giro,Automático
2026-09-11,C0000246,S260817-M2-NCP-ND-G2,S260817-M2-NCP-ND-G3,3º ciclo de giro,Automático
2026-09-11,C0000278,S260817-M3-NCP-ND-G2,S260817-M3-NCP-ND-G3,3º ciclo de giro,Automático
2026-09-11,C0000334,S260817-B1-NCP-ND-G2,S260817-B1-NCP-ND-G3,3º ciclo de giro,Automático
2026-09-11,C0000340,S260817-M2-NCP-ND-G2,S260817-M2-NCP-ND-G3,3º ciclo de giro,Automático
2026-09-11,C0000373,S260817-M3-NCP-ND-G2,S260817-M3-NCP-ND-G3,3º ciclo de giro,Automático
2026-09-11,C0000396,S260817-M3-NCP-ND-G2,S260817-M3-NCP-ND-G3,3º ciclo de giro,Automático
2026-09-11,C0000328,S260820-M3-COL-RC,S260820-M3-PRE-RC-D-3,parcela a vencer,Sist. acordos
2026-09-11,C0000035,S260821-M3-NCP-ND-G2,S260821-M3-CPA-DC-T1,contato no Discador → CPC A,Discador
2026-09-11,C0000121,S260821-M1-NCP-ND-G2,S260821-M1-CPA-DC-T1,contato no Discador → CPC A,Discador
2026-09-11,C0000306,S260821-A1-PRE-RC-D0,S260821-A1-QBR-RC-D1,parcela vencida sem pagamento,Sist. acordos
2026-09-11,C0000102,S260823-M2-QBR-WA-D3,S260823-M2-QBR-WA-D4,parcela vencida sem pagamento,Sist. acordos
2026-09-11,C0000345,S260823-A1-NCP-ND-G2,S260823-A1-CPA-RC-T1,contato no RCS → CPC A,RCS
2026-09-11,C0000000,S260825-B1-NCP-ND-G1,S260825-B1-NCP-ND-G2,2º ciclo de giro,Automático
2026-09-11,C0000074,S260825-M2-NCP-ND-G1,S260825-M2-NCP-ND-G2,2º ciclo de giro,Automático
2026-09-11,C0000229,S260825-B1-NCP-ND-G1,S260825-B1-NCP-ND-G2,2º ciclo de giro,Automático
2026-09-11,C0000240,S260825-B3-NCP-ND-G1,S260825-B3-NCP-ND-G2,2º ciclo de giro,Automático
2026-09-11,C0000326,S260825-M3-NCP-ND-G1,S260825-M3-NCP-ND-G2,2º ciclo de giro,Automático
2026-09-11,C0000365,S260825-B3-NCP-ND-G1,S260825-B3-NCP-ND-G2,2º ciclo de giro,Automático
2026-09-11,C0000085,S260826-M3-COL-AV,S260826-M3-PRE-AV-D-3,parcela a vencer,Sist. acordos
2026-09-11,C0000378,S260827-M2-NCP-ND-G1,S260827-M2-CPA-EM-T1,contato no E-mail → CPC A,E-mail
2026-09-11,C0000036,S260829-M3-CPA-RC-T1,S260829-M3-CPB-RC-T1,sem resposta na ação de negociação → CPC B,RCS
2026-09-11,C0000265,S260829-A1-NCP-ND-G1,S260829-A1-CPA-DC-T1,contato no Discador → CPC A,Discador
2026-09-11,C0000310,S260829-A3-NCP-ND-G1,S260829-A3-CPA-AV-T1,contato no Agente virtual → CPC A,Agente virtual
2026-09-11,C0000176,S260831-M3-PRE-WA-D-1,S260831-M3-COL-WA,acordo ativo (colchão),Sist. acordos
2026-09-12,C0000197,S260803-M2-CPB-RC-T3,S260803-M2-CPB-AV-T1,rotação de canal para Agente virtual,Agente virtual
2026-09-12,C0000300,S260803-M1-CPB-DC-T2,S260803-M1-CPB-DC-T3,3ª tentativa no canal sem resposta,Discador
2026-09-12,C0000347,S260803-M1-CPB-SM-T2,S260803-M1-CPB-SM-T3,3ª tentativa no canal sem resposta,SMS
2026-09-12,C0000355,S260803-B2-CPB-DC-T2,S260803-B2-CPB-DC-T3,3ª tentativa no canal sem resposta,Discador
2026-09-12,C0000150,S260804-B2-CPB-AV-T3,S260804-B2-CPB-DC-T1,rotação de canal para Discador,Discador
2026-09-12,C0000201,S260804-M3-CPB-WA-T2,S260804-M3-CPB-WA-T3,3ª tentativa no canal sem resposta,WhatsApp
2026-09-12,C0000201,S260804-M3-CPB-WA-T3,S260804-M3-NCP-ND-G1,esgotou os canais → Não CPC + re-enriquecimento,Automático
2026-09-12,C0000250,S260804-M1-CPB-WA-T1,S260804-M1-CPB-WA-T2,2ª tentativa no canal sem resposta,WhatsApp
2026-09-12,C0000293,S260804-B3-CPB-SM-T1,S260804-B3-CPB-SM-T2,2ª tentativa no canal sem resposta,SMS
2026-09-12,C0000351,S260804-M3-PRE-EM-D-1,S260804-M3-COL-EM,acordo ativo (colchão),Sist. acordos
2026-09-12,C0000151,S260805-M1-PRE-WA-D-3,S260805-M1-PRE-WA-D-2,parcela a vencer,Sist. acordos
2026-09-12,C0000151,S260805-M1-PRE-WA-D-2,S260805-M1-PRE-RC-D-2,contato no RCS,RCS
2026-09-12,C0000181,S260805-B2-CPB-DC-T1,S260805-B2-CPB-DC-T2,2ª tentativa no canal sem resposta,Discador
2026-09-12,C0000283,S260805-B2-CPB-RC-T1,S260805-B2-CPB-RC-T2,2ª tentativa no canal sem resposta,RCS
2026-09-12,C0000061,S260806-B2-CPB-RC-T1,S260806-B2-CPA-RC-T1,contato no RCS → CPC A,RCS
2026-09-12,C0000103,S260806-A2-CPB-WA-T3,S260806-A2-CPB-RC-T1,rotação de canal para RCS,RCS
2026-09-12,C0000216,S260806-A2-CPB-SM-T1,S260806-A2-CPB-SM-T2,2ª tentativa no canal sem resposta,SMS
2026-09-12,C0000218,S260806-B2-CPB-AV-T2,S260806-B2-CPB-AV-T3,3ª tentativa no canal sem resposta,Agente virtual
2026-09-12,C0000234,S260806-A2-CPB-SM-T2,S260806-A2-CPB-SM-T3,3ª tentativa no canal sem resposta,SMS
2026-09-12,C0000261,S260806-M1-CPB-DC-T3,S260806-M1-CPA-EM-T1,contato no E-mail → CPC A,E-mail
2026-09-12,C0000333,S260806-A2-CPB-DC-T2,S260806-A2-CPB-DC-T3,3ª tentativa no canal sem resposta,Discador
2026-09-12,C0000350,S260806-B3-CPB-WA-T1,S260806-B3-CPB-WA-T2,2ª tentativa no canal sem resposta,WhatsApp
2026-09-12,C0000063,S260807-B2-CPB-WA-T1,S260807-B2-CPB-WA-T2,2ª tentativa no canal sem resposta,WhatsApp
2026-09-12,C0000069,S260807-M3-CPB-AV-T2,S260807-M3-CPB-AV-T3,3ª tentativa no canal sem resposta,Agente virtual
2026-09-12,C0000144,S260807-M1-CPB-RC-T3,S260807-M1-CPB-AV-T1,rotação de canal para Agente virtual,Agente virtual
2026-09-12,C0000166,S260807-M2-CPB-DC-T3,S260807-M2-CPB-SM-T1,rotação de canal para SMS,SMS
2026-09-12,C0000202,S260807-M1-CPB-RC-T3,S260807-M1-CPB-AV-T1,rotação de canal para Agente virtual,Agente virtual
2026-09-12,C0000210,S260809-M3-CPB-WA-T1,S260809-M3-CPB-WA-T2,2ª tentativa no canal sem resposta,WhatsApp
2026-09-12,C0000295,S260809-M1-CPB-DC-T3,S260809-M1-CPB-SM-T1,rotação de canal para SMS,SMS
2026-09-12,C0000107,S260810-M1-CPB-DC-T3,S260810-M1-CPB-SM-T1,rotação de canal para SMS,SMS
2026-09-12,C0000126,S260810-B3-NCP-ND-G3,S260810-B3-NCP-ND-RE,giro esgotado → aguarda re-enriquecimento,Automático
2026-09-12,C0000282,S260810-B1-NCP-ND-G3,S260810-B1-NCP-ND-RE,giro esgotado → aguarda re-enriquecimento,Automático
2026-09-12,C0000311,S260810-B1-CPB-AV-T2,S260810-B1-CPA-DC-T1,contato no Discador → CPC A,Discador
2026-09-12,C0000359,S260810-B1-CPB-SM-T1,S260810-B1-CPB-SM-T2,2ª tentativa no canal sem resposta,SMS
2026-09-12,C0000382,S260810-M3-NCP-ND-G3,S260810-M3-NCP-ND-RE,giro esgotado → aguarda re-enriquecimento,Automático
2026-09-12,C0000050,S260811-A2-CPB-AV-T3,S260811-A2-CPB-DC-T1,rotação de canal para Discador,Discador
2026-09-12,C0000111,S260811-A1-CPB-DC-T1,S260811-A1-CPB-DC-T2,2ª tentativa no canal sem resposta,Discador
2026-09-12,C0000122,S260811-A1-CPB-SM-T3,S260811-A1-CPB-WA-T1,rotação de canal para WhatsApp,WhatsApp
2026-09-12,C0000384,S260811-B2-CPB-SM-T1,S260811-B2-CPB-SM-T2,2ª tentativa no canal sem resposta,SMS
2026-09-12,C0000106,S260812-B3-CPB-RC-T3,S260812-B3-CPB-SM-T1,rotação de canal para SMS,SMS
2026-09-12,C0000112,S260812-A2-CPB-AV-T2,S260812-A2-CPA-AV-T1,contato no Agente virtual → CPC A,Agente virtual
2026-09-12,C0000224,S260812-B1-CPB-AV-T1,S260812-B1-CPB-AV-T2,2ª tentativa no canal sem resposta,Agente virtual
2026-09-12,C0000367,S260812-B2-CPB-DC-T3,S260812-B2-CPB-SM-T1,rotação de canal para SMS,SMS
2026-09-12,C0000016,S260813-M1-CPB-AV-T2,S260813-M1-CPB-AV-T3,3ª tentativa no canal sem resposta,Agente virtual
2026-09-12,C0000115,S260813-A3-CPB-DC-T1,S260813-A3-CPB-DC-T2,2ª tentativa no canal sem resposta,Discador
2026-09-12,C0000145,S260813-A1-CPB-AV-T2,S260813-A1-CPB-AV-T3,3ª tentativa no canal sem resposta,Agente virtual
2026-09-12,C0000232,S260813-A3-CPB-WA-T1,S260813-A3-CPB-WA-T2,2ª tentativa no canal sem resposta,WhatsApp
2026-09-12,C0000324,S260813-M2-CPB-DC-T3,S260813-M2-CPB-SM-T1,rotação de canal para SMS,SMS
2026-09-12,C0000081,S260814-A1-CPB-AV-T3,S260814-A1-CPB-DC-T1,rotação de canal para Discador,Discador
2026-09-12,C0000089,S260814-B2-COL-WA,S260814-B2-PRE-WA-D-3,parcela a vencer,Sist. acordos
2026-09-12,C0000191,S260814-B1-CPB-RC-T3,S260814-B1-CPB-AV-T1,rotação de canal para Agente virtual,Agente virtual
2026-09-12,C0000252,S260814-M2-CPB-DC-T3,S260814-M2-CPB-SM-T1,rotação de canal para SMS,SMS
2026-09-12,C0000342,S260814-M2-CPB-SM-T1,S260814-M2-CPB-SM-T2,2ª tentativa no canal sem resposta,SMS
2026-09-12,C0000040,S260815-B1-CPB-SM-T2,S260815-B1-CPB-SM-T3,3ª tentativa no canal sem resposta,SMS
2026-09-12,C0000068,S260815-M2-CPB-RC-T1,S260815-M2-CPB-RC-T2,2ª tentativa no canal sem resposta,RCS
2026-09-12,C0000196,S260815-B2-CPB-DC-T3,S260815-B2-CPB-SM-T1,rotação de canal para SMS,SMS
2026-09-12,C0000099,S260816-M1-CPB-AV-T3,S260816-M1-CPB-DC-T1,rotação de canal para Discador,Discador
2026-09-12,C0000108,S260816-B1-CPB-DC-T2,S260816-B1-CPB-DC-T3,3ª tentativa no canal sem resposta,Discador
2026-09-12,C0000223,S260816-M1-CPB-AV-T3,S260816-M1-CPB-DC-T1,rotação de canal para Discador,Discador
2026-09-12,C0000358,S260816-B3-NCP-ND-G3,S260816-B3-CPA-RC-T1,contato no RCS → CPC A,RCS
2026-09-12,C0000393,S260816-M1-CPB-DC-T1,S260816-M1-CPB-DC-T2,2ª tentativa no canal sem resposta,Discador
2026-09-12,C0000029,S260818-B3-NCP-ND-G2,S260818-B3-NCP-ND-G3,3º ciclo de giro,Automático
2026-09-12,C0000109,S260818-B3-NCP-ND-G2,S260818-B3-NCP-ND-G3,3º ciclo de giro,Automático
2026-09-12,C0000110,S260818-M1-CPB-AV-T1,S260818-M1-CPB-AV-T2,2ª tentativa no canal sem resposta,Agente virtual
2026-09-12,C0000118,S260818-A2-NCP-ND-G2,S260818-A2-NCP-ND-G3,3º ciclo de giro,Automático
2026-09-12,C0000132,S260818-A2-CPB-DC-T2,S260818-A2-CPB-DC-T3,3ª tentativa no canal sem resposta,Discador
2026-09-12,C0000149,S260818-M2-CPB-DC-T2,S260818-M2-CPB-DC-T3,3ª tentativa no canal sem resposta,Discador
2026-09-12,C0000160,S260818-B3-NCP-ND-G2,S260818-B3-NCP-ND-G3,3º ciclo de giro,Automático
2026-09-12,C0000170,S260818-M2-NCP-ND-G2,S260818-M2-NCP-ND-G3,3º ciclo de giro,Automático
2026-09-12,C0000204,S260818-M1-CPB-AV-T1,S260818-M1-CPB-AV-T2,2ª tentativa no canal sem resposta,Agente virtual
2026-09-12,C0000221,S260818-B2-NCP-ND-G2,S260818-B2-NCP-ND-G3,3º ciclo de giro,Automático
2026-09-12,C0000231,S260818-M3-CPB-DC-T1,S260818-M3-CPA-DC-T1,contato no Discador → CPC A,Discador
2026-09-12,C0000235,S260818-M1-NCP-ND-G2,S260818-M1-NCP-ND-G3,3º ciclo de giro,Automático
2026-09-12,C0000248,S260818-M2-CPB-RC-T3,S260818-M2-CPB-AV-T1,rotação de canal para Agente virtual,Agente virtual
2026-09-12,C0000291,S260818-B1-NCP-ND-G2,S260818-B1-NCP-ND-G3,3º ciclo de giro,Automático
2026-09-12,C0000318,S260818-B3-NCP-ND-G2,S260818-B3-NCP-ND-G3,3º ciclo de giro,Automático
2026-09-12,C0000014,S260819-A3-CPB-SM-T3,S260819-A3-CPB-WA-T1,rotação de canal para WhatsApp,WhatsApp
2026-09-12,C0000011,S260820-B1-CPB-SM-T2,S260820-B1-CPB-SM-T3,3ª tentativa no canal sem resposta,SMS
2026-09-12,C0000143,S260820-B2-CPB-RC-T1,S260820-B2-CPB-RC-T2,2ª tentativa no canal sem resposta,RCS
2026-09-12,C0000180,S260820-B1-CPB-SM-T3,S260820-B1-CPB-WA-T1,rotação de canal para WhatsApp,WhatsApp
2026-09-12,C0000207,S260820-B3-CPB-RC-T1,S260820-B3-CPB-RC-T2,2ª tentativa no canal sem resposta,RCS
2026-09-12,C0000253,S260820-A1-CPB-DC-T3,S260820-A1-CPB-SM-T1,rotação de canal para SMS,SMS
2026-09-12,C0000328,S260820-M3-PRE-RC-D-3,S260820-M3-PRE-RC-D-2,parcela a vencer,Sist. acordos
2026-09-12,C0000018,S260821-B2-CPB-AV-T1,S260821-B2-CPB-AV-T2,2ª tentativa no canal sem resposta,Agente virtual
2026-09-12,C0000033,S260821-M3-CPB-SM-T2,S260821-M3-CPB-SM-T3,3ª tentativa no canal sem resposta,SMS
2026-09-12,C0000053,S260821-B1-CPB-DC-T3,S260821-B1-CPB-SM-T1,rotação de canal para SMS,SMS
2026-09-12,C0000236,S260821-A1-CPB-AV-T1,S260821-A1-CPB-AV-T2,2ª tentativa no canal sem resposta,Agente virtual
2026-09-12,C0000306,S260821-A1-QBR-RC-D1,S260821-A1-QBR-RC-D2,parcela vencida sem pagamento,Sist. acordos
2026-09-12,C0000124,S260822-B1-CPA-AV-T1,S260822-B1-CPB-AV-T1,sem resposta na ação de negociação → CPC B,Agente virtual
2026-09-12,C0000313,S260822-A3-NCP-ND-G2,S260822-A3-CPA-DC-T1,contato no Discador → CPC A,Discador
2026-09-12,C0000313,S260822-A3-CPA-DC-T1,S260822-A3-COL-DC,acordo ativo (colchão),Sist. acordos
2026-09-12,C0000383,S260822-M2-NCP-ND-G2,S260822-M2-CPA-DC-T1,contato no Discador → CPC A,Discador
2026-09-12,C0000383,S260822-M2-CPA-DC-T1,S260822-M2-COL-DC,acordo ativo (colchão),Sist. acordos
2026-09-12,C0000102,S260823-M2-QBR-WA-D4,S260823-M2-COL-WA,acordo ativo (colchão),Sist. acordos
2026-09-12,C0000259,S260823-B1-CPB-WA-T2,S260823-B1-CPB-WA-T3,3ª tentativa no canal sem resposta,WhatsApp
2026-09-12,C0000100,S260824-A1-CPB-AV-T3,S260824-A1-CPA-DC-T1,contato no Discador → CPC A,Discador
2026-09-12,C0000141,S260824-A3-CPB-DC-T2,S260824-A3-CPA-DC-T1,contato no Discador → CPC A,Discador
2026-09-12,C0000243,S260825-B3-CPB-RC-T1,S260825-B3-CPB-RC-T2,2ª tentativa no canal sem resposta,RCS
2026-09-12,C0000368,S260825-B1-CPB-WA-T1,S260825-B1-CPB-WA-T2,2ª tentativa no canal sem resposta,WhatsApp
2026-09-12,C0000030,S260826-B1-CPB-AV-T2,S260826-B1-CPB-AV-T3,3ª tentativa no canal sem resposta,Agente virtual
2026-09-12,C0000071,S260826-B1-NCP-ND-G1,S260826-B1-NCP-ND-G2,2º ciclo de giro,Automático
2026-09-12,C0000085,S260826-M3-PRE-AV-D-3,S260826-M3-COL-AV,acordo ativo (colchão),Sist. acordos
2026-09-12,C0000090,S260826-M1-NCP-ND-G1,S260826-M1-NCP-ND-G2,2º ciclo de giro,Automático
2026-09-12,C0000130,S260826-B3-NCP-ND-G1,S260826-B3-NCP-ND-G2,2º ciclo de giro,Automático
2026-09-12,C0000195,S260826-M2-CPB-AV-T1,S260826-M2-CPB-AV-T2,2ª tentativa no canal sem resposta,Agente virtual
2026-09-12,C0000228,S260826-M1-NCP-ND-G1,S260826-M1-NCP-ND-G2,2º ciclo de giro,Automático
2026-09-12,C0000290,S260826-A3-NCP-ND-G1,S260826-A3-NCP-ND-G2,2º ciclo de giro,Automático
2026-09-12,C0000377,S260826-B2-NCP-ND-G1,S260826-B2-NCP-ND-G2,2º ciclo de giro,Automático
2026-09-12,C0000379,S260826-A2-NCP-ND-G1,S260826-A2-NCP-ND-G2,2º ciclo de giro,Automático
2026-09-12,C0000389,S260826-M2-NCP-ND-G1,S260826-M2-NCP-ND-G2,2º ciclo de giro,Automático
2026-09-12,C0000391,S260826-M1-NCP-ND-G1,S260826-M1-NCP-ND-G2,2º ciclo de giro,Automático
2026-09-12,C0000039,S260827-B1-CPB-SM-T1,S260827-B1-CPB-SM-T2,2ª tentativa no canal sem resposta,SMS
2026-09-12,C0000193,S260828-B3-CPB-RC-T3,S260828-B3-CPB-SM-T1,rotação de canal para SMS,SMS
2026-09-12,C0000262,S260828-M1-CPB-DC-T3,S260828-M1-CPB-SM-T1,rotação de canal para SMS,SMS
2026-09-12,C0000269,S260828-B1-CPB-RC-T1,S260828-B1-CPA-RC-T1,contato no RCS → CPC A,RCS
2026-09-12,C0000269,S260828-B1-CPA-RC-T1,S260828-B1-COL-RC,acordo ativo (colchão),Sist. acordos
2026-09-12,C0000387,S260828-M1-CPA-AV-T1,S260828-M1-CPB-AV-T1,sem resposta na ação de negociação → CPC B,Agente virtual
2026-09-12,C0000105,S260829-B1-CPB-DC-T3,S260829-B1-CPB-SM-T1,rotação de canal para SMS,SMS
2026-09-12,C0000041,S260830-M3-CPB-RC-T3,S260830-M3-CPB-AV-T1,rotação de canal para Agente virtual,Agente virtual
2026-09-12,C0000062,S260830-A2-NCP-ND-G1,S260830-A2-CPA-AV-T1,contato no Agente virtual → CPC A,Agente virtual
2026-09-12,C0000134,S260830-M3-NCP-ND-G1,S260830-M3-CPA-AV-T1,contato no Agente virtual → CPC A,Agente virtual
2026-09-12,C0000134,S260830-M3-CPA-AV-T1,S260830-M3-COL-AV,acordo ativo (colchão),Sist. acordos
2026-09-12,C0000323,S260830-A1-CPB-RC-T3,S260830-A1-CPB-AV-T1,rotação de canal para Agente virtual,Agente virtual
2026-09-12,C0000335,S260830-A2-COL-RC,S260830-A2-PRE-RC-D-3,parcela a vencer,Sist. acordos
2026-09-12,C0000254,S260831-A1-CPB-WA-T2,S260831-A1-CPA-WA-T1,contato no WhatsApp → CPC A,WhatsApp
2026-09-12,C0000380,S260831-M1-CPB-RC-T3,S260831-M1-CPB-AV-T1,rotação de canal para Agente virtual,Agente virtual
2026-09-12,C0000366,S260901-M3-CPB-EM-T1,S260901-M3-CPB-EM-T2,2ª tentativa no canal sem resposta,E-mail
2026-09-12,C0000399,S260901-B1-NCP-ND-G1,S260901-B1-CPA-RC-T1,contato no RCS → CPC A,RCS
2026-09-12,C0000399,S260901-B1-CPA-RC-T1,S260901-B1-COL-RC,acordo ativo (colchão),Sist. acordos
2026-09-13,C0000080,S260805-M3-COL-DC,S260805-M3-PRE-DC-D-3,parcela a vencer,Sist. acordos
2026-09-13,C0000151,S260805-M1-PRE-RC-D-2,S260805-M1-PRE-RC-D-1,parcela a vencer,Sist. acordos
2026-09-13,C0000046,S260811-A1-NCP-ND-G3,S260811-A1-NCP-ND-RE,giro esgotado → aguarda re-enriquecimento,Automático
2026-09-13,C0000077,S260811-B3-NCP-ND-G3,S260811-B3-NCP-ND-RE,giro esgotado → aguarda re-enriquecimento,Automático
2026-09-13,C0000098,S260811-M3-NCP-ND-G3,S260811-M3-NCP-ND-RE,giro esgotado → aguarda re-enriquecimento,Automático
2026-09-13,C0000147,S260811-B1-NCP-ND-G3,S260811-B1-NCP-ND-RE,giro esgotado → aguarda re-enriquecimento,Automático
2026-09-13,C0000155,S260811-B3-NCP-ND-G3,S260811-B3-NCP-ND-RE,giro esgotado → aguarda re-enriquecimento,Automático
2026-09-13,C0000169,S260811-B3-NCP-ND-G3,S260811-B3-NCP-ND-RE,giro esgotado → aguarda re-enriquecimento,Automático
2026-09-13,C0000184,S260811-M2-NCP-ND-G3,S260811-M2-NCP-ND-RE,giro esgotado → aguarda re-enriquecimento,Automático
2026-09-13,C0000213,S260811-M3-NCP-ND-G3,S260811-M3-NCP-ND-RE,giro esgotado → aguarda re-enriquecimento,Automático
2026-09-13,C0000272,S260811-M2-NCP-ND-G3,S260811-M2-NCP-ND-RE,giro esgotado → aguarda re-enriquecimento,Automático
2026-09-13,C0000338,S260811-B1-NCP-ND-G3,S260811-B1-NCP-ND-RE,giro esgotado → aguarda re-enriquecimento,Automático
2026-09-13,C0000123,S260812-A1-COL-DC,S260812-A1-PRE-DC-D-3,parcela a vencer,Sist. acordos
2026-09-13,C0000089,S260814-B2-PRE-WA-D-3,S260814-B2-LIQ-WA,acordo quitado,Sist. acordos
2026-09-13,C0000153,S260815-M2-COL-RC,S260815-M2-PRE-RC-D-3,parcela a vencer,Sist. acordos
2026-09-13,C0000076,S260819-A3-NCP-ND-G2,S260819-A3-NCP-ND-G3,3º ciclo de giro,Automático
2026-09-13,C0000131,S260819-A1-NCP-ND-G2,S260819-A1-NCP-ND-G3,3º ciclo de giro,Automático
2026-09-13,C0000220,S260819-M1-NCP-ND-G2,S260819-M1-NCP-ND-G3,3º ciclo de giro,Automático
2026-09-13,C0000320,S260819-A2-NCP-ND-G2,S260819-A2-NCP-ND-G3,3º ciclo de giro,Automático
2026-09-13,C0000363,S260819-A2-NCP-ND-G2,S260819-A2-NCP-ND-G3,3º ciclo de giro,Automático
2026-09-13,C0000328,S260820-M3-PRE-RC-D-2,S260820-M3-PRE-RC-D-1,parcela a vencer,Sist. acordos
2026-09-13,C0000306,S260821-A1-QBR-RC-D2,S260821-A1-QBR-RC-D3,parcela vencida sem pagamento,Sist. acordos
2026-09-13,C0000001,S260827-M3-NCP-ND-G1,S260827-M3-NCP-ND-G2,2º ciclo de giro,Automático
2026-09-13,C0000129,S260827-A3-NCP-ND-G1,S260827-A3-NCP-ND-G2,2º ciclo de giro,Automático
2026-09-13,C0000162,S260827-A2-NCP-ND-G1,S260827-A2-NCP-ND-G2,2º ciclo de giro,Automático
2026-09-13,C0000179,S260827-M2-NCP-ND-G1,S260827-M2-NCP-ND-G2,2º ciclo de giro,Automático
2026-09-13,C0000188,S260827-M1-NCP-ND-G1,S260827-M1-NCP-ND-G2,2º ciclo de giro,Automático
2026-09-13,C0000217,S260827-A1-NCP-ND-G1,S260827-A1-NCP-ND-G2,2º ciclo de giro,Automático
2026-09-13,C0000271,S260827-B1-NCP-ND-G1,S260827-B1-NCP-ND-G2,2º ciclo de giro,Automático
2026-09-13,C0000284,S260827-B2-NCP-ND-G1,S260827-B2-NCP-ND-G2,2º ciclo de giro,Automático
2026-09-13,C0000371,S260827-M3-NCP-ND-G1,S260827-M3-NCP-ND-G2,2º ciclo de giro,Automático
2026-09-13,C0000335,S260830-A2-PRE-RC-D-3,S260830-A2-PRE-RC-D-2,parcela a vencer,Sist. acordos
2026-09-14,C0000197,S260803-M2-CPB-AV-T1,S260803-M2-CPB-AV-T2,2ª tentativa no canal sem resposta,Agente virtual
2026-09-14,C0000300,S260803-M1-CPB-DC-T3,S260803-M1-CPB-SM-T1,rotação de canal para SMS,SMS
2026-09-14,C0000347,S260803-M1-CPB-SM-T3,S260803-M1-CPB-WA-T1,rotação de canal para WhatsApp,WhatsApp
2026-09-14,C0000355,S260803-B2-CPB-DC-T3,S260803-B2-CPB-SM-T1,rotação de canal para SMS,SMS
2026-09-14,C0000150,S260804-B2-CPB-DC-T1,S260804-B2-CPB-DC-T2,2ª tentativa no canal sem resposta,Discador
2026-09-14,C0000250,S260804-M1-CPB-WA-T2,S260804-M1-CPB-WA-T3,3ª tentativa no canal sem resposta,WhatsApp
2026-09-14,C0000293,S260804-B3-CPB-SM-T2,S260804-B3-CPB-SM-T3,3ª tentativa no canal sem resposta,SMS
2026-09-14,C0000080,S260805-M3-PRE-DC-D-3,S260805-M3-COL-DC,acordo ativo (colchão),Sist. acordos
2026-09-14,C0000151,S260805-M1-PRE-RC-D-1,S260805-M1-COL-RC,acordo ativo (colchão),Sist. acordos
2026-09-14,C0000151,S260805-M1-COL-RC,S260805-M1-COL-WA,contato no WhatsApp,WhatsApp
2026-09-14,C0000181,S260805-B2-CPB-DC-T2,S260805-B2-CPB-DC-T3,3ª tentativa no canal sem resposta,Discador
2026-09-14,C0000283,S260805-B2-CPB-RC-T2,S260805-B2-CPB-RC-T3,3ª tentativa no canal sem resposta,RCS
2026-09-14,C0000103,S260806-A2-CPB-RC-T1,S260806-A2-CPB-RC-T2,2ª tentativa no canal sem resposta,RCS
2026-09-14,C0000216,S260806-A2-CPB-SM-T2,S260806-A2-CPB-SM-T3,3ª tentativa no canal sem resposta,SMS
2026-09-14,C0000218,S260806-B2-CPB-AV-T3,S260806-B2-CPB-DC-T1,rotação de canal para Discador,Discador
2026-09-14,C0000234,S260806-A2-CPB-SM-T3,S260806-A2-CPB-WA-T1,rotação de canal para WhatsApp,WhatsApp
2026-09-14,C0000333,S260806-A2-CPB-DC-T3,S260806-A2-CPB-SM-T1,rotação de canal para SMS,SMS
2026-09-14,C0000350,S260806-B3-CPB-WA-T2,S260806-B3-CPB-WA-T3,3ª tentativa no canal sem resposta,WhatsApp
2026-09-14,C0000350,S260806-B3-CPB-WA-T3,S260806-B3-NCP-ND-G1,esgotou os canais → Não CPC + re-enriquecimento,Automático
2026-09-14,C0000063,S260807-B2-CPB-WA-T2,S260807-B2-CPB-WA-T3,3ª tentativa no canal sem resposta,WhatsApp
2026-09-14,C0000069,S260807-M3-CPB-AV-T3,S260807-M3-CPB-DC-T1,rotação de canal para Discador,Discador
2026-09-14,C0000144,S260807-M1-CPB-AV-T1,S260807-M1-CPA-AV-T1,contato no Agente virtual → CPC A,Agente virtual
2026-09-14,C0000144,S260807-M1-CPA-AV-T1,S260807-M1-COL-AV,acordo ativo (colchão),Sist. acordos
2026-09-14,C0000166,S260807-M2-CPB-SM-T1,S260807-M2-CPB-SM-T2,2ª tentativa no canal sem resposta,SMS
2026-09-14,C0000202,S260807-M1-CPB-AV-T1,S260807-M1-CPB-AV-T2,2ª tentativa no canal sem resposta,Agente virtual
2026-09-14,C0000210,S260809-M3-CPB-WA-T2,S260809-M3-CPA-WA-T1,contato no WhatsApp → CPC A,WhatsApp
2026-09-14,C0000210,S260809-M3-CPA-WA-T1,S260809-M3-COL-WA,acordo ativo (colchão),Sist. acordos
2026-09-14,C0000295,S260809-M1-CPB-SM-T1,S260809-M1-CPB-SM-T2,2ª tentativa no canal sem resposta,SMS
2026-09-14,C0000107,S260810-M1-CPB-SM-T1,S260810-M1-CPB-SM-T2,2ª tentativa no canal sem resposta,SMS
2026-09-14,C0000311,S260810-B1-CPA-DC-T1,S260810-B1-CPB-DC-T1,sem resposta na ação de negociação → CPC B,Discador
2026-09-14,C0000359,S260810-B1-CPB-SM-T2,S260810-B1-CPB-SM-T3,3ª tentativa no canal sem resposta,SMS
2026-09-14,C0000050,S260811-A2-CPB-DC-T1,S260811-A2-CPB-DC-T2,2ª tentativa no canal sem resposta,Discador
2026-09-14,C0000111,S260811-A1-CPB-DC-T2,S260811-A1-CPB-DC-T3,3ª tentativa no canal sem resposta,Discador
2026-09-14,C0000122,S260811-A1-CPB-WA-T1,S260811-A1-CPB-WA-T2,2ª tentativa no canal sem resposta,WhatsApp
2026-09-14,C0000384,S260811-B2-CPB-SM-T2,S260811-B2-CPB-SM-T3,3ª tentativa no canal sem resposta,SMS
2026-09-14,C0000395,S260811-B1-CPB-AV-T1,S260811-B1-CPB-AV-T2,2ª tentativa no canal sem resposta,Agente virtual
2026-09-14,C0000055,S260812-M2-NCP-ND-G3,S260812-M2-NCP-ND-RE,giro esgotado → aguarda re-enriquecimento,Automático
2026-09-14,C0000083,S260812-M2-NCP-ND-G3,S260812-M2-NCP-ND-RE,giro esgotado → aguarda re-enriquecimento,Automático
2026-09-14,C0000106,S260812-B3-CPB-SM-T1,S260812-B3-CPB-SM-T2,2ª tentativa no canal sem resposta,SMS
2026-09-14,C0000112,S260812-A2-CPA-AV-T1,S260812-A2-CPB-AV-T1,sem resposta na ação de negociação → CPC B,Agente virtual
2026-09-14,C0000123,S260812-A1-PRE-DC-D-3,S260812-A1-PRE-DC-D-2,parcela a vencer,Sist. acordos
2026-09-14,C0000161,S260812-M2-NCP-ND-G3,S260812-M2-NCP-ND-RE,giro esgotado → aguarda re-enriquecimento,Automático
2026-09-14,C0000224,S260812-B1-CPB-AV-T2,S260812-B1-CPB-AV-T3,3ª tentativa no canal sem resposta,Agente virtual
2026-09-14,C0000264,S260812-A3-NCP-ND-G3,S260812-A3-NCP-ND-RE,giro esgotado → aguarda re-enriquecimento,Automático
2026-09-14,C0000286,S260812-A1-NCP-ND-G3,S260812-A1-NCP-ND-RE,giro esgotado → aguarda re-enriquecimento,Automático
2026-09-14,C0000367,S260812-B2-CPB-SM-T1,S260812-B2-CPB-SM-T2,2ª tentativa no canal sem resposta,SMS
2026-09-14,C0000016,S260813-M1-CPB-AV-T3,S260813-M1-CPB-DC-T1,rotação de canal para Discador,Discador
2026-09-14,C0000115,S260813-A3-CPB-DC-T2,S260813-A3-CPA-DC-T1,contato no Discador → CPC A,Discador
2026-09-14,C0000115,S260813-A3-CPA-DC-T1,S260813-A3-COL-DC,acordo ativo (colchão),Sist. acordos
2026-09-14,C0000145,S260813-A1-CPB-AV-T3,S260813-A1-CPB-DC-T1,rotação de canal para Discador,Discador
2026-09-14,C0000232,S260813-A3-CPB-WA-T2,S260813-A3-CPB-WA-T3,3ª tentativa no canal sem resposta,WhatsApp
2026-09-14,C0000324,S260813-M2-CPB-SM-T1,S260813-M2-CPB-SM-T2,2ª tentativa no canal sem resposta,SMS
2026-09-14,C0000081,S260814-A1-CPB-DC-T1,S260814-A1-CPB-DC-T2,2ª tentativa no canal sem resposta,Discador
2026-09-14,C0000191,S260814-B1-CPB-AV-T1,S260814-B1-CPA-AV-T1,contato no Agente virtual → CPC A,Agente virtual
2026-09-14,C0000252,S260814-M2-CPB-SM-T1,S260814-M2-CPB-SM-T2,2ª tentativa no canal sem resposta,SMS
2026-09-14,C0000342,S260814-M2-CPB-SM-T2,S260814-M2-CPB-SM-T3,3ª tentativa no canal sem resposta,SMS
2026-09-14,C0000040,S260815-B1-CPB-SM-T3,S260815-B1-CPB-WA-T1,rotação de canal para WhatsApp,WhatsApp
2026-09-14,C0000068,S260815-M2-CPB-RC-T2,S260815-M2-CPB-RC-T3,3ª tentativa no canal sem resposta,RCS
2026-09-14,C0000133,S260815-M2-CPA-RC-T1,S260815-M2-CPB-RC-T1,sem resposta na ação de negociação → CPC B,RCS
2026-09-14,C0000153,S260815-M2-PRE-RC-D-3,S260815-M2-PRE-RC-D-2,parcela a vencer,Sist. acordos
2026-09-14,C0000196,S260815-B2-CPB-SM-T1,S260815-B2-CPB-SM-T2,2ª tentativa no canal sem resposta,SMS
2026-09-14,C0000099,S260816-M1-CPB-DC-T1,S260816-M1-CPA-DC-T1,contato no Discador → CPC A,Discador
2026-09-14,C0000108,S260816-B1-CPB-DC-T3,S260816-B1-CPB-SM-T1,rotação de canal para SMS,SMS
2026-09-14,C0000223,S260816-M1-CPB-DC-T1,S260816-M1-CPB-DC-T2,2ª tentativa no canal sem resposta,Discador
2026-09-14,C0000358,S260816-B3-CPA-RC-T1,S260816-B3-CPB-RC-T1,sem resposta na ação de negociação → CPC B,RCS
2026-09-14,C0000393,S260816-M1-CPB-DC-T2,S260816-M1-CPB-DC-T3,3ª tentativa no canal sem resposta,Discador
2026-09-14,C0000051,S260817-A3-CPB-EM-T1,S260817-A3-CPB-EM-T2,2ª tentativa no canal sem resposta,E-mail
2026-09-14,C0000110,S260818-M1-CPB-AV-T2,S260818-M1-CPB-AV-T3,3ª tentativa no canal sem resposta,Agente virtual
2026-09-14,C0000132,S260818-A2-CPB-DC-T3,S260818-A2-CPB-SM-T1,rotação de canal para SMS,SMS
2026-09-14,C0000149,S260818-M2-CPB-DC-T3,S260818-M2-CPB-SM-T1,rotação de canal para SMS,SMS
2026-09-14,C0000204,S260818-M1-CPB-AV-T2,S260818-M1-CPB-AV-T3,3ª tentativa no canal sem resposta,Agente virtual
2026-09-14,C0000231,S260818-M3-CPA-DC-T1,S260818-M3-CPB-DC-T1,sem resposta na ação de negociação → CPC B,Discador
2026-09-14,C0000248,S260818-M2-CPB-AV-T1,S260818-M2-CPB-AV-T2,2ª tentativa no canal sem resposta,Agente virtual
2026-09-14,C0000014,S260819-A3-CPB-WA-T1,S260819-A3-CPA-WA-T1,contato no WhatsApp → CPC A,WhatsApp
2026-09-14,C0000011,S260820-B1-CPB-SM-T3,S260820-B1-CPB-WA-T1,rotação de canal para WhatsApp,WhatsApp
2026-09-14,C0000025,S260820-B3-NCP-ND-G2,S260820-B3-NCP-ND-G3,3º ciclo de giro,Automático
2026-09-14,C0000028,S260820-B3-NCP-ND-G2,S260820-B3-NCP-ND-G3,3º ciclo de giro,Automático
2026-09-14,C0000032,S260820-B2-CPA-WA-T1,S260820-B2-CPB-WA-T1,sem resposta na ação de negociação → CPC B,WhatsApp
2026-09-14,C0000049,S260820-M2-NCP-ND-G2,S260820-M2-NCP-ND-G3,3º ciclo de giro,Automático
2026-09-14,C0000088,S260820-B3-NCP-ND-G2,S260820-B3-NCP-ND-G3,3º ciclo de giro,Automático
2026-09-14,C0000143,S260820-B2-CPB-RC-T2,S260820-B2-CPB-RC-T3,3ª tentativa no canal sem resposta,RCS
2026-09-14,C0000154,S260820-M1-NCP-ND-G2,S260820-M1-NCP-ND-G3,3º ciclo de giro,Automático
2026-09-14,C0000159,S260820-B1-NCP-ND-G2,S260820-B1-NCP-ND-G3,3º ciclo de giro,Automático
2026-09-14,C0000171,S260820-M1-NCP-ND-G2,S260820-M1-NCP-ND-G3,3º ciclo de giro,Automático
2026-09-14,C0000180,S260820-B1-CPB-WA-T1,S260820-B1-CPB-WA-T2,2ª tentativa no canal sem resposta,WhatsApp
2026-09-14,C0000207,S260820-B3-CPB-RC-T2,S260820-B3-CPB-RC-T3,3ª tentativa no canal sem resposta,RCS
2026-09-14,C0000230,S260820-M3-NCP-ND-G2,S260820-M3-NCP-ND-G3,3º ciclo de giro,Automático
2026-09-14,C0000253,S260820-A1-CPB-SM-T1,S260820-A1-CPB-SM-T2,2ª tentativa no canal sem resposta,SMS
2026-09-14,C0000328,S260820-M3-PRE-RC-D-1,S260820-M3-COL-RC,acordo ativo (colchão),Sist. acordos
2026-09-14,C0000346,S260820-M2-NCP-ND-G2,S260820-M2-NCP-ND-G3,3º ciclo de giro,Automático
2026-09-14,C0000349,S260820-B2-NCP-ND-G2,S260820-B2-NCP-ND-G3,3º ciclo de giro,Automático
2026-09-14,C0000018,S260821-B2-CPB-AV-T2,S260821-B2-CPB-AV-T3,3ª tentativa no canal sem resposta,Agente virtual
2026-09-14,C0000033,S260821-M3-CPB-SM-T3,S260821-M3-CPB-WA-T1,rotação de canal para WhatsApp,WhatsApp
2026-09-14,C0000035,S260821-M3-CPA-DC-T1,S260821-M3-CPB-DC-T1,sem resposta na ação de negociação → CPC B,Discador
2026-09-14,C0000053,S260821-B1-CPB-SM-T1,S260821-B1-CPB-SM-T2,2ª tentativa no canal sem resposta,SMS
2026-09-14,C0000121,S260821-M1-CPA-DC-T1,S260821-M1-CPB-DC-T1,sem resposta na ação de negociação → CPC B,Discador
2026-09-14,C0000236,S260821-A1-CPB-AV-T2,S260821-A1-CPB-AV-T3,3ª tentativa no canal sem resposta,Agente virtual
2026-09-14,C0000306,S260821-A1-QBR-RC-D3,S260821-A1-QBR-RC-D4,parcela vencida sem pagamento,Sist. acordos
2026-09-14,C0000306,S260821-A1-QBR-RC-D4,S260821-A1-QBR-DC-D4,contato no Discador,Discador
2026-09-14,C0000124,S260822-B1-CPB-AV-T1,S260822-B1-CPA-AV-T1,contato no Agente virtual → CPC A,Agente virtual
2026-09-14,C0000313,S260822-A3-COL-DC,S260822-A3-PRE-DC-D-3,parcela a vencer,Sist. acordos
2026-09-14,C0000259,S260823-B1-CPB-WA-T3,S260823-B1-CPB-RC-T1,rotação de canal para RCS,RCS
2026-09-14,C0000345,S260823-A1-CPA-RC-T1,S260823-A1-CPB-RC-T1,sem resposta na ação de negociação → CPC B,RCS
2026-09-14,C0000100,S260824-A1-CPA-DC-T1,S260824-A1-CPB-DC-T1,sem resposta na ação de negociação → CPC B,Discador
2026-09-14,C0000141,S260824-A3-CPA-DC-T1,S260824-A3-CPB-DC-T1,sem resposta na ação de negociação → CPC B,Discador
2026-09-14,C0000165,S260824-M2-NCP-ND-G2,S260824-M2-CPA-AV-T1,contato no Agente virtual → CPC A,Agente virtual
2026-09-14,C0000297,S260824-A3-NCP-ND-G2,S260824-A3-CPA-DC-T1,contato no Discador → CPC A,Discador
2026-09-14,C0000243,S260825-B3-CPB-RC-T2,S260825-B3-CPB-RC-T3,3ª tentativa no canal sem resposta,RCS
2026-09-14,C0000368,S260825-B1-CPB-WA-T2,S260825-B1-CPB-WA-T3,3ª tentativa no canal sem resposta,WhatsApp
2026-09-14,C0000030,S260826-B1-CPB-AV-T3,S260826-B1-CPB-DC-T1,rotação de canal para Discador,Discador
2026-09-14,C0000195,S260826-M2-CPB-AV-T2,S260826-M2-CPA-AV-T1,contato no Agente virtual → CPC A,Agente virtual
2026-09-14,C0000228,S260826-M1-NCP-ND-G2,S260826-M1-CPA-RC-T1,contato no RCS → CPC A,RCS
2026-09-14,C0000039,S260827-B1-CPB-SM-T2,S260827-B1-CPB-SM-T3,3ª tentativa no canal sem resposta,SMS
2026-09-14,C0000378,S260827-M2-CPA-EM-T1,S260827-M2-CPB-EM-T1,sem resposta na ação de negociação → CPC B,E-mail
2026-09-14,C0000066,S260828-M1-NCP-ND-G1,S260828-M1-NCP-ND-G2,2º ciclo de giro,Automático
2026-09-14,C0000148,S260828-M2-NCP-ND-G1,S260828-M2-NCP-ND-G2,2º ciclo de giro,Automático
2026-09-14,C0000185,S260828-B2-NCP-ND-G1,S260828-B2-NCP-ND-G2,2º ciclo de giro,Automático
2026-09-14,C0000193,S260828-B3-CPB-SM-T1,S260828-B3-CPB-SM-T2,2ª tentativa no canal sem resposta,SMS
2026-09-14,C0000262,S260828-M1-CPB-SM-T1,S260828-M1-CPB-SM-T2,2ª tentativa no canal sem resposta,SMS
2026-09-14,C0000294,S260828-A1-NCP-ND-G1,S260828-A1-NCP-ND-G2,2º ciclo de giro,Automático
2026-09-14,C0000369,S260828-M3-NCP-ND-G1,S260828-M3-NCP-ND-G2,2º ciclo de giro,Automático
2026-09-14,C0000381,S260828-M3-NCP-ND-G1,S260828-M3-NCP-ND-G2,2º ciclo de giro,Automático
2026-09-14,C0000387,S260828-M1-CPB-AV-T1,S260828-M1-CPB-AV-T2,2ª tentativa no canal sem resposta,Agente virtual
2026-09-14,C0000036,S260829-M3-CPB-RC-T1,S260829-M3-CPB-RC-T2,2ª tentativa no canal sem resposta,RCS
2026-09-14,C0000105,S260829-B1-CPB-SM-T1,S260829-B1-CPB-SM-T2,2ª tentativa no canal sem resposta,SMS
2026-09-14,C0000265,S260829-A1-CPA-DC-T1,S260829-A1-CPB-DC-T1,sem resposta na ação de negociação → CPC B,Discador
2026-09-14,C0000310,S260829-A3-CPA-AV-T1,S260829-A3-CPB-AV-T1,sem resposta na ação de negociação → CPC B,Agente virtual
2026-09-14,C0000041,S260830-M3-CPB-AV-T1,S260830-M3-CPB-AV-T2,2ª tentativa no canal sem resposta,Agente virtual
2026-09-14,C0000062,S260830-A2-CPA-AV-T1,S260830-A2-CPB-AV-T1,sem resposta na ação de negociação → CPC B,Agente virtual
2026-09-14,C0000251,S260830-B3-CPA-RC-T1,S260830-B3-CPB-RC-T1,sem resposta na ação de negociação → CPC B,RCS
2026-09-14,C0000323,S260830-A1-CPB-AV-T1,S260830-A1-CPB-AV-T2,2ª tentativa no canal sem resposta,Agente virtual
2026-09-14,C0000335,S260830-A2-PRE-RC-D-2,S260830-A2-PRE-RC-D-1,parcela a vencer,Sist. acordos
2026-09-14,C0000064,S260831-A2-COL-RC,S260831-A2-PRE-RC-D-3,parcela a vencer,Sist. acordos
2026-09-14,C0000254,S260831-A1-CPA-WA-T1,S260831-A1-CPB-WA-T1,sem resposta na ação de negociação → CPC B,WhatsApp
2026-09-14,C0000380,S260831-M1-CPB-AV-T1,S260831-M1-CPB-AV-T2,2ª tentativa no canal sem resposta,Agente virtual
2026-09-14,C0000073,S260901-M1-NCP-ND-G1,S260901-M1-CPA-AV-T1,contato no Agente virtual → CPC A,Agente virtual
2026-09-14,C0000073,S260901-M1-CPA-AV-T1,S260901-M1-COL-AV,acordo ativo (colchão),Sist. acordos
2026-09-14,C0000366,S260901-M3-CPB-EM-T2,S260901-M3-CPB-EM-T3,3ª tentativa no canal sem resposta,E-mail
2026-09-15,C0000022,S260806-B2-COL-DC,S260806-B2-PRE-DC-D-3,parcela a vencer,Sist. acordos
2026-09-15,C0000189,S260808-B2-COL-DC,S260808-B2-PRE-DC-D-3,parcela a vencer,Sist. acordos
2026-09-15,C0000123,S260812-A1-PRE-DC-D-2,S260812-A1-COL-DC,acordo ativo (colchão),Sist. acordos
2026-09-15,C0000128,S260813-B1-NCP-ND-G3,S260813-B1-NCP-ND-RE,giro esgotado → aguarda re-enriquecimento,Automático
2026-09-15,C0000187,S260813-M1-NCP-ND-G3,S260813-M1-NCP-ND-RE,giro esgotado → aguarda re-enriquecimento,Automático
2026-09-15,C0000275,S260813-A2-NCP-ND-G3,S260813-A2-NCP-ND-RE,giro esgotado → aguarda re-enriquecimento,Automático
2026-09-15,C0000302,S260813-M2-NCP-ND-G3,S260813-M2-NCP-ND-RE,giro esgotado → aguarda re-enriquecimento,Automático
2026-09-15,C0000305,S260813-B3-NCP-ND-G3,S260813-B3-NCP-ND-RE,giro esgotado → aguarda re-enriquecimento,Automático
2026-09-15,C0000321,S260813-M3-NCP-ND-G3,S260813-M3-NCP-ND-RE,giro esgotado → aguarda re-enriquecimento,Automático
2026-09-15,C0000330,S260813-B1-NCP-ND-G3,S260813-B1-NCP-ND-RE,giro esgotado → aguarda re-enriquecimento,Automático
2026-09-15,C0000356,S260813-B1-NCP-ND-G3,S260813-B1-NCP-ND-RE,giro esgotado → aguarda re-enriquecimento,Automático
2026-09-15,C0000374,S260813-M3-NCP-ND-G3,S260813-M3-NCP-ND-RE,giro esgotado → aguarda re-enriquecimento,Automático
2026-09-15,C0000376,S260813-M2-NCP-ND-G3,S260813-M2-NCP-ND-RE,giro esgotado → aguarda re-enriquecimento,Automático
2026-09-15,C0000153,S260815-M2-PRE-RC-D-2,S260815-M2-COL-RC,acordo ativo (colchão),Sist. acordos
2026-09-15,C0000320,S260819-A2-NCP-ND-G3,S260819-A2-CPA-RC-T1,contato no RCS → CPC A,RCS
2026-09-15,C0000146,S260821-B1-NCP-ND-G2,S260821-B1-NCP-ND-G3,3º ciclo de giro,Automático
2026-09-15,C0000298,S260821-M3-NCP-ND-G2,S260821-M3-NCP-ND-G3,3º ciclo de giro,Automático
2026-09-15,C0000306,S260821-A1-QBR-DC-D4,S260821-A1-QBR-DC-D5,parcela vencida sem pagamento,Sist. acordos
2026-09-15,C0000322,S260821-M2-NCP-ND-G2,S260821-M2-NCP-ND-G3,3º ciclo de giro,Automático
2026-09-15,C0000313,S260822-A3-PRE-DC-D-3,S260822-A3-PRE-DC-D-2,parcela a vencer,Sist. acordos
2026-09-15,C0000003,S260829-M1-NCP-ND-G1,S260829-M1-NCP-ND-G2,2º ciclo de giro,Automático
2026-09-15,C0000005,S260829-A3-NCP-ND-G1,S260829-A3-NCP-ND-G2,2º ciclo de giro,Automático
2026-09-15,C0000037,S260829-M2-NCP-ND-G1,S260829-M2-NCP-ND-G2,2º ciclo de giro,Automático
2026-09-15,C0000142,S260829-B1-NCP-ND-G1,S260829-B1-NCP-ND-G2,2º ciclo de giro,Automático
2026-09-15,C0000370,S260829-M1-COL-RC,S260829-M1-PRE-RC-D-3,parcela a vencer,Sist. acordos
2026-09-15,C0000335,S260830-A2-PRE-RC-D-1,S260830-A2-COL-RC,acordo ativo (colchão),Sist. acordos
2026-09-15,C0000064,S260831-A2-PRE-RC-D-3,S260831-A2-LIQ-RC,acordo quitado,Sist. acordos
2026-09-16,C0000197,S260803-M2-CPB-AV-T2,S260803-M2-CPB-AV-T3,3ª tentativa no canal sem resposta,Agente virtual
2026-09-16,C0000300,S260803-M1-CPB-SM-T1,S260803-M1-CPB-SM-T2,2ª tentativa no canal sem resposta,SMS
2026-09-16,C0000347,S260803-M1-CPB-WA-T1,S260803-M1-CPB-WA-T2,2ª tentativa no canal sem resposta,WhatsApp
2026-09-16,C0000355,S260803-B2-CPB-SM-T1,S260803-B2-CPB-SM-T2,2ª tentativa no canal sem resposta,SMS
2026-09-16,C0000150,S260804-B2-CPB-DC-T2,S260804-B2-CPB-DC-T3,3ª tentativa no canal sem resposta,Discador
2026-09-16,C0000250,S260804-M1-CPB-WA-T3,S260804-M1-CPB-RC-T1,rotação de canal para RCS,RCS
2026-09-16,C0000293,S260804-B3-CPB-SM-T3,S260804-B3-CPB-WA-T1,rotação de canal para WhatsApp,WhatsApp
2026-09-16,C0000181,S260805-B2-CPB-DC-T3,S260805-B2-CPB-SM-T1,rotação de canal para SMS,SMS
2026-09-16,C0000283,S260805-B2-CPB-RC-T3,S260805-B2-CPB-AV-T1,rotação de canal para Agente virtual,Agente virtual
2026-09-16,C0000022,S260806-B2-PRE-DC-D-3,S260806-B2-COL-DC,acordo ativo (colchão),Sist. acordos
2026-09-16,C0000061,S260806-B2-CPA-RC-T1,S260806-B2-CPB-RC-T1,sem resposta na ação de negociação → CPC B,RCS
2026-09-16,C0000103,S260806-A2-CPB-RC-T2,S260806-A2-CPB-RC-T3,3ª tentativa no canal sem resposta,RCS
2026-09-16,C0000216,S260806-A2-CPB-SM-T3,S260806-A2-CPA-WA-T1,contato no WhatsApp → CPC A,WhatsApp
2026-09-16,C0000218,S260806-B2-CPB-DC-T1,S260806-B2-CPB-DC-T2,2ª tentativa no canal sem resposta,Discador
2026-09-16,C0000234,S260806-A2-CPB-WA-T1,S260806-A2-CPB-WA-T2,2ª tentativa no canal sem resposta,WhatsApp
2026-09-16,C0000261,S260806-M1-CPA-EM-T1,S260806-M1-CPB-EM-T1,sem resposta na ação de negociação → CPC B,E-mail
2026-09-16,C0000333,S260806-A2-CPB-SM-T1,S260806-A2-CPB-SM-T2,2ª tentativa no canal sem resposta,SMS
2026-09-16,C0000063,S260807-B2-CPB-WA-T3,S260807-B2-CPB-RC-T1,rotação de canal para RCS,RCS
2026-09-16,C0000069,S260807-M3-CPB-DC-T1,S260807-M3-CPB-DC-T2,2ª tentativa no canal sem resposta,Discador
2026-09-16,C0000144,S260807-M1-COL-AV,S260807-M1-PRE-AV-D-3,parcela a vencer,Sist. acordos
2026-09-16,C0000166,S260807-M2-CPB-SM-T2,S260807-M2-CPB-SM-T3,3ª tentativa no canal sem resposta,SMS
2026-09-16,C0000202,S260807-M1-CPB-AV-T2,S260807-M1-CPB-AV-T3,3ª tentativa no canal sem resposta,Agente virtual
2026-09-16,C0000202,S260807-M1-CPB-AV-T3,S260807-M1-NCP-ND-G1,esgotou os canais → Não CPC + re-enriquecimento,Automático
2026-09-16,C0000189,S260808-B2-PRE-DC-D-3,S260808-B2-PRE-DC-D-2,parcela a vencer,Sist. acordos
2026-09-16,C0000353,S260808-M3-COL-DC,S260808-M3-PRE-DC-D-3,parcela a vencer,Sist. acordos
2026-09-16,C0000295,S260809-M1-CPB-SM-T2,S260809-M1-CPB-SM-T3,3ª tentativa no canal sem resposta,SMS
2026-09-16,C0000107,S260810-M1-CPB-SM-T2,S260810-M1-CPB-SM-T3,3ª tentativa no canal sem resposta,SMS
2026-09-16,C0000311,S260810-B1-CPB-DC-T1,S260810-B1-CPB-DC-T2,2ª tentativa no canal sem resposta,Discador
2026-09-16,C0000359,S260810-B1-CPB-SM-T3,S260810-B1-CPA-WA-T1,contato no WhatsApp → CPC A,WhatsApp
2026-09-16,C0000050,S260811-A2-CPB-DC-T2,S260811-A2-CPB-DC-T3,3ª tentativa no canal sem resposta,Discador
2026-09-16,C0000111,S260811-A1-CPB-DC-T3,S260811-A1-CPB-SM-T1,rotação de canal para SMS,SMS
2026-09-16,C0000122,S260811-A1-CPB-WA-T2,S260811-A1-CPB-WA-T3,3ª tentativa no canal sem resposta,WhatsApp
2026-09-16,C0000384,S260811-B2-CPB-SM-T3,S260811-B2-CPB-WA-T1,rotação de canal para WhatsApp,WhatsApp
2026-09-16,C0000395,S260811-B1-CPB-AV-T2,S260811-B1-CPB-AV-T3,3ª tentativa no canal sem resposta,Agente virtual
2026-09-16,C0000106,S260812-B3-CPB-SM-T2,S260812-B3-CPB-SM-T3,3ª tentativa no canal sem resposta,SMS
2026-09-16,C0000106,S260812-B3-CPB-SM-T3,S260812-B3-NCP-ND-G1,esgotou os canais → Não CPC + re-enriquecimento,Automático
2026-09-16,C0000112,S260812-A2-CPB-AV-T1,S260812-A2-CPA-AV-T1,contato no Agente virtual → CPC A,Agente virtual
2026-09-16,C0000224,S260812-B1-CPB-AV-T3,S260812-B1-CPB-DC-T1,rotação de canal para Discador,Discador
2026-09-16,C0000367,S260812-B2-CPB-SM-T2,S260812-B2-CPB-SM-T3,3ª tentativa no canal sem resposta,SMS
2026-09-16,C0000016,S260813-M1-CPB-DC-T1,S260813-M1-CPB-DC-T2,2ª tentativa no canal sem resposta,Discador
2026-09-16,C0000145,S260813-A1-CPB-DC-T1,S260813-A1-CPB-DC-T2,2ª tentativa no canal sem resposta,Discador
2026-09-16,C0000232,S260813-A3-CPB-WA-T3,S260813-A3-CPA-RC-T1,contato no RCS → CPC A,RCS
2026-09-16,C0000324,S260813-M2-CPB-SM-T2,S260813-M2-CPB-SM-T3,3ª tentativa no canal sem resposta,SMS
2026-09-16,C0000048,S260814-M3-NCP-ND-G3,S260814-M3-NCP-ND-RE,giro esgotado → aguarda re-enriquecimento,Automático
2026-09-16,C0000081,S260814-A1-CPB-DC-T2,S260814-A1-CPB-DC-T3,3ª tentativa no canal sem resposta,Discador
2026-09-16,C0000091,S260814-A1-NCP-ND-G3,S260814-A1-NCP-ND-RE,giro esgotado → aguarda re-enriquecimento,Automático
2026-09-16,C0000116,S260814-A2-NCP-ND-G3,S260814-A2-NCP-ND-RE,giro esgotado → aguarda re-enriquecimento,Automático
2026-09-16,C0000120,S260814-M1-NCP-ND-G3,S260814-M1-NCP-ND-RE,giro esgotado → aguarda re-enriquecimento,Automático
2026-09-16,C0000191,S260814-B1-CPA-AV-T1,S260814-B1-CPB-AV-T1,sem resposta na ação de negociação → CPC B,Agente virtual
2026-09-16,C0000192,S260814-M1-NCP-ND-G3,S260814-M1-NCP-ND-RE,giro esgotado → aguarda re-enriquecimento,Automático
2026-09-16,C0000252,S260814-M2-CPB-SM-T2,S260814-M2-CPB-SM-T3,3ª tentativa no canal sem resposta,SMS
2026-09-16,C0000257,S260814-A1-NCP-ND-G3,S260814-A1-NCP-ND-RE,giro esgotado → aguarda re-enriquecimento,Automático
2026-09-16,C0000315,S260814-M2-NCP-ND-G3,S260814-M2-NCP-ND-RE,giro esgotado → aguarda re-enriquecimento,Automático
2026-09-16,C0000317,S260814-A3-NCP-ND-G3,S260814-A3-NCP-ND-RE,giro esgotado → aguarda re-enriquecimento,Automático
2026-09-16,C0000342,S260814-M2-CPB-SM-T3,S260814-M2-CPB-WA-T1,rotação de canal para WhatsApp,WhatsApp
2026-09-16,C0000040,S260815-B1-CPB-WA-T1,S260815-B1-CPB-WA-T2,2ª tentativa no canal sem resposta,WhatsApp
2026-09-16,C0000068,S260815-M2-CPB-RC-T3,S260815-M2-CPB-AV-T1,rotação de canal para Agente virtual,Agente virtual
2026-09-16,C0000133,S260815-M2-CPB-RC-T1,S260815-M2-CPB-RC-T2,2ª tentativa no canal sem resposta,RCS
2026-09-16,C0000196,S260815-B2-CPB-SM-T2,S260815-B2-CPB-SM-T3,3ª tentativa no canal sem resposta,SMS
2026-09-16,C0000099,S260816-M1-CPA-DC-T1,S260816-M1-CPB-DC-T1,sem resposta na ação de negociação → CPC B,Discador
2026-09-16,C0000108,S260816-B1-CPB-SM-T1,S260816-B1-CPB-SM-T2,2ª tentativa no canal sem resposta,SMS
2026-09-16,C0000223,S260816-M1-CPB-DC-T2,S260816-M1-CPB-DC-T3,3ª tentativa no canal sem resposta,Discador
2026-09-16,C0000358,S260816-B3-CPB-RC-T1,S260816-B3-CPB-RC-T2,2ª tentativa no canal sem resposta,RCS
2026-09-16,C0000393,S260816-M1-CPB-DC-T3,S260816-M1-CPB-SM-T1,rotação de canal para SMS,SMS
2026-09-16,C0000051,S260817-A3-CPB-EM-T2,S260817-A3-CPB-EM-T3,3ª tentativa no canal sem resposta,E-mail
2026-09-16,C0000110,S260818-M1-CPB-AV-T3,S260818-M1-CPB-DC-T1,rotação de canal para Discador,Discador
2026-09-16,C0000132,S260818-A2-CPB-SM-T1,S260818-A2-CPB-SM-T2,2ª tentativa no canal sem resposta,SMS
2026-09-16,C0000149,S260818-M2-CPB-SM-T1,S260818-M2-CPB-SM-T2,2ª tentativa no canal sem resposta,SMS
2026-09-16,C0000204,S260818-M1-CPB-AV-T3,S260818-M1-CPB-DC-T1,rotação de canal para Discador,Discador
2026-09-16,C0000231,S260818-M3-CPB-DC-T1,S260818-M3-CPB-DC-T2,2ª tentativa no canal sem resposta,Discador
2026-09-16,C0000248,S260818-M2-CPB-AV-T2,S260818-M2-CPB-AV-T3,3ª tentativa no canal sem resposta,Agente virtual
2026-09-16,C0000014,S260819-A3-CPA-WA-T1,S260819-A3-CPB-WA-T1,sem resposta na ação de negociação → CPC B,WhatsApp
2026-09-16,C0000011,S260820-B1-CPB-WA-T1,S260820-B1-CPB-WA-T2,2ª tentativa no canal sem resposta,WhatsApp
2026-09-16,C0000032,S260820-B2-CPB-WA-T1,S260820-B2-CPB-WA-T2,2ª tentativa no canal sem resposta,WhatsApp
2026-09-16,C0000143,S260820-B2-CPB-RC-T3,S260820-B2-CPB-AV-T1,rotação de canal para Agente virtual,Agente virtual
2026-09-16,C0000180,S260820-B1-CPB-WA-T2,S260820-B1-CPB-WA-T3,3ª tentativa no canal sem resposta,WhatsApp
2026-09-16,C0000207,S260820-B3-CPB-RC-T3,S260820-B3-CPB-SM-T1,rotação de canal para SMS,SMS
2026-09-16,C0000253,S260820-A1-CPB-SM-T2,S260820-A1-CPB-SM-T3,3ª tentativa no canal sem resposta,SMS
2026-09-16,C0000018,S260821-B2-CPB-AV-T3,S260821-B2-CPB-DC-T1,rotação de canal para Discador,Discador
2026-09-16,C0000033,S260821-M3-CPB-WA-T1,S260821-M3-CPB-RC-T1,rotação de canal para RCS,RCS
2026-09-16,C0000035,S260821-M3-CPB-DC-T1,S260821-M3-CPB-DC-T2,2ª tentativa no canal sem resposta,Discador
2026-09-16,C0000053,S260821-B1-CPB-SM-T2,S260821-B1-CPB-SM-T3,3ª tentativa no canal sem resposta,SMS
2026-09-16,C0000121,S260821-M1-CPB-DC-T1,S260821-M1-CPB-DC-T2,2ª tentativa no canal sem resposta,Discador
2026-09-16,C0000236,S260821-A1-CPB-AV-T3,S260821-A1-CPB-DC-T1,rotação de canal para Discador,Discador
2026-09-16,C0000306,S260821-A1-QBR-DC-D5,S260821-A1-CPA-DC-T1,D+6 da quebra sem pagamento → volta ao estoque como CPC A,Sist. acordos
2026-09-16,C0000306,S260821-A1-CPA-DC-T1,S260821-A1-CPB-DC-T1,sem resposta na ação de negociação → CPC B,Discador
2026-09-16,C0000042,S260822-B1-NCP-ND-G2,S260822-B1-NCP-ND-G3,3º ciclo de giro,Automático
2026-09-16,C0000086,S260822-A3-NCP-ND-G2,S260822-A3-NCP-ND-G3,3º ciclo de giro,Automático
2026-09-16,C0000095,S260822-M1-NCP-ND-G2,S260822-M1-NCP-ND-G3,3º ciclo de giro,Automático
2026-09-16,C0000124,S260822-B1-CPA-AV-T1,S260822-B1-CPB-AV-T1,sem resposta na ação de negociação → CPC B,Agente virtual
2026-09-16,C0000135,S260822-B3-NCP-ND-G2,S260822-B3-NCP-ND-G3,3º ciclo de giro,Automático
2026-09-16,C0000157,S260822-B1-NCP-ND-G2,S260822-B1-NCP-ND-G3,3º ciclo de giro,Automático
2026-09-16,C0000199,S260822-A3-NCP-ND-G2,S260822-A3-NCP-ND-G3,3º ciclo de giro,Automático
2026-09-16,C0000237,S260822-A2-NCP-ND-G2,S260822-A2-NCP-ND-G3,3º ciclo de giro,Automático
2026-09-16,C0000313,S260822-A3-PRE-DC-D-2,S260822-A3-COL-DC,acordo ativo (colchão),Sist. acordos
2026-09-16,C0000339,S260822-B2-NCP-ND-G2,S260822-B2-NCP-ND-G3,3º ciclo de giro,Automático
2026-09-16,C0000341,S260822-A1-NCP-ND-G2,S260822-A1-NCP-ND-G3,3º ciclo de giro,Automático
2026-09-16,C0000259,S260823-B1-CPB-RC-T1,S260823-B1-CPB-RC-T2,2ª tentativa no canal sem resposta,RCS
2026-09-16,C0000345,S260823-A1-CPB-RC-T1,S260823-A1-CPB-RC-T2,2ª tentativa no canal sem resposta,RCS
2026-09-16,C0000100,S260824-A1-CPB-DC-T1,S260824-A1-CPB-DC-T2,2ª tentativa no canal sem resposta,Discador
2026-09-16,C0000141,S260824-A3-CPB-DC-T1,S260824-A3-CPB-DC-T2,2ª tentativa no canal sem resposta,Discador
2026-09-16,C0000165,S260824-M2-CPA-AV-T1,S260824-M2-CPB-AV-T1,sem resposta na ação de negociação → CPC B,Agente virtual
2026-09-16,C0000297,S260824-A3-CPA-DC-T1,S260824-A3-CPB-DC-T1,sem resposta na ação de negociação → CPC B,Discador
2026-09-16,C0000243,S260825-B3-CPB-RC-T3,S260825-B3-CPB-SM-T1,rotação de canal para SMS,SMS
2026-09-16,C0000368,S260825-B1-CPB-WA-T3,S260825-B1-CPA-RC-T1,contato no RCS → CPC A,RCS
2026-09-16,C0000368,S260825-B1-CPA-RC-T1,S260825-B1-COL-RC,acordo ativo (colchão),Sist. acordos
2026-09-16,C0000030,S260826-B1-CPB-DC-T1,S260826-B1-CPB-DC-T2,2ª tentativa no canal sem resposta,Discador
2026-09-16,C0000195,S260826-M2-CPA-AV-T1,S260826-M2-CPB-AV-T1,sem resposta na ação de negociação → CPC B,Agente virtual
2026-09-16,C0000228,S260826-M1-CPA-RC-T1,S260826-M1-CPB-RC-T1,sem resposta na ação de negociação → CPC B,RCS
2026-09-16,C0000007,S260827-M1-COL-AV,S260827-M1-PRE-AV-D-3,parcela a vencer,Sist. acordos
2026-09-16,C0000039,S260827-B1-CPB-SM-T3,S260827-B1-CPB-WA-T1,rotação de canal para WhatsApp,WhatsApp
2026-09-16,C0000378,S260827-M2-CPB-EM-T1,S260827-M2-CPB-EM-T2,2ª tentativa no canal sem resposta,E-mail
2026-09-16,C0000193,S260828-B3-CPB-SM-T2,S260828-B3-CPB-SM-T3,3ª tentativa no canal sem resposta,SMS
2026-09-16,C0000262,S260828-M1-CPB-SM-T2,S260828-M1-CPB-SM-T3,3ª tentativa no canal sem resposta,SMS
2026-09-16,C0000387,S260828-M1-CPB-AV-T2,S260828-M1-CPB-AV-T3,3ª tentativa no canal sem resposta,Agente virtual
2026-09-16,C0000036,S260829-M3-CPB-RC-T2,S260829-M3-CPB-RC-T3,3ª tentativa no canal sem resposta,RCS
2026-09-16,C0000105,S260829-B1-CPB-SM-T2,S260829-B1-CPB-SM-T3,3ª tentativa no canal sem resposta,SMS
2026-09-16,C0000265,S260829-A1-CPB-DC-T1,S260829-A1-CPB-DC-T2,2ª tentativa no canal sem resposta,Discador
2026-09-16,C0000310,S260829-A3-CPB-AV-T1,S260829-A3-CPA-AV-T1,contato no Agente virtual → CPC A,Agente virtual
2026-09-16,C0000370,S260829-M1-PRE-RC-D-3,S260829-M1-PRE-RC-D-2,parcela a vencer,Sist. acordos
2026-09-16,C0000017,S260830-B1-NCP-ND-G1,S260830-B1-NCP-ND-G2,2º ciclo de giro,Automático
2026-09-16,C0000041,S260830-M3-CPB-AV-T2,S260830-M3-CPA-DC-T1,contato no Discador → CPC A,Discador
2026-09-16,C0000041,S260830-M3-CPA-DC-T1,S260830-M3-COL-DC,acordo ativo (colchão),Sist. acordos
2026-09-16,C0000043,S260830-M2-NCP-ND-G1,S260830-M2-NCP-ND-G2,2º ciclo de giro,Automático
2026-09-16,C0000062,S260830-A2-CPB-AV-T1,S260830-A2-CPB-AV-T2,2ª tentativa no canal sem resposta,Agente virtual
2026-09-16,C0000134,S260830-M3-COL-AV,S260830-M3-PRE-AV-D-3,parcela a vencer,Sist. acordos
2026-09-16,C0000174,S260830-A1-NCP-ND-G1,S260830-A1-NCP-ND-G2,2º ciclo de giro,Automático
2026-09-16,C0000238,S260830-M1-NCP-ND-G1,S260830-M1-NCP-ND-G2,2º ciclo de giro,Automático
2026-09-16,C0000251,S260830-B3-CPB-RC-T1,S260830-B3-CPB-RC-T2,2ª tentativa no canal sem resposta,RCS
2026-09-16,C0000260,S260830-A3-NCP-ND-G1,S260830-A3-NCP-ND-G2,2º ciclo de giro,Automático
2026-09-16,C0000323,S260830-A1-CPB-AV-T2,S260830-A1-CPA-AV-T1,contato no Agente virtual → CPC A,Agente virtual
2026-09-16,C0000254,S260831-A1-CPB-WA-T1,S260831-A1-CPA-WA-T1,contato no WhatsApp → CPC A,WhatsApp
2026-09-16,C0000380,S260831-M1-CPB-AV-T2,S260831-M1-CPA-AV-T1,contato no Agente virtual → CPC A,Agente virtual
2026-09-16,C0000073,S260901-M1-COL-AV,S260901-M1-PRE-AV-D-3,parcela a vencer,Sist. acordos
2026-09-16,C0000366,S260901-M3-CPB-EM-T3,S260901-M3-CPB-RC-T1,rotação de canal para RCS,RCS
2026-09-16,C0000399,S260901-B1-COL-RC,S260901-B1-PRE-RC-D-3,parcela a vencer,Sist. acordos
